family,family_dir,split,train_config,task,axis,variant,budget,seed,eval_config,rollout_count,success_rate_at_0p5cm,success_rate_at_1cm,success_rate_at_2cm,success_rate_at_5cm,mean_best_distance,mean_final_distance
Scratch CNN,bc_128px_v1,id,avoid_spatial_wide,avoid_reach,spatial_distribution,wide_train,50,2,avoid_spatial_wide,150,0.0,0.006666666666666667,0.23333333333333334,0.54,0.06557761748010914,0.3537874876956145
Scratch CNN,bc_128px_v1,id,camera_multi_pose,reach,camera_location_viewpoint,diverse_train,5,0,camera_multi_pose,150,0.0,1.0,1.0,1.0,0.008983899814387162,0.27034037093321484
Scratch CNN,bc_128px_v1,id,camera_fixed,reach,camera_location_viewpoint,fixed_train,20,1,camera_fixed,150,0.0,1.0,1.0,1.0,0.006896995473653078,0.02169713005423546
Scratch CNN,bc_128px_v1,id,avoid_camera_multi_pose,avoid_reach,camera_location_viewpoint,diverse_train,50,2,avoid_camera_multi_pose,150,0.0,0.0,0.0,1.0,0.025246837412317594,1.1973647753397623
Scratch CNN,bc_128px_v1,id,avoid_lighting_fixed,avoid_reach,lighting_direction_intensity,fixed_train,5,0,avoid_lighting_fixed,150,0.0,1.0,1.0,1.0,0.008788717910647392,0.6014371514320374
Scratch CNN,bc_128px_v1,id,lighting_fixed,reach,lighting_direction_intensity,fixed_train,50,0,lighting_fixed,150,1.0,1.0,1.0,1.0,0.0012199819320812821,0.03676559403538704
Scratch CNN,bc_128px_v1,id,avoid_lighting_fixed,avoid_reach,lighting_direction_intensity,fixed_train,50,0,avoid_lighting_fixed,150,0.0,0.0,0.0,1.0,0.02050137333571911,1.019129991531372
Scratch CNN,bc_128px_v1,id,spatial_wide,reach,spatial_distribution,wide_train,5,0,spatial_wide,150,0.006666666666666667,0.013333333333333334,0.06,0.16,0.10772376214154064,0.17353718808541696
Scratch CNN,bc_128px_v1,id,spatial_narrow,reach,spatial_distribution,narrow_train,50,1,spatial_narrow,150,0.006666666666666667,0.09333333333333334,0.5333333333333333,0.7533333333333333,0.03249832324140395,0.07851348917388047
Scratch CNN,bc_128px_v1,id,avoid_color_red_only,avoid_reach,color,fixed_train,50,1,avoid_color_red_only,150,0.0,0.0,1.0,1.0,0.0156676284968853,0.6562272310256958
Scratch CNN,bc_128px_v1,id,color_red_only,reach,color,fixed_train,50,0,color_red_only,150,1.0,1.0,1.0,1.0,0.0009739762754179537,0.0009739762754179537
Scratch CNN,bc_128px_v1,id,avoid_lighting_diverse,avoid_reach,lighting_direction_intensity,diverse_train,20,2,avoid_lighting_diverse,150,0.0,0.0,1.0,1.0,0.014743647066255411,0.5616913906733195
Scratch CNN,bc_128px_v1,id,camera_multi_pose,reach,camera_location_viewpoint,diverse_train,20,1,camera_multi_pose,150,0.0,1.0,1.0,1.0,0.009698718897998332,0.21648160606622696
Scratch CNN,bc_128px_v1,id,avoid_color_red_only,avoid_reach,color,fixed_train,5,1,avoid_color_red_only,150,0.0,0.0,1.0,1.0,0.019668705761432648,0.5130672454833984
Scratch CNN,bc_128px_v1,id,camera_fixed,reach,camera_location_viewpoint,fixed_train,50,0,camera_fixed,150,1.0,1.0,1.0,1.0,0.0012446660548448563,0.02286805957555771
Scratch CNN,bc_128px_v1,id,lighting_diverse,reach,lighting_direction_intensity,diverse_train,20,2,lighting_diverse,150,0.0,0.0,1.0,1.0,0.012311485192428032,0.07244539498041073
Scratch CNN,bc_128px_v1,id,avoid_camera_fixed,avoid_reach,camera_location_viewpoint,fixed_train,5,1,avoid_camera_fixed,150,0.0,0.0,1.0,1.0,0.018956279382109642,0.5464298725128174
Scratch CNN,bc_128px_v1,id,color_multi,reach,color,diverse_train,5,0,color_multi,150,1.0,1.0,1.0,1.0,0.004229994670798381,0.2366793026526769
Scratch CNN,bc_128px_v1,id,lighting_fixed,reach,lighting_direction_intensity,fixed_train,20,1,lighting_fixed,150,0.0,0.0,1.0,1.0,0.011165112257003784,0.20498676598072052
Scratch CNN,bc_128px_v1,id,avoid_lighting_diverse,avoid_reach,lighting_direction_intensity,diverse_train,20,0,avoid_lighting_diverse,150,0.0,0.0,0.0,1.0,0.022835640236735344,1.0689254450798034
Scratch CNN,bc_128px_v1,id,avoid_lighting_diverse,avoid_reach,lighting_direction_intensity,diverse_train,5,1,avoid_lighting_diverse,150,0.0,0.0,0.0,1.0,0.02690404896934827,0.51615669409434
Scratch CNN,bc_128px_v1,id,spatial_narrow,reach,spatial_distribution,narrow_train,20,0,spatial_narrow,150,0.02666666666666667,0.06666666666666667,0.18666666666666668,0.48,0.05871141510045466,0.16751373550039717
Scratch CNN,bc_128px_v1,id,avoid_camera_multi_pose,avoid_reach,camera_location_viewpoint,diverse_train,5,2,avoid_camera_multi_pose,150,0.0,0.0,0.0,1.0,0.036254221200942995,0.5164897747834524
Scratch CNN,bc_128px_v1,id,color_red_only,reach,color,fixed_train,20,1,color_red_only,150,0.0,1.0,1.0,1.0,0.007402104791253805,0.16592617332935333
Scratch CNN,bc_128px_v1,id,camera_multi_pose,reach,camera_location_viewpoint,diverse_train,20,2,camera_multi_pose,150,0.0,0.06666666666666667,1.0,1.0,0.010653908848762512,0.025450930409133436
Scratch CNN,bc_128px_v1,id,avoid_color_red_only,avoid_reach,color,fixed_train,20,1,avoid_color_red_only,150,0.0,0.0,1.0,1.0,0.014517686329782009,1.0530387163162231
Scratch CNN,bc_128px_v1,id,camera_multi_pose,reach,camera_location_viewpoint,diverse_train,50,0,camera_multi_pose,150,1.0,1.0,1.0,1.0,0.004283860800787806,0.022720522445937
Scratch CNN,bc_128px_v1,id,avoid_camera_fixed,avoid_reach,camera_location_viewpoint,fixed_train,50,0,avoid_camera_fixed,150,0.0,0.0,1.0,1.0,0.018098032101988792,0.9148772358894348
Scratch CNN,bc_128px_v1,id,spatial_wide,reach,spatial_distribution,wide_train,50,0,spatial_wide,150,0.02666666666666667,0.08,0.25333333333333335,0.42,0.06599263455718755,0.18034275074799855
Scratch CNN,bc_128px_v1,id,avoid_camera_fixed,avoid_reach,camera_location_viewpoint,fixed_train,20,1,avoid_camera_fixed,150,0.0,0.0,0.0,1.0,0.028839683160185814,1.1571484804153442
Scratch CNN,bc_128px_v1,id,lighting_diverse,reach,lighting_direction_intensity,diverse_train,5,1,lighting_diverse,150,0.0,0.0,1.0,1.0,0.01493311632424593,0.23179357486466567
Scratch CNN,bc_128px_v1,id,spatial_wide,reach,spatial_distribution,wide_train,20,1,spatial_wide,150,0.03333333333333333,0.08666666666666667,0.20666666666666667,0.5533333333333333,0.06660601797824105,0.19698633309453725
Scratch CNN,bc_128px_v1,id,lighting_diverse,reach,lighting_direction_intensity,diverse_train,50,2,lighting_diverse,150,0.0,1.0,1.0,1.0,0.007393909351279338,0.05372924512873093
Scratch CNN,bc_128px_v1,id,camera_fixed,reach,camera_location_viewpoint,fixed_train,5,0,camera_fixed,150,0.0,0.0,0.0,1.0,0.026786908507347107,0.26927095651626587
Scratch CNN,bc_128px_v1,id,spatial_narrow,reach,spatial_distribution,narrow_train,5,2,spatial_narrow,150,0.0,0.0,0.07333333333333333,0.5533333333333333,0.04850936019793153,0.2476387486855189
Scratch CNN,bc_128px_v1,id,avoid_lighting_fixed,avoid_reach,lighting_direction_intensity,fixed_train,20,0,avoid_lighting_fixed,150,0.0,0.0,0.0,1.0,0.027389785274863243,1.0984948873519897
Scratch CNN,bc_128px_v1,id,avoid_color_multi,avoid_reach,color,diverse_train,20,1,avoid_color_multi,150,0.0,0.0,1.0,1.0,0.012249544064203899,0.620456463098526
Scratch CNN,bc_128px_v1,id,avoid_spatial_wide,avoid_reach,spatial_distribution,wide_train,5,2,avoid_spatial_wide,150,0.0,0.0,0.03333333333333333,0.38,0.08140177960197131,0.1892041543374459
Scratch CNN,bc_128px_v1,id,spatial_wide,reach,spatial_distribution,wide_train,20,2,spatial_wide,150,0.02,0.06,0.3333333333333333,0.49333333333333335,0.06404872198201095,0.19406019980708758
Scratch CNN,bc_128px_v1,id,avoid_camera_multi_pose,avoid_reach,camera_location_viewpoint,diverse_train,20,2,avoid_camera_multi_pose,150,0.0,0.0,1.0,1.0,0.01740645950039228,1.0637386155128479
Scratch CNN,bc_128px_v1,id,avoid_color_multi,avoid_reach,color,diverse_train,5,0,avoid_color_multi,150,0.0,1.0,1.0,1.0,0.007954545076936484,0.5340309536457062
Scratch CNN,bc_128px_v1,id,avoid_lighting_diverse,avoid_reach,lighting_direction_intensity,diverse_train,5,2,avoid_lighting_diverse,150,0.0,0.0,0.0,1.0,0.027014992920060953,0.5786908992131551
Scratch CNN,bc_128px_v1,id,avoid_color_red_only,avoid_reach,color,fixed_train,20,2,avoid_color_red_only,150,0.0,0.0,1.0,1.0,0.015039774589240551,1.0772631168365479
Scratch CNN,bc_128px_v1,id,avoid_spatial_narrow,avoid_reach,spatial_distribution,narrow_train,20,0,avoid_spatial_narrow,150,0.0,0.0,0.0,0.38666666666666666,0.07088721252977848,0.2871422756711642
Scratch CNN,bc_128px_v1,id,avoid_spatial_wide,avoid_reach,spatial_distribution,wide_train,20,2,avoid_spatial_wide,150,0.0,0.02666666666666667,0.14,0.4866666666666667,0.06420235001482069,0.5283659771084785
Scratch CNN,bc_128px_v1,id,lighting_fixed,reach,lighting_direction_intensity,fixed_train,50,2,lighting_fixed,150,0.0,1.0,1.0,1.0,0.007178441621363163,0.1334300935268402
Scratch CNN,bc_128px_v1,id,color_red_only,reach,color,fixed_train,50,2,color_red_only,150,0.0,1.0,1.0,1.0,0.006046975497156382,0.011065185070037842
Scratch CNN,bc_128px_v1,id,color_multi,reach,color,diverse_train,5,1,color_multi,150,0.0,1.0,1.0,1.0,0.00752389763481915,0.3385919723908106
Scratch CNN,bc_128px_v1,id,avoid_lighting_diverse,avoid_reach,lighting_direction_intensity,diverse_train,20,1,avoid_lighting_diverse,150,0.0,0.0,0.0,1.0,0.024525697467227776,0.9572922233740488
Scratch CNN,bc_128px_v1,id,camera_fixed,reach,camera_location_viewpoint,fixed_train,20,2,camera_fixed,150,0.0,0.0,1.0,1.0,0.010054309852421284,0.02297358214855194
Scratch CNN,bc_128px_v1,id,spatial_narrow,reach,spatial_distribution,narrow_train,20,2,spatial_narrow,150,0.0,0.013333333333333334,0.5133333333333333,0.6533333333333333,0.03924393446184695,0.11568288044383128
Scratch CNN,bc_128px_v1,id,lighting_diverse,reach,lighting_direction_intensity,diverse_train,5,0,lighting_diverse,150,0.0,0.0,0.0,1.0,0.022639748168488343,0.27264286736647286
Scratch CNN,bc_128px_v1,id,avoid_camera_fixed,avoid_reach,camera_location_viewpoint,fixed_train,20,0,avoid_camera_fixed,150,0.0,1.0,1.0,1.0,0.005254202056676149,0.7800842523574829
Scratch CNN,bc_128px_v1,id,avoid_color_multi,avoid_reach,color,diverse_train,50,0,avoid_color_multi,150,0.0,0.0,1.0,1.0,0.014779941644519567,0.9100397475560507
Scratch CNN,bc_128px_v1,id,color_multi,reach,color,diverse_train,5,2,color_multi,150,0.0,0.0,1.0,1.0,0.01966935854405165,0.26104780654112497
Scratch CNN,bc_128px_v1,id,avoid_lighting_diverse,avoid_reach,lighting_direction_intensity,diverse_train,5,0,avoid_lighting_diverse,150,0.0,0.0,1.0,1.0,0.010480377885202567,0.567603219350179
Scratch CNN,bc_128px_v1,id,avoid_camera_fixed,avoid_reach,camera_location_viewpoint,fixed_train,50,1,avoid_camera_fixed,150,0.0,0.0,1.0,1.0,0.012871206738054752,0.7170063257217407
Scratch CNN,bc_128px_v1,id,lighting_fixed,reach,lighting_direction_intensity,fixed_train,5,1,lighting_fixed,150,0.0,0.0,1.0,1.0,0.014219888485968113,0.024500032886862755
Scratch CNN,bc_128px_v1,id,avoid_color_multi,avoid_reach,color,diverse_train,20,2,avoid_color_multi,150,0.0,0.0,1.0,1.0,0.019577131755650044,0.9055783263842265
Scratch CNN,bc_128px_v1,id,avoid_camera_fixed,avoid_reach,camera_location_viewpoint,fixed_train,5,0,avoid_camera_fixed,150,0.0,1.0,1.0,1.0,0.00756295770406723,0.5466386079788208
Scratch CNN,bc_128px_v1,id,avoid_color_red_only,avoid_reach,color,fixed_train,50,2,avoid_color_red_only,150,0.0,0.0,0.0,1.0,0.02029736340045929,0.9616236090660095
Scratch CNN,bc_128px_v1,id,avoid_spatial_narrow,avoid_reach,spatial_distribution,narrow_train,5,0,avoid_spatial_narrow,150,0.02666666666666667,0.06666666666666667,0.13333333333333333,0.32,0.07905696416079687,0.4984186975607493
Scratch CNN,bc_128px_v1,id,avoid_color_red_only,avoid_reach,color,fixed_train,5,2,avoid_color_red_only,150,0.0,0.0,0.0,1.0,0.035033825784921646,0.5299871563911438
Scratch CNN,bc_128px_v1,id,spatial_narrow,reach,spatial_distribution,narrow_train,5,0,spatial_narrow,150,0.02,0.06,0.22,0.5466666666666666,0.043575838385149834,0.2697682312130928
Scratch CNN,bc_128px_v1,id,color_red_only,reach,color,fixed_train,5,1,color_red_only,150,1.0,1.0,1.0,1.0,0.00402351887896657,0.32107388973236084
Scratch CNN,bc_128px_v1,id,avoid_spatial_narrow,avoid_reach,spatial_distribution,narrow_train,50,0,avoid_spatial_narrow,150,0.0,0.0,0.03333333333333333,0.7,0.04648464418947697,0.24131274660428365
Scratch CNN,bc_128px_v1,id,lighting_diverse,reach,lighting_direction_intensity,diverse_train,20,0,lighting_diverse,150,0.0,1.0,1.0,1.0,0.00887015093738834,0.1618152036269506
Scratch CNN,bc_128px_v1,id,avoid_lighting_fixed,avoid_reach,lighting_direction_intensity,fixed_train,20,2,avoid_lighting_fixed,150,0.0,0.0,1.0,1.0,0.017439192160964012,0.5874841809272766
Scratch CNN,bc_128px_v1,id,avoid_color_multi,avoid_reach,color,diverse_train,50,1,avoid_color_multi,150,0.0,0.0,1.0,1.0,0.016019136669735114,1.0270438798268635
Scratch CNN,bc_128px_v1,id,camera_fixed,reach,camera_location_viewpoint,fixed_train,5,1,camera_fixed,150,0.0,1.0,1.0,1.0,0.005293755792081356,0.3169441223144531
Scratch CNN,bc_128px_v1,id,spatial_wide,reach,spatial_distribution,wide_train,20,0,spatial_wide,150,0.013333333333333334,0.04,0.18,0.3466666666666667,0.10307806921812396,0.26081894282251594
Scratch CNN,bc_128px_v1,id,color_red_only,reach,color,fixed_train,5,0,color_red_only,150,0.0,0.0,1.0,1.0,0.010178153403103352,0.26941579580307007
Scratch CNN,bc_128px_v1,id,spatial_narrow,reach,spatial_distribution,narrow_train,5,1,spatial_narrow,150,0.006666666666666667,0.06666666666666667,0.26,0.56,0.05446849151980132,0.1589663542310397
Scratch CNN,bc_128px_v1,id,lighting_fixed,reach,lighting_direction_intensity,fixed_train,5,0,lighting_fixed,150,0.0,0.0,1.0,1.0,0.015287925489246845,0.26657435297966003
Scratch CNN,bc_128px_v1,id,avoid_spatial_narrow,avoid_reach,spatial_distribution,narrow_train,20,1,avoid_spatial_narrow,150,0.0,0.0,0.02,0.4866666666666667,0.05855808941026529,0.26722779820362724
Scratch CNN,bc_128px_v1,id,spatial_wide,reach,spatial_distribution,wide_train,50,1,spatial_wide,150,0.02666666666666667,0.09333333333333334,0.43333333333333335,0.7933333333333333,0.0338127426779829,0.06532507132117947
Scratch CNN,bc_128px_v1,id,avoid_color_multi,avoid_reach,color,diverse_train,5,2,avoid_color_multi,150,0.0,0.0,0.0,1.0,0.0318954377869765,0.5301321534315745
Scratch CNN,bc_128px_v1,id,avoid_camera_fixed,avoid_reach,camera_location_viewpoint,fixed_train,50,2,avoid_camera_fixed,150,0.0,0.0,1.0,1.0,0.019981026649475098,0.9963139891624451
Scratch CNN,bc_128px_v1,id,color_red_only,reach,color,fixed_train,20,2,color_red_only,150,0.0,0.0,1.0,1.0,0.010257340036332607,0.022915389388799667
Scratch CNN,bc_128px_v1,id,avoid_camera_multi_pose,avoid_reach,camera_location_viewpoint,diverse_train,50,0,avoid_camera_multi_pose,150,0.0,0.0,0.0,0.0,0.21120439738035202,0.5118915975093842
Scratch CNN,bc_128px_v1,id,avoid_camera_multi_pose,avoid_reach,camera_location_viewpoint,diverse_train,20,1,avoid_camera_multi_pose,150,0.0,0.0,0.0,1.0,0.02459708705544472,1.1209007636706034
Scratch CNN,bc_128px_v1,id,lighting_diverse,reach,lighting_direction_intensity,diverse_train,50,0,lighting_diverse,150,1.0,1.0,1.0,1.0,0.003139804328481356,0.12812285095453263
Scratch CNN,bc_128px_v1,id,color_multi,reach,color,diverse_train,20,1,color_multi,150,0.0,0.7933333333333333,1.0,1.0,0.009571887937684855,0.27360215385754905
Scratch CNN,bc_128px_v1,id,lighting_fixed,reach,lighting_direction_intensity,fixed_train,20,2,lighting_fixed,150,0.0,0.0,1.0,1.0,0.016255998983979225,0.2466086894273758
Scratch CNN,bc_128px_v1,id,color_multi,reach,color,diverse_train,50,0,color_multi,150,1.0,1.0,1.0,1.0,0.0017310482892207801,0.02125146210193634
Scratch CNN,bc_128px_v1,id,avoid_spatial_narrow,avoid_reach,spatial_distribution,narrow_train,50,1,avoid_spatial_narrow,150,0.04,0.06666666666666667,0.13333333333333333,0.36,0.06529370238694052,0.2065252361446619
Scratch CNN,bc_128px_v1,id,spatial_narrow,reach,spatial_distribution,narrow_train,50,2,spatial_narrow,150,0.05333333333333334,0.15333333333333332,0.36666666666666664,0.6,0.042588735154519476,0.21082882492492597
Scratch CNN,bc_128px_v1,id,avoid_spatial_wide,avoid_reach,spatial_distribution,wide_train,5,1,avoid_spatial_wide,150,0.0,0.07333333333333333,0.20666666666666667,0.43333333333333335,0.079526377239575,0.296215698402375
Scratch CNN,bc_128px_v1,id,camera_fixed,reach,camera_location_viewpoint,fixed_train,50,1,camera_fixed,150,1.0,1.0,1.0,1.0,0.004048858303576708,0.02429162710905075
Scratch CNN,bc_128px_v1,id,avoid_spatial_narrow,avoid_reach,spatial_distribution,narrow_train,5,1,avoid_spatial_narrow,150,0.0,0.0,0.12666666666666668,0.66,0.045248211001356446,0.464232989748319
Scratch CNN,bc_128px_v1,id,avoid_lighting_diverse,avoid_reach,lighting_direction_intensity,diverse_train,50,1,avoid_lighting_diverse,150,0.0,0.0,0.38,1.0,0.020028906725347042,0.9090272343158722
Scratch CNN,bc_128px_v1,id,spatial_wide,reach,spatial_distribution,wide_train,5,1,spatial_wide,150,0.0,0.0,0.07333333333333333,0.20666666666666667,0.09818805021544298,0.3240450860808293
Scratch CNN,bc_128px_v1,id,avoid_lighting_fixed,avoid_reach,lighting_direction_intensity,fixed_train,50,2,avoid_lighting_fixed,150,0.0,0.0,0.0,1.0,0.02166060358285904,0.565626859664917
Scratch CNN,bc_128px_v1,id,avoid_camera_multi_pose,avoid_reach,camera_location_viewpoint,diverse_train,5,0,avoid_camera_multi_pose,150,0.0,0.0,1.0,1.0,0.012661476352562507,0.5809062345822652
Scratch CNN,bc_128px_v1,id,avoid_color_multi,avoid_reach,color,diverse_train,20,0,avoid_color_multi,150,0.0,0.0,0.0,1.0,0.02476711937536796,1.0802337630589802
Scratch CNN,bc_128px_v1,id,avoid_lighting_fixed,avoid_reach,lighting_direction_intensity,fixed_train,5,2,avoid_lighting_fixed,150,0.0,0.0,0.0,1.0,0.03051367588341236,0.573956310749054
Scratch CNN,bc_128px_v1,id,camera_fixed,reach,camera_location_viewpoint,fixed_train,20,0,camera_fixed,150,0.0,1.0,1.0,1.0,0.00717098917812109,0.03005707636475563
Scratch CNN,bc_128px_v1,id,color_multi,reach,color,diverse_train,20,2,color_multi,150,0.0,0.0,0.7133333333333334,1.0,0.019607047475874426,0.20782056828339895
Scratch CNN,bc_128px_v1,id,avoid_spatial_wide,avoid_reach,spatial_distribution,wide_train,20,1,avoid_spatial_wide,150,0.0,0.0,0.19333333333333333,0.52,0.0733280060129861,0.5361088692893584
Scratch CNN,bc_128px_v1,id,avoid_spatial_wide,avoid_reach,spatial_distribution,wide_train,50,0,avoid_spatial_wide,150,0.0,0.013333333333333334,0.11333333333333333,0.43333333333333335,0.06902389471729596,0.23978357528646788
Scratch CNN,bc_128px_v1,id,avoid_color_multi,avoid_reach,color,diverse_train,50,2,avoid_color_multi,150,0.0,0.0,0.0,1.0,0.021108112844328085,0.9687777892748515
Scratch CNN,bc_128px_v1,id,avoid_color_multi,avoid_reach,color,diverse_train,5,1,avoid_color_multi,150,0.0,0.0,0.0,1.0,0.026247427041331928,0.5444153424104055
Scratch CNN,bc_128px_v1,id,avoid_camera_fixed,avoid_reach,camera_location_viewpoint,fixed_train,5,2,avoid_camera_fixed,150,0.0,0.0,1.0,1.0,0.011600092053413391,0.5194397568702698
Scratch CNN,bc_128px_v1,id,avoid_color_red_only,avoid_reach,color,fixed_train,5,0,avoid_color_red_only,150,0.0,0.0,0.0,1.0,0.020510952919721603,0.5754693746566772
Scratch CNN,bc_128px_v1,id,avoid_spatial_narrow,avoid_reach,spatial_distribution,narrow_train,50,2,avoid_spatial_narrow,150,0.0,0.0,0.006666666666666667,0.26666666666666666,0.1268300617982944,0.60635735993584
Scratch CNN,bc_128px_v1,id,avoid_color_red_only,avoid_reach,color,fixed_train,50,0,avoid_color_red_only,150,0.0,0.0,1.0,1.0,0.018377140164375305,1.0004388093948364
Scratch CNN,bc_128px_v1,id,color_red_only,reach,color,fixed_train,5,2,color_red_only,150,0.0,0.0,1.0,1.0,0.013162764720618725,0.27907052636146545
Scratch CNN,bc_128px_v1,id,avoid_spatial_narrow,avoid_reach,spatial_distribution,narrow_train,5,2,avoid_spatial_narrow,150,0.0,0.0,0.0,0.25333333333333335,0.08492179699242115,0.4997740411758423
Scratch CNN,bc_128px_v1,id,lighting_diverse,reach,lighting_direction_intensity,diverse_train,5,2,lighting_diverse,150,0.0,0.0,1.0,1.0,0.015249352362006903,0.24205786873896917
Scratch CNN,bc_128px_v1,id,avoid_lighting_fixed,avoid_reach,lighting_direction_intensity,fixed_train,50,1,avoid_lighting_fixed,150,0.0,0.0,1.0,1.0,0.01802288182079792,0.6973263621330261
Scratch CNN,bc_128px_v1,id,lighting_diverse,reach,lighting_direction_intensity,diverse_train,50,1,lighting_diverse,150,1.0,1.0,1.0,1.0,0.004598411507904529,0.022399115053315957
Scratch CNN,bc_128px_v1,id,lighting_fixed,reach,lighting_direction_intensity,fixed_train,5,2,lighting_fixed,150,0.0,0.0,1.0,1.0,0.019771553575992584,0.254643052816391
Scratch CNN,bc_128px_v1,id,avoid_lighting_fixed,avoid_reach,lighting_direction_intensity,fixed_train,5,1,avoid_lighting_fixed,150,0.0,0.0,1.0,1.0,0.01144456584006548,0.541395902633667
Scratch CNN,bc_128px_v1,id,color_red_only,reach,color,fixed_train,20,0,color_red_only,150,0.0,1.0,1.0,1.0,0.007083665579557419,0.032532673329114914
Scratch CNN,bc_128px_v1,id,spatial_narrow,reach,spatial_distribution,narrow_train,20,1,spatial_narrow,150,0.02,0.05333333333333334,0.32,0.74,0.03668454807406912,0.13466917956868807
Scratch CNN,bc_128px_v1,id,lighting_diverse,reach,lighting_direction_intensity,diverse_train,20,1,lighting_diverse,150,0.0,0.86,1.0,1.0,0.009642491328219573,0.03714057371020317
Scratch CNN,bc_128px_v1,id,camera_fixed,reach,camera_location_viewpoint,fixed_train,50,2,camera_fixed,150,0.0,1.0,1.0,1.0,0.006905296817421913,0.028007561340928078
Scratch CNN,bc_128px_v1,id,avoid_lighting_diverse,avoid_reach,lighting_direction_intensity,diverse_train,50,2,avoid_lighting_diverse,150,0.0,0.0,0.0,1.0,0.021158136278390884,0.7202763032913208
Scratch CNN,bc_128px_v1,id,avoid_camera_fixed,avoid_reach,camera_location_viewpoint,fixed_train,20,2,avoid_camera_fixed,150,0.0,0.0,1.0,1.0,0.01745898835361004,1.0867458581924438
Scratch CNN,bc_128px_v1,id,camera_multi_pose,reach,camera_location_viewpoint,diverse_train,5,2,camera_multi_pose,150,0.0,0.0,0.0,1.0,0.029309344068169593,0.24041379163662593
Scratch CNN,bc_128px_v1,id,avoid_camera_multi_pose,avoid_reach,camera_location_viewpoint,diverse_train,20,0,avoid_camera_multi_pose,150,0.0,1.0,1.0,1.0,0.00600774505486091,1.080572939713796
Scratch CNN,bc_128px_v1,id,color_multi,reach,color,diverse_train,50,2,color_multi,150,1.0,1.0,1.0,1.0,0.004929018563901385,0.12119792575637499
Scratch CNN,bc_128px_v1,id,avoid_camera_multi_pose,avoid_reach,camera_location_viewpoint,diverse_train,50,1,avoid_camera_multi_pose,150,0.0,0.0,1.0,1.0,0.019395127433041733,0.9052815469106038
Scratch CNN,bc_128px_v1,id,spatial_wide,reach,spatial_distribution,wide_train,5,2,spatial_wide,150,0.0,0.0,0.0,0.14666666666666667,0.10594010176757972,0.4829850725332896
Scratch CNN,bc_128px_v1,id,lighting_fixed,reach,lighting_direction_intensity,fixed_train,20,0,lighting_fixed,150,1.0,1.0,1.0,1.0,0.004891628865152597,0.14703458547592163
Scratch CNN,bc_128px_v1,id,camera_multi_pose,reach,camera_location_viewpoint,diverse_train,50,1,camera_multi_pose,150,0.22,1.0,1.0,1.0,0.005112199615687132,0.02225174384812514
Scratch CNN,bc_128px_v1,id,color_multi,reach,color,diverse_train,50,1,color_multi,150,1.0,1.0,1.0,1.0,0.0033534702425822615,0.02245368141680956
Scratch CNN,bc_128px_v1,id,camera_multi_pose,reach,camera_location_viewpoint,diverse_train,5,1,camera_multi_pose,150,0.0,1.0,1.0,1.0,0.008184698484838009,0.33550966262817383
Scratch CNN,bc_128px_v1,id,color_red_only,reach,color,fixed_train,50,1,color_red_only,150,1.0,1.0,1.0,1.0,0.004161610268056393,0.021980246528983116
Scratch CNN,bc_128px_v1,id,spatial_narrow,reach,spatial_distribution,narrow_train,50,0,spatial_narrow,150,0.03333333333333333,0.32666666666666666,1.0,1.0,0.010719230094303688,0.024437019067505995
Scratch CNN,bc_128px_v1,id,avoid_lighting_fixed,avoid_reach,lighting_direction_intensity,fixed_train,20,1,avoid_lighting_fixed,150,0.0,0.0,1.0,1.0,0.01994064450263977,0.7590734362602234
Scratch CNN,bc_128px_v1,id,color_multi,reach,color,diverse_train,20,0,color_multi,150,1.0,1.0,1.0,1.0,0.004157958890621861,0.17500098953644436
Scratch CNN,bc_128px_v1,id,avoid_spatial_narrow,avoid_reach,spatial_distribution,narrow_train,20,2,avoid_spatial_narrow,150,0.0,0.0,0.08,0.5133333333333333,0.055309579434494174,0.4170228276650111
Scratch CNN,bc_128px_v1,id,camera_multi_pose,reach,camera_location_viewpoint,diverse_train,50,2,camera_multi_pose,150,0.0,1.0,1.0,1.0,0.00641874346571664,0.0203250835587581
Scratch CNN,bc_128px_v1,id,avoid_spatial_wide,avoid_reach,spatial_distribution,wide_train,50,1,avoid_spatial_wide,150,0.0,0.03333333333333333,0.2,0.42,0.060152134175101915,0.26015092585235833
Scratch CNN,bc_128px_v1,id,lighting_fixed,reach,lighting_direction_intensity,fixed_train,50,1,lighting_fixed,150,1.0,1.0,1.0,1.0,0.0032531479373574257,0.022425184026360512
Scratch CNN,bc_128px_v1,id,avoid_lighting_diverse,avoid_reach,lighting_direction_intensity,diverse_train,50,0,avoid_lighting_diverse,150,0.0,0.0,0.0,1.0,0.02067943664888541,0.9190524160861969
Scratch CNN,bc_128px_v1,id,avoid_spatial_wide,avoid_reach,spatial_distribution,wide_train,20,0,avoid_spatial_wide,150,0.0,0.006666666666666667,0.10666666666666667,0.4533333333333333,0.060027151461690666,0.4055930157005787
Scratch CNN,bc_128px_v1,id,avoid_camera_multi_pose,avoid_reach,camera_location_viewpoint,diverse_train,5,1,avoid_camera_multi_pose,150,0.0,0.0,1.0,1.0,0.01824870896836122,0.5800513931115469
Scratch CNN,bc_128px_v1,id,avoid_color_red_only,avoid_reach,color,fixed_train,20,0,avoid_color_red_only,150,0.0,0.0,1.0,1.0,0.014577032066881657,0.7639608383178711
Scratch CNN,bc_128px_v1,id,camera_multi_pose,reach,camera_location_viewpoint,diverse_train,20,0,camera_multi_pose,150,0.0,1.0,1.0,1.0,0.006982331999267141,0.1705571620663007
Scratch CNN,bc_128px_v1,id,camera_fixed,reach,camera_location_viewpoint,fixed_train,5,2,camera_fixed,150,0.0,0.0,1.0,1.0,0.01185092143714428,0.27863049507141113
Scratch CNN,bc_128px_v1,id,spatial_wide,reach,spatial_distribution,wide_train,50,2,spatial_wide,150,0.0,0.04,0.17333333333333334,0.5066666666666667,0.056822356740012764,0.16748823856314024
Scratch CNN,bc_128px_v1,id,avoid_spatial_wide,avoid_reach,spatial_distribution,wide_train,5,0,avoid_spatial_wide,150,0.013333333333333334,0.02666666666666667,0.12,0.30666666666666664,0.08639571631327271,0.36642361879348756
Scratch CNN,bc_128px_v1,ood,avoid_spatial_narrow,avoid_reach,spatial_distribution,narrow_train,20,2,avoid_spatial_edge_ood_eval,150,0.0,0.02,0.06,0.25333333333333335,0.12756559220763544,0.44979054023822146
Scratch CNN,bc_128px_v1,ood,lighting_fixed,reach,lighting_direction_intensity,fixed_train,5,0,lighting_extreme_ood_eval,150,0.0,0.0,0.41333333333333333,1.0,0.030679573838909468,0.14025242229302723
Scratch CNN,bc_128px_v1,ood,spatial_narrow,reach,spatial_distribution,narrow_train,50,0,spatial_edge_ood_eval,150,0.02,0.07333333333333333,0.16,0.26666666666666666,0.13240731426049024,0.2230694815268119
Scratch CNN,bc_128px_v1,ood,avoid_camera_multi_pose,avoid_reach,camera_location_viewpoint,diverse_train,50,2,avoid_camera_extreme_ood_eval,150,0.0,0.0,0.0,1.0,0.025257997065782547,1.1974048773447672
Scratch CNN,bc_128px_v1,ood,camera_multi_pose,reach,camera_location_viewpoint,diverse_train,5,2,camera_extreme_ood_eval,150,0.0,0.0,0.0,1.0,0.02924487297733625,0.24050631920496623
Scratch CNN,bc_128px_v1,ood,avoid_camera_multi_pose,avoid_reach,camera_location_viewpoint,diverse_train,20,1,avoid_camera_extreme_ood_eval,150,0.0,0.0,0.0,1.0,0.024594786465168,1.1209011697769165
Scratch CNN,bc_128px_v1,ood,color_multi,reach,color,diverse_train,50,0,color_ood_eval,150,1.0,1.0,1.0,1.0,0.002630862155929208,0.019247257622579735
Scratch CNN,bc_128px_v1,ood,lighting_diverse,reach,lighting_direction_intensity,diverse_train,20,0,lighting_extreme_ood_eval,150,0.0,0.41333333333333333,1.0,1.0,0.01071952293937405,0.16076672017574312
Scratch CNN,bc_128px_v1,ood,avoid_lighting_fixed,avoid_reach,lighting_direction_intensity,fixed_train,50,0,avoid_lighting_extreme_ood_eval,150,0.0,0.0,0.28,0.7933333333333333,0.05553145239750544,0.7255728081862132
Scratch CNN,bc_128px_v1,ood,avoid_color_multi,avoid_reach,color,diverse_train,20,0,avoid_color_ood_eval,150,0.0,0.0,0.0,1.0,0.024777107102175552,1.080284869670868
Scratch CNN,bc_128px_v1,ood,spatial_wide,reach,spatial_distribution,wide_train,20,1,spatial_edge_ood_eval,150,0.006666666666666667,0.04666666666666667,0.12666666666666668,0.38666666666666666,0.09617996248571824,0.23909664439192663
Scratch CNN,bc_128px_v1,ood,avoid_camera_multi_pose,avoid_reach,camera_location_viewpoint,diverse_train,5,2,avoid_camera_extreme_ood_eval,150,0.0,0.0,0.0,1.0,0.036249841799338656,0.5164816776911417
Scratch CNN,bc_128px_v1,ood,camera_fixed,reach,camera_location_viewpoint,fixed_train,5,0,camera_extreme_ood_eval,150,0.0,0.0,0.0,1.0,0.026684602523843446,0.26903769075870515
Scratch CNN,bc_128px_v1,ood,color_red_only,reach,color,fixed_train,50,2,color_ood_eval,150,0.0,0.4666666666666667,1.0,1.0,0.012612995008627574,0.07429952302326759
Scratch CNN,bc_128px_v1,ood,spatial_wide,reach,spatial_distribution,wide_train,50,0,spatial_edge_ood_eval,150,0.013333333333333334,0.02,0.14,0.3466666666666667,0.09975557343025382,0.21395954066266618
Scratch CNN,bc_128px_v1,ood,avoid_lighting_diverse,avoid_reach,lighting_direction_intensity,diverse_train,20,2,avoid_lighting_extreme_ood_eval,150,0.0,0.0,1.0,1.0,0.014746385831385852,0.5616713770230611
Scratch CNN,bc_128px_v1,ood,spatial_narrow,reach,spatial_distribution,narrow_train,20,1,spatial_edge_ood_eval,150,0.0,0.02,0.07333333333333333,0.16,0.1310734391429772,0.29673493158072234
Scratch CNN,bc_128px_v1,ood,avoid_camera_fixed,avoid_reach,camera_location_viewpoint,fixed_train,20,0,avoid_camera_extreme_ood_eval,150,0.0,1.0,1.0,1.0,0.005233491885786255,0.7801018941402436
Scratch CNN,bc_128px_v1,ood,avoid_spatial_narrow,avoid_reach,spatial_distribution,narrow_train,20,1,avoid_spatial_edge_ood_eval,150,0.0,0.0,0.0,0.12,0.13248880710452796,0.3214045744140943
Scratch CNN,bc_128px_v1,ood,avoid_color_red_only,avoid_reach,color,fixed_train,20,2,avoid_color_ood_eval,150,0.0,0.0,1.0,1.0,0.015175454951822757,1.0591814637184143
Scratch CNN,bc_128px_v1,ood,spatial_wide,reach,spatial_distribution,wide_train,5,0,spatial_edge_ood_eval,150,0.0,0.0,0.03333333333333333,0.13333333333333333,0.1381850759871304,0.2118525714923938
Scratch CNN,bc_128px_v1,ood,avoid_color_multi,avoid_reach,color,diverse_train,5,0,avoid_color_ood_eval,150,0.0,1.0,1.0,1.0,0.007855951810876529,0.534056423107783
Scratch CNN,bc_128px_v1,ood,avoid_color_multi,avoid_reach,color,diverse_train,50,0,avoid_color_ood_eval,150,0.0,0.0,1.0,1.0,0.014695448360095422,0.9084550444285074
Scratch CNN,bc_128px_v1,ood,avoid_spatial_narrow,avoid_reach,spatial_distribution,narrow_train,5,1,avoid_spatial_edge_ood_eval,150,0.006666666666666667,0.02,0.05333333333333334,0.18666666666666668,0.1120799924309055,0.4929096766312917
Scratch CNN,bc_128px_v1,ood,camera_fixed,reach,camera_location_viewpoint,fixed_train,50,0,camera_extreme_ood_eval,150,1.0,1.0,1.0,1.0,0.000990607154672034,0.01168646612961311
Scratch CNN,bc_128px_v1,ood,camera_fixed,reach,camera_location_viewpoint,fixed_train,20,1,camera_extreme_ood_eval,150,0.08666666666666667,1.0,1.0,1.0,0.0065087832013765974,0.13442751747866472
Scratch CNN,bc_128px_v1,ood,lighting_fixed,reach,lighting_direction_intensity,fixed_train,5,1,lighting_extreme_ood_eval,150,0.0,0.0,0.41333333333333333,1.0,0.03322949860244989,0.10530589898427327
Scratch CNN,bc_128px_v1,ood,lighting_diverse,reach,lighting_direction_intensity,diverse_train,20,1,lighting_extreme_ood_eval,150,0.0,0.41333333333333333,0.41333333333333333,1.0,0.021127394698560238,0.07119553645451863
Scratch CNN,bc_128px_v1,ood,avoid_lighting_diverse,avoid_reach,lighting_direction_intensity,diverse_train,20,0,avoid_lighting_extreme_ood_eval,150,0.0,0.0,0.0,1.0,0.02294073597838481,1.0462102595965068
Scratch CNN,bc_128px_v1,ood,avoid_spatial_wide,avoid_reach,spatial_distribution,wide_train,50,2,avoid_spatial_edge_ood_eval,150,0.0,0.02,0.13333333333333333,0.34,0.10177869947006304,0.4306448878347874
Scratch CNN,bc_128px_v1,ood,avoid_color_red_only,avoid_reach,color,fixed_train,5,2,avoid_color_ood_eval,150,0.0,0.0,0.0,1.0,0.03503141467769941,0.5299727110068003
Scratch CNN,bc_128px_v1,ood,lighting_fixed,reach,lighting_direction_intensity,fixed_train,20,2,lighting_extreme_ood_eval,150,0.0,0.0,0.5866666666666667,1.0,0.015220192596316337,0.24250774423281352
Scratch CNN,bc_128px_v1,ood,color_red_only,reach,color,fixed_train,5,1,color_ood_eval,150,1.0,1.0,1.0,1.0,0.0032829259258384505,0.329444667895635
Scratch CNN,bc_128px_v1,ood,avoid_spatial_narrow,avoid_reach,spatial_distribution,narrow_train,5,2,avoid_spatial_edge_ood_eval,150,0.0,0.02,0.04666666666666667,0.18666666666666668,0.13456931959216795,0.5255971668163936
Scratch CNN,bc_128px_v1,ood,avoid_lighting_fixed,avoid_reach,lighting_direction_intensity,fixed_train,5,1,avoid_lighting_extreme_ood_eval,150,0.0,0.0,1.0,1.0,0.011586501393467188,0.5392922699451447
Scratch CNN,bc_128px_v1,ood,avoid_spatial_wide,avoid_reach,spatial_distribution,wide_train,50,1,avoid_spatial_edge_ood_eval,150,0.006666666666666667,0.02,0.09333333333333334,0.29333333333333333,0.09302602143958211,0.28420148021231095
Scratch CNN,bc_128px_v1,ood,avoid_color_red_only,avoid_reach,color,fixed_train,50,2,avoid_color_ood_eval,150,0.0,0.0,0.0,1.0,0.020512299140294392,0.963142971197764
Scratch CNN,bc_128px_v1,ood,spatial_narrow,reach,spatial_distribution,narrow_train,5,0,spatial_edge_ood_eval,150,0.0,0.02,0.06,0.12666666666666668,0.1359711740196993,0.32459935029347736
Scratch CNN,bc_128px_v1,ood,color_multi,reach,color,diverse_train,20,1,color_ood_eval,150,0.0,1.0,1.0,1.0,0.009346953524897495,0.2739026939868927
Scratch CNN,bc_128px_v1,ood,lighting_diverse,reach,lighting_direction_intensity,diverse_train,5,2,lighting_extreme_ood_eval,150,0.0,0.5866666666666667,1.0,1.0,0.010334529330333074,0.24555875976880392
Scratch CNN,bc_128px_v1,ood,avoid_lighting_fixed,avoid_reach,lighting_direction_intensity,fixed_train,50,2,avoid_lighting_extreme_ood_eval,150,0.0,0.0,0.5133333333333333,1.0,0.027906968717773754,0.5029578673839569
Scratch CNN,bc_128px_v1,ood,camera_multi_pose,reach,camera_location_viewpoint,diverse_train,50,2,camera_extreme_ood_eval,150,0.0,1.0,1.0,1.0,0.006410871176049113,0.020324951137105623
Scratch CNN,bc_128px_v1,ood,avoid_lighting_fixed,avoid_reach,lighting_direction_intensity,fixed_train,5,2,avoid_lighting_extreme_ood_eval,150,0.0,0.0,0.0,1.0,0.029529934351642927,0.5679697827498118
Scratch CNN,bc_128px_v1,ood,avoid_spatial_wide,avoid_reach,spatial_distribution,wide_train,5,0,avoid_spatial_edge_ood_eval,150,0.0,0.02,0.06666666666666667,0.21333333333333335,0.1228993952119102,0.39614453464746474
Scratch CNN,bc_128px_v1,ood,lighting_diverse,reach,lighting_direction_intensity,diverse_train,50,0,lighting_extreme_ood_eval,150,0.41333333333333333,0.41333333333333333,0.41333333333333333,0.41333333333333333,0.07920647887513041,0.203499392469724
Scratch CNN,bc_128px_v1,ood,color_multi,reach,color,diverse_train,50,2,color_ood_eval,150,1.0,1.0,1.0,1.0,0.004131696449282268,0.09401966740687688
Scratch CNN,bc_128px_v1,ood,avoid_lighting_fixed,avoid_reach,lighting_direction_intensity,fixed_train,50,1,avoid_lighting_extreme_ood_eval,150,0.0,0.0,0.5133333333333333,1.0,0.01998952134201924,0.6902050618330637
Scratch CNN,bc_128px_v1,ood,camera_fixed,reach,camera_location_viewpoint,fixed_train,5,1,camera_extreme_ood_eval,150,0.2866666666666667,1.0,1.0,1.0,0.005626662606373429,0.31435497999191286
Scratch CNN,bc_128px_v1,ood,avoid_color_red_only,avoid_reach,color,fixed_train,5,1,avoid_color_ood_eval,150,0.0,0.0,1.0,1.0,0.01957290295511484,0.5130486710866292
Scratch CNN,bc_128px_v1,ood,color_red_only,reach,color,fixed_train,50,0,color_ood_eval,150,0.4666666666666667,1.0,1.0,1.0,0.005738282739184797,0.023360347805234292
Scratch CNN,bc_128px_v1,ood,avoid_color_red_only,avoid_reach,color,fixed_train,50,1,avoid_color_ood_eval,150,0.0,0.0,1.0,1.0,0.01304326814909776,0.6413055753707886
Scratch CNN,bc_128px_v1,ood,avoid_spatial_narrow,avoid_reach,spatial_distribution,narrow_train,50,0,avoid_spatial_edge_ood_eval,150,0.0,0.0,0.013333333333333334,0.18666666666666668,0.11684755499785145,0.2700908874471982
Scratch CNN,bc_128px_v1,ood,color_multi,reach,color,diverse_train,5,1,color_ood_eval,150,0.0,1.0,1.0,1.0,0.007529037287458778,0.3379889003435771
Scratch CNN,bc_128px_v1,ood,avoid_camera_multi_pose,avoid_reach,camera_location_viewpoint,diverse_train,20,2,avoid_camera_extreme_ood_eval,150,0.0,0.0,1.0,1.0,0.017408976008494694,1.0637349637349447
Scratch CNN,bc_128px_v1,ood,color_red_only,reach,color,fixed_train,20,1,color_ood_eval,150,0.0,0.0,1.0,1.0,0.016055721106628576,0.16797207574049633
Scratch CNN,bc_128px_v1,ood,avoid_camera_multi_pose,avoid_reach,camera_location_viewpoint,diverse_train,50,1,avoid_camera_extreme_ood_eval,150,0.0,0.0,1.0,1.0,0.019400071687996387,0.9052673780918121
Scratch CNN,bc_128px_v1,ood,camera_fixed,reach,camera_location_viewpoint,fixed_train,20,0,camera_extreme_ood_eval,150,0.0,1.0,1.0,1.0,0.0065500673496474825,0.028493716915448507
Scratch CNN,bc_128px_v1,ood,avoid_camera_multi_pose,avoid_reach,camera_location_viewpoint,diverse_train,5,1,avoid_camera_extreme_ood_eval,150,0.0,0.0,1.0,1.0,0.01833072072515885,0.580252874692281
Scratch CNN,bc_128px_v1,ood,camera_fixed,reach,camera_location_viewpoint,fixed_train,50,1,camera_extreme_ood_eval,150,0.9866666666666667,1.0,1.0,1.0,0.0034551023117577037,0.023557968131887416
Scratch CNN,bc_128px_v1,ood,spatial_wide,reach,spatial_distribution,wide_train,20,2,spatial_edge_ood_eval,150,0.02,0.06,0.19333333333333333,0.3466666666666667,0.09289574386396755,0.24568719791481272
Scratch CNN,bc_128px_v1,ood,lighting_diverse,reach,lighting_direction_intensity,diverse_train,50,1,lighting_extreme_ood_eval,150,0.0,0.41333333333333333,0.41333333333333333,1.0,0.028308943392088014,0.03803094208240509
Scratch CNN,bc_128px_v1,ood,avoid_lighting_diverse,avoid_reach,lighting_direction_intensity,diverse_train,20,1,avoid_lighting_extreme_ood_eval,150,0.0,0.0,0.0,1.0,0.02429163453479608,0.8711375200748444
Scratch CNN,bc_128px_v1,ood,avoid_spatial_wide,avoid_reach,spatial_distribution,wide_train,20,0,avoid_spatial_edge_ood_eval,150,0.0,0.0,0.06666666666666667,0.3333333333333333,0.08077563887462019,0.42154050519069036
Scratch CNN,bc_128px_v1,ood,avoid_lighting_fixed,avoid_reach,lighting_direction_intensity,fixed_train,5,0,avoid_lighting_extreme_ood_eval,150,0.0,1.0,1.0,1.0,0.00887049786746502,0.6014273969332377
Scratch CNN,bc_128px_v1,ood,avoid_camera_fixed,avoid_reach,camera_location_viewpoint,fixed_train,5,0,avoid_camera_extreme_ood_eval,150,0.0,1.0,1.0,1.0,0.00757176942192018,0.5465053272247314
Scratch CNN,bc_128px_v1,ood,lighting_fixed,reach,lighting_direction_intensity,fixed_train,50,2,lighting_extreme_ood_eval,150,0.0,0.5866666666666667,1.0,1.0,0.010507714413106441,0.14990889728069307
Scratch CNN,bc_128px_v1,ood,avoid_camera_fixed,avoid_reach,camera_location_viewpoint,fixed_train,50,0,avoid_camera_extreme_ood_eval,150,0.11333333333333333,0.37333333333333335,0.92,1.0,0.012442361979434888,0.7763908090194066
Scratch CNN,bc_128px_v1,ood,spatial_narrow,reach,spatial_distribution,narrow_train,20,2,spatial_edge_ood_eval,150,0.0,0.013333333333333334,0.11333333333333333,0.16666666666666666,0.13074152407857279,0.2741083927763005
Scratch CNN,bc_128px_v1,ood,camera_multi_pose,reach,camera_location_viewpoint,diverse_train,20,2,camera_extreme_ood_eval,150,0.0,0.25333333333333335,1.0,1.0,0.010522467574725549,0.02538833849132061
Scratch CNN,bc_128px_v1,ood,avoid_color_red_only,avoid_reach,color,fixed_train,20,1,avoid_color_ood_eval,150,0.0,0.0,1.0,1.0,0.015040017341574034,0.7521345500151316
Scratch CNN,bc_128px_v1,ood,avoid_lighting_diverse,avoid_reach,lighting_direction_intensity,diverse_train,50,1,avoid_lighting_extreme_ood_eval,150,0.0,0.0,0.72,1.0,0.019732584382096928,0.9038278643290202
Scratch CNN,bc_128px_v1,ood,camera_multi_pose,reach,camera_location_viewpoint,diverse_train,5,0,camera_extreme_ood_eval,150,0.0,1.0,1.0,1.0,0.008921452549596627,0.270599049727122
Scratch CNN,bc_128px_v1,ood,avoid_spatial_wide,avoid_reach,spatial_distribution,wide_train,20,1,avoid_spatial_edge_ood_eval,150,0.0,0.0,0.17333333333333334,0.41333333333333333,0.1033196557747821,0.6011351861308019
Scratch CNN,bc_128px_v1,ood,spatial_narrow,reach,spatial_distribution,narrow_train,5,1,spatial_edge_ood_eval,150,0.0,0.0,0.02,0.08,0.13553938519830505,0.22946256039043267
Scratch CNN,bc_128px_v1,ood,avoid_color_red_only,avoid_reach,color,fixed_train,50,0,avoid_color_ood_eval,150,0.0,0.0,1.0,1.0,0.018333946553369364,1.002026469707489
Scratch CNN,bc_128px_v1,ood,color_red_only,reach,color,fixed_train,5,2,color_ood_eval,150,0.0,0.0,1.0,1.0,0.013162512605388959,0.2790565409262975
Scratch CNN,bc_128px_v1,ood,color_multi,reach,color,diverse_train,20,2,color_ood_eval,150,0.0,0.0,1.0,1.0,0.019439375263949236,0.20798652549584706
Scratch CNN,bc_128px_v1,ood,avoid_color_red_only,avoid_reach,color,fixed_train,5,0,avoid_color_ood_eval,150,0.0,0.0,0.0,1.0,0.020499725316961606,0.5754557017485301
Scratch CNN,bc_128px_v1,ood,avoid_lighting_diverse,avoid_reach,lighting_direction_intensity,diverse_train,5,2,avoid_lighting_extreme_ood_eval,150,0.0,0.0,0.0,1.0,0.025371961059669653,0.5436612345774968
Scratch CNN,bc_128px_v1,ood,lighting_fixed,reach,lighting_direction_intensity,fixed_train,50,0,lighting_extreme_ood_eval,150,0.0,0.41333333333333333,0.41333333333333333,0.7333333333333333,0.02942862225075563,0.12963780929644902
Scratch CNN,bc_128px_v1,ood,spatial_wide,reach,spatial_distribution,wide_train,5,1,spatial_edge_ood_eval,150,0.0,0.006666666666666667,0.03333333333333333,0.18666666666666668,0.13161380637747547,0.35311876874417064
Scratch CNN,bc_128px_v1,ood,camera_fixed,reach,camera_location_viewpoint,fixed_train,5,2,camera_extreme_ood_eval,150,0.0,0.0,1.0,1.0,0.011853602069119612,0.2786582060654958
Scratch CNN,bc_128px_v1,ood,color_multi,reach,color,diverse_train,5,0,color_ood_eval,150,1.0,1.0,1.0,1.0,0.004244275065138936,0.2347258191307386
Scratch CNN,bc_128px_v1,ood,avoid_color_multi,avoid_reach,color,diverse_train,50,2,avoid_color_ood_eval,150,0.0,0.0,0.0,1.0,0.021107489677766957,0.9693386284510295
Scratch CNN,bc_128px_v1,ood,color_red_only,reach,color,fixed_train,20,0,color_ood_eval,150,0.0,1.0,1.0,1.0,0.006928109374518196,0.12870371942718825
Scratch CNN,bc_128px_v1,ood,avoid_color_multi,avoid_reach,color,diverse_train,5,2,avoid_color_ood_eval,150,0.0,0.0,0.0,1.0,0.03189548301200072,0.5301483607292176
Scratch CNN,bc_128px_v1,ood,avoid_spatial_wide,avoid_reach,spatial_distribution,wide_train,20,2,avoid_spatial_edge_ood_eval,150,0.02,0.06666666666666667,0.14,0.3333333333333333,0.09405711656901986,0.5661244623859724
Scratch CNN,bc_128px_v1,ood,avoid_camera_fixed,avoid_reach,camera_location_viewpoint,fixed_train,5,2,avoid_camera_extreme_ood_eval,150,0.0,0.0,1.0,1.0,0.011600252793480953,0.5195060006777446
Scratch CNN,bc_128px_v1,ood,avoid_lighting_fixed,avoid_reach,lighting_direction_intensity,fixed_train,20,1,avoid_lighting_extreme_ood_eval,150,0.0,0.0,0.28,0.7933333333333333,0.05831260083864132,0.6287622745831808
Scratch CNN,bc_128px_v1,ood,avoid_color_red_only,avoid_reach,color,fixed_train,20,0,avoid_color_ood_eval,150,0.0,0.0,0.26,1.0,0.024540825399259725,0.46629448493321735
Scratch CNN,bc_128px_v1,ood,lighting_diverse,reach,lighting_direction_intensity,diverse_train,50,2,lighting_extreme_ood_eval,150,0.0,0.22666666666666666,1.0,1.0,0.012188555573423703,0.05119112312793732
Scratch CNN,bc_128px_v1,ood,spatial_wide,reach,spatial_distribution,wide_train,50,1,spatial_edge_ood_eval,150,0.02666666666666667,0.11333333333333333,0.44666666666666666,0.7933333333333333,0.036097659079047544,0.07689362848798434
Scratch CNN,bc_128px_v1,ood,avoid_camera_fixed,avoid_reach,camera_location_viewpoint,fixed_train,20,1,avoid_camera_extreme_ood_eval,150,0.0,0.0,0.0,1.0,0.028566049138704936,1.1571648319562275
Scratch CNN,bc_128px_v1,ood,spatial_narrow,reach,spatial_distribution,narrow_train,20,0,spatial_edge_ood_eval,150,0.0,0.006666666666666667,0.03333333333333333,0.11333333333333333,0.1382186369597912,0.23740113196273646
Scratch CNN,bc_128px_v1,ood,avoid_spatial_narrow,avoid_reach,spatial_distribution,narrow_train,50,1,avoid_spatial_edge_ood_eval,150,0.0,0.02,0.06,0.22666666666666666,0.1312838376313448,0.24843577128524583
Scratch CNN,bc_128px_v1,ood,camera_fixed,reach,camera_location_viewpoint,fixed_train,50,2,camera_extreme_ood_eval,150,0.0,1.0,1.0,1.0,0.006898143099000056,0.02758839312940836
Scratch CNN,bc_128px_v1,ood,avoid_spatial_wide,avoid_reach,spatial_distribution,wide_train,5,2,avoid_spatial_edge_ood_eval,150,0.006666666666666667,0.006666666666666667,0.013333333333333334,0.25333333333333335,0.11946319389156997,0.23934300926824412
Scratch CNN,bc_128px_v1,ood,avoid_camera_fixed,avoid_reach,camera_location_viewpoint,fixed_train,50,2,avoid_camera_extreme_ood_eval,150,0.0,0.0,0.03333333333333333,0.98,0.036057455322394766,1.0514360256989796
Scratch CNN,bc_128px_v1,ood,color_red_only,reach,color,fixed_train,50,1,color_ood_eval,150,0.0,0.4666666666666667,1.0,1.0,0.012589033966263135,0.04039576591302951
Scratch CNN,bc_128px_v1,ood,avoid_color_multi,avoid_reach,color,diverse_train,20,2,avoid_color_ood_eval,150,0.0,0.0,1.0,1.0,0.01951845264683167,0.9045415461063385
Scratch CNN,bc_128px_v1,ood,avoid_spatial_narrow,avoid_reach,spatial_distribution,narrow_train,50,2,avoid_spatial_edge_ood_eval,150,0.0,0.0,0.006666666666666667,0.14666666666666667,0.13884876530617477,0.47608346161743004
Scratch CNN,bc_128px_v1,ood,spatial_narrow,reach,spatial_distribution,narrow_train,50,1,spatial_edge_ood_eval,150,0.006666666666666667,0.02,0.10666666666666667,0.17333333333333334,0.13881996637831132,0.3043729583049814
Scratch CNN,bc_128px_v1,ood,avoid_camera_multi_pose,avoid_reach,camera_location_viewpoint,diverse_train,20,0,avoid_camera_extreme_ood_eval,150,0.0,1.0,1.0,1.0,0.006007410955304901,1.080590524673462
Scratch CNN,bc_128px_v1,ood,avoid_spatial_wide,avoid_reach,spatial_distribution,wide_train,5,1,avoid_spatial_edge_ood_eval,150,0.006666666666666667,0.06666666666666667,0.16666666666666666,0.28,0.1112060075563689,0.3587111976991097
Scratch CNN,bc_128px_v1,ood,avoid_lighting_diverse,avoid_reach,lighting_direction_intensity,diverse_train,5,0,avoid_lighting_extreme_ood_eval,150,0.0,0.0,1.0,1.0,0.01047641657292843,0.567721487681071
Scratch CNN,bc_128px_v1,ood,camera_multi_pose,reach,camera_location_viewpoint,diverse_train,50,0,camera_extreme_ood_eval,150,1.0,1.0,1.0,1.0,0.004231517822481692,0.022727527990937232
Scratch CNN,bc_128px_v1,ood,lighting_fixed,reach,lighting_direction_intensity,fixed_train,50,1,lighting_extreme_ood_eval,150,0.41333333333333333,0.41333333333333333,0.41333333333333333,1.0,0.02180819649870197,0.03151929572224617
Scratch CNN,bc_128px_v1,ood,camera_multi_pose,reach,camera_location_viewpoint,diverse_train,20,1,camera_extreme_ood_eval,150,0.0,1.0,1.0,1.0,0.0096353180706501,0.21660688350598017
Scratch CNN,bc_128px_v1,ood,spatial_wide,reach,spatial_distribution,wide_train,20,0,spatial_edge_ood_eval,150,0.0,0.006666666666666667,0.07333333333333333,0.16,0.13809435039137802,0.3356489711875717
Scratch CNN,bc_128px_v1,ood,camera_multi_pose,reach,camera_location_viewpoint,diverse_train,5,1,camera_extreme_ood_eval,150,0.0,1.0,1.0,1.0,0.00795576000896593,0.3351690425475438
Scratch CNN,bc_128px_v1,ood,spatial_wide,reach,spatial_distribution,wide_train,50,2,spatial_edge_ood_eval,150,0.0,0.013333333333333334,0.19333333333333333,0.48,0.07635485964206358,0.1898403033055365
Scratch CNN,bc_128px_v1,ood,avoid_lighting_diverse,avoid_reach,lighting_direction_intensity,diverse_train,50,0,avoid_lighting_extreme_ood_eval,150,0.0,0.0,0.23333333333333334,1.0,0.020648138349254927,0.9017038722832997
Scratch CNN,bc_128px_v1,ood,avoid_spatial_wide,avoid_reach,spatial_distribution,wide_train,50,0,avoid_spatial_edge_ood_eval,150,0.0,0.006666666666666667,0.08,0.34,0.09339098626747727,0.2881819357102116
Scratch CNN,bc_128px_v1,ood,avoid_camera_fixed,avoid_reach,camera_location_viewpoint,fixed_train,5,1,avoid_camera_extreme_ood_eval,150,0.0,0.0,1.0,1.0,0.01885125598559777,0.5466815304756164
Scratch CNN,bc_128px_v1,ood,avoid_camera_fixed,avoid_reach,camera_location_viewpoint,fixed_train,50,1,avoid_camera_extreme_ood_eval,150,0.04,0.58,0.8533333333333334,1.0,0.011878672504487138,0.7489793477455775
Scratch CNN,bc_128px_v1,ood,color_red_only,reach,color,fixed_train,5,0,color_ood_eval,150,0.0,0.0,1.0,1.0,0.010812457278370857,0.27308039883772534
Scratch CNN,bc_128px_v1,ood,avoid_camera_fixed,avoid_reach,camera_location_viewpoint,fixed_train,20,2,avoid_camera_extreme_ood_eval,150,0.0,0.0,0.9866666666666667,1.0,0.01596644985799988,1.0973165432612102
Scratch CNN,bc_128px_v1,ood,color_multi,reach,color,diverse_train,20,0,color_ood_eval,150,1.0,1.0,1.0,1.0,0.004085170660788814,0.174041877190272
Scratch CNN,bc_128px_v1,ood,lighting_diverse,reach,lighting_direction_intensity,diverse_train,5,0,lighting_extreme_ood_eval,150,0.0,0.0,0.5866666666666667,1.0,0.014443768163522084,0.2721513787905375
Scratch CNN,bc_128px_v1,ood,avoid_color_multi,avoid_reach,color,diverse_train,20,1,avoid_color_ood_eval,150,0.0,0.0,1.0,1.0,0.012218830976635217,0.6204900391896566
Scratch CNN,bc_128px_v1,ood,spatial_narrow,reach,spatial_distribution,narrow_train,50,2,spatial_edge_ood_eval,150,0.013333333333333334,0.04,0.08666666666666667,0.17333333333333334,0.13535456462142367,0.29966865309203666
Scratch CNN,bc_128px_v1,ood,lighting_fixed,reach,lighting_direction_intensity,fixed_train,20,0,lighting_extreme_ood_eval,150,0.0,0.5866666666666667,0.5866666666666667,1.0,0.015381167282660802,0.08085453793406487
Scratch CNN,bc_128px_v1,ood,avoid_camera_multi_pose,avoid_reach,camera_location_viewpoint,diverse_train,50,0,avoid_camera_extreme_ood_eval,150,0.0,0.0,0.0,0.0,0.21120596061150232,0.5118936312198639
Scratch CNN,bc_128px_v1,ood,avoid_lighting_fixed,avoid_reach,lighting_direction_intensity,fixed_train,20,2,avoid_lighting_extreme_ood_eval,150,0.0,0.0,0.5133333333333333,1.0,0.024679989566405613,0.5267526147762934
Scratch CNN,bc_128px_v1,ood,avoid_camera_multi_pose,avoid_reach,camera_location_viewpoint,diverse_train,5,0,avoid_camera_extreme_ood_eval,150,0.0,0.0,1.0,1.0,0.01265231100221475,0.5809058233102162
Scratch CNN,bc_128px_v1,ood,color_multi,reach,color,diverse_train,5,2,color_ood_eval,150,0.0,0.0,1.0,1.0,0.019669725075364113,0.261068847378095
Scratch CNN,bc_128px_v1,ood,avoid_spatial_narrow,avoid_reach,spatial_distribution,narrow_train,5,0,avoid_spatial_edge_ood_eval,150,0.0,0.03333333333333333,0.08666666666666667,0.20666666666666667,0.13739748888959488,0.5213870318979025
Scratch CNN,bc_128px_v1,ood,color_red_only,reach,color,fixed_train,20,2,color_ood_eval,150,0.0,0.0,1.0,1.0,0.01392239843805631,0.06945003293454648
Scratch CNN,bc_128px_v1,ood,spatial_narrow,reach,spatial_distribution,narrow_train,5,2,spatial_edge_ood_eval,150,0.0,0.006666666666666667,0.03333333333333333,0.12666666666666668,0.1380662131185333,0.3033962750931581
Scratch CNN,bc_128px_v1,ood,avoid_lighting_fixed,avoid_reach,lighting_direction_intensity,fixed_train,20,0,avoid_lighting_extreme_ood_eval,150,0.0,0.0,0.4866666666666667,0.7666666666666667,0.03564852027843396,0.7640895338853201
Scratch CNN,bc_128px_v1,ood,lighting_diverse,reach,lighting_direction_intensity,diverse_train,20,2,lighting_extreme_ood_eval,150,0.5866666666666667,0.5866666666666667,1.0,1.0,0.005751820591588815,0.021959327881534894
Scratch CNN,bc_128px_v1,ood,lighting_fixed,reach,lighting_direction_intensity,fixed_train,5,2,lighting_extreme_ood_eval,150,0.0,0.0,0.5866666666666667,1.0,0.01966932845612367,0.25447205066680906
Scratch CNN,bc_128px_v1,ood,avoid_spatial_narrow,avoid_reach,spatial_distribution,narrow_train,20,0,avoid_spatial_edge_ood_eval,150,0.0,0.03333333333333333,0.07333333333333333,0.22666666666666666,0.13204093292976418,0.3239188732703527
Scratch CNN,bc_128px_v1,ood,camera_fixed,reach,camera_location_viewpoint,fixed_train,20,2,camera_extreme_ood_eval,150,0.0,0.4266666666666667,1.0,1.0,0.01001227849473556,0.02305184313406547
Scratch CNN,bc_128px_v1,ood,avoid_lighting_diverse,avoid_reach,lighting_direction_intensity,diverse_train,50,2,avoid_lighting_extreme_ood_eval,150,0.0,0.0,0.0,1.0,0.02179141250749429,0.6848760064442952
Scratch CNN,bc_128px_v1,ood,spatial_wide,reach,spatial_distribution,wide_train,5,2,spatial_edge_ood_eval,150,0.0,0.0,0.0,0.12,0.1381099489082893,0.5003749716281891
Scratch CNN,bc_128px_v1,ood,avoid_color_multi,avoid_reach,color,diverse_train,50,1,avoid_color_ood_eval,150,0.0,0.0,1.0,1.0,0.015209456166873376,0.9749394889672597
Scratch CNN,bc_128px_v1,ood,lighting_diverse,reach,lighting_direction_intensity,diverse_train,5,1,lighting_extreme_ood_eval,150,0.0,0.5866666666666667,1.0,1.0,0.009699651263654232,0.20202206681172052
Scratch CNN,bc_128px_v1,ood,camera_multi_pose,reach,camera_location_viewpoint,diverse_train,20,0,camera_extreme_ood_eval,150,0.0,1.0,1.0,1.0,0.006949001482377449,0.1703321890036265
Scratch CNN,bc_128px_v1,ood,camera_multi_pose,reach,camera_location_viewpoint,diverse_train,50,1,camera_extreme_ood_eval,150,0.43333333333333335,1.0,1.0,1.0,0.004982469553748766,0.022236722745001315
Scratch CNN,bc_128px_v1,ood,avoid_lighting_diverse,avoid_reach,lighting_direction_intensity,diverse_train,5,1,avoid_lighting_extreme_ood_eval,150,0.0,0.0,0.0,1.0,0.026964635315040748,0.5154277896881103
Scratch CNN,bc_128px_v1,ood,color_multi,reach,color,diverse_train,50,1,color_ood_eval,150,0.7866666666666666,1.0,1.0,1.0,0.0041168465030690035,0.052494954926272236
Scratch CNN,bc_128px_v1,ood,avoid_color_multi,avoid_reach,color,diverse_train,5,1,avoid_color_ood_eval,150,0.0,0.0,0.0,1.0,0.026247444252173107,0.5445195066928864
Scratch CNN,bc_128px_v1,ood,lighting_fixed,reach,lighting_direction_intensity,fixed_train,20,1,lighting_extreme_ood_eval,150,0.5866666666666667,0.5866666666666667,0.5866666666666667,0.8133333333333334,0.03468232429896792,0.16061068058013916
Frozen ResNet,frozen_resnet18_bc_128px_v1,id,avoid_spatial_narrow,avoid_reach,spatial_distribution,narrow_train,5,1,avoid_spatial_narrow,150,0.0,0.0,0.013333333333333334,0.4,0.06547815139094988,0.24394687769313653
Frozen ResNet,frozen_resnet18_bc_128px_v1,id,lighting_fixed,reach,lighting_direction_intensity,fixed_train,5,2,lighting_fixed,150,0.0,0.0,1.0,1.0,0.01185727771371603,0.3111199736595154
Frozen ResNet,frozen_resnet18_bc_128px_v1,id,avoid_camera_fixed,avoid_reach,camera_location_viewpoint,fixed_train,5,0,avoid_camera_fixed,150,0.0,0.0,0.0,1.0,0.039667580276727676,0.10172131657600403
Frozen ResNet,frozen_resnet18_bc_128px_v1,id,avoid_spatial_narrow,avoid_reach,spatial_distribution,narrow_train,50,1,avoid_spatial_narrow,150,0.013333333333333334,0.02,0.1,0.5333333333333333,0.06521005562351395,0.2083614846567313
Frozen ResNet,frozen_resnet18_bc_128px_v1,id,avoid_lighting_fixed,avoid_reach,lighting_direction_intensity,fixed_train,5,2,avoid_lighting_fixed,150,0.0,0.0,0.0,1.0,0.028384365141391754,0.1359042078256607
Frozen ResNet,frozen_resnet18_bc_128px_v1,id,color_red_only,reach,color,fixed_train,5,2,color_red_only,150,0.0,0.0,1.0,1.0,0.015574891120195389,0.2810114324092865
Frozen ResNet,frozen_resnet18_bc_128px_v1,id,avoid_camera_multi_pose,avoid_reach,camera_location_viewpoint,diverse_train,20,1,avoid_camera_multi_pose,150,0.0,0.0,0.0,0.92,0.04379171053568522,0.12743129407366116
Frozen ResNet,frozen_resnet18_bc_128px_v1,id,avoid_camera_multi_pose,avoid_reach,camera_location_viewpoint,diverse_train,50,0,avoid_camera_multi_pose,150,0.0,0.0,0.0,1.0,0.0330635504797101,0.14439115981260936
Frozen ResNet,frozen_resnet18_bc_128px_v1,id,avoid_lighting_fixed,avoid_reach,lighting_direction_intensity,fixed_train,50,2,avoid_lighting_fixed,150,0.0,0.0,0.0,1.0,0.04081495851278305,0.13519875705242157
Frozen ResNet,frozen_resnet18_bc_128px_v1,id,avoid_camera_fixed,avoid_reach,camera_location_viewpoint,fixed_train,50,1,avoid_camera_fixed,150,0.0,0.0,0.0,1.0,0.03688683733344078,0.13101989030838013
Frozen ResNet,frozen_resnet18_bc_128px_v1,id,camera_multi_pose,reach,camera_location_viewpoint,diverse_train,50,1,camera_multi_pose,150,0.013333333333333334,0.26,1.0,1.0,0.01147752205375582,0.33712826351324715
Frozen ResNet,frozen_resnet18_bc_128px_v1,id,lighting_fixed,reach,lighting_direction_intensity,fixed_train,20,0,lighting_fixed,150,0.0,0.0,1.0,1.0,0.010905795730650425,0.28637489676475525
Frozen ResNet,frozen_resnet18_bc_128px_v1,id,avoid_camera_fixed,avoid_reach,camera_location_viewpoint,fixed_train,20,0,avoid_camera_fixed,150,0.0,0.0,0.0,1.0,0.03444170206785202,0.13703355193138123
Frozen ResNet,frozen_resnet18_bc_128px_v1,id,spatial_narrow,reach,spatial_distribution,narrow_train,20,1,spatial_narrow,150,0.0,0.013333333333333334,0.12666666666666668,0.94,0.03187150243048867,0.2713526266813278
Frozen ResNet,frozen_resnet18_bc_128px_v1,id,color_red_only,reach,color,fixed_train,20,0,color_red_only,150,0.0,0.0,1.0,1.0,0.012816064059734344,0.3362908363342285
Frozen ResNet,frozen_resnet18_bc_128px_v1,id,color_multi,reach,color,diverse_train,50,2,color_multi,150,0.0,0.0,1.0,1.0,0.01747904104491075,0.32858886500199636
Frozen ResNet,frozen_resnet18_bc_128px_v1,id,camera_fixed,reach,camera_location_viewpoint,fixed_train,20,2,camera_fixed,150,0.0,1.0,1.0,1.0,0.00835907831788063,0.34305521845817566
Frozen ResNet,frozen_resnet18_bc_128px_v1,id,camera_multi_pose,reach,camera_location_viewpoint,diverse_train,5,2,camera_multi_pose,150,0.3933333333333333,0.7666666666666667,0.9933333333333333,1.0,0.007124880072272693,0.3106400769316436
Frozen ResNet,frozen_resnet18_bc_128px_v1,id,camera_multi_pose,reach,camera_location_viewpoint,diverse_train,50,2,camera_multi_pose,150,0.013333333333333334,0.6533333333333333,1.0,1.0,0.009566910626987616,0.34421055714289345
Frozen ResNet,frozen_resnet18_bc_128px_v1,id,lighting_diverse,reach,lighting_direction_intensity,diverse_train,5,1,lighting_diverse,150,0.46,0.7666666666666667,1.0,1.0,0.006157092890546967,0.3603667179743449
Frozen ResNet,frozen_resnet18_bc_128px_v1,id,lighting_diverse,reach,lighting_direction_intensity,diverse_train,50,2,lighting_diverse,150,0.0,0.9266666666666666,1.0,1.0,0.008263930923615893,0.35708967586358387
Frozen ResNet,frozen_resnet18_bc_128px_v1,id,avoid_lighting_diverse,avoid_reach,lighting_direction_intensity,diverse_train,50,1,avoid_lighting_diverse,150,0.0,0.0,0.0,1.0,0.03956280987709761,0.13979202677806218
Frozen ResNet,frozen_resnet18_bc_128px_v1,id,lighting_fixed,reach,lighting_direction_intensity,fixed_train,50,1,lighting_fixed,150,0.0,1.0,1.0,1.0,0.006226223427802324,0.3309613764286041
Frozen ResNet,frozen_resnet18_bc_128px_v1,id,avoid_lighting_fixed,avoid_reach,lighting_direction_intensity,fixed_train,20,2,avoid_lighting_fixed,150,0.0,0.0,0.0,1.0,0.033166028559207916,0.06285559386014938
Frozen ResNet,frozen_resnet18_bc_128px_v1,id,color_multi,reach,color,diverse_train,20,0,color_multi,150,0.0,0.26666666666666666,1.0,1.0,0.010189523783822855,0.3565449651082357
Frozen ResNet,frozen_resnet18_bc_128px_v1,id,spatial_narrow,reach,spatial_distribution,narrow_train,50,0,spatial_narrow,150,0.06,0.4666666666666667,0.9933333333333333,1.0,0.0100480963398392,0.1823814707932373
Frozen ResNet,frozen_resnet18_bc_128px_v1,id,avoid_spatial_wide,avoid_reach,spatial_distribution,wide_train,20,2,avoid_spatial_wide,150,0.0,0.0,0.0,0.06666666666666667,0.19286121897399425,0.35621721506118775
Frozen ResNet,frozen_resnet18_bc_128px_v1,id,color_red_only,reach,color,fixed_train,50,1,color_red_only,150,0.0,1.0,1.0,1.0,0.007976791821420193,0.3362296223640442
Frozen ResNet,frozen_resnet18_bc_128px_v1,id,camera_multi_pose,reach,camera_location_viewpoint,diverse_train,5,1,camera_multi_pose,150,0.0,0.10666666666666667,0.7666666666666667,1.0,0.016225304376954835,0.3265546770890554
Frozen ResNet,frozen_resnet18_bc_128px_v1,id,color_multi,reach,color,diverse_train,50,1,color_multi,150,0.0,0.0,1.0,1.0,0.015823051035404205,0.3479487216472626
Frozen ResNet,frozen_resnet18_bc_128px_v1,id,avoid_spatial_narrow,avoid_reach,spatial_distribution,narrow_train,20,1,avoid_spatial_narrow,150,0.013333333333333334,0.02,0.09333333333333334,0.52,0.05911277533043176,0.21879348573585353
Frozen ResNet,frozen_resnet18_bc_128px_v1,id,avoid_camera_multi_pose,avoid_reach,camera_location_viewpoint,diverse_train,5,0,avoid_camera_multi_pose,150,0.0,0.0,0.0,0.10666666666666667,0.06204185776412487,0.17136339619755744
Frozen ResNet,frozen_resnet18_bc_128px_v1,id,spatial_wide,reach,spatial_distribution,wide_train,20,2,spatial_wide,150,0.0,0.013333333333333334,0.19333333333333333,0.5666666666666667,0.04741542973245184,0.16418738101919492
Frozen ResNet,frozen_resnet18_bc_128px_v1,id,avoid_spatial_wide,avoid_reach,spatial_distribution,wide_train,5,2,avoid_spatial_wide,150,0.0,0.0,0.06666666666666667,0.18666666666666668,0.10956550210093459,0.3122147119541963
Frozen ResNet,frozen_resnet18_bc_128px_v1,id,lighting_diverse,reach,lighting_direction_intensity,diverse_train,20,2,lighting_diverse,150,0.24,0.94,1.0,1.0,0.006898245572422941,0.3371433252096176
Frozen ResNet,frozen_resnet18_bc_128px_v1,id,camera_multi_pose,reach,camera_location_viewpoint,diverse_train,20,0,camera_multi_pose,150,0.06666666666666667,0.5,0.8866666666666667,1.0,0.01161494547035545,0.3031426965196927
Frozen ResNet,frozen_resnet18_bc_128px_v1,id,lighting_fixed,reach,lighting_direction_intensity,fixed_train,5,0,lighting_fixed,150,1.0,1.0,1.0,1.0,0.0033197898883372545,0.006666900124400854
Frozen ResNet,frozen_resnet18_bc_128px_v1,id,camera_fixed,reach,camera_location_viewpoint,fixed_train,5,0,camera_fixed,150,0.0,1.0,1.0,1.0,0.009086246602237225,0.32771414518356323
Frozen ResNet,frozen_resnet18_bc_128px_v1,id,avoid_color_multi,avoid_reach,color,diverse_train,5,2,avoid_color_multi,150,0.0,0.0,0.0,1.0,0.047143443201979,0.04909081620474656
Frozen ResNet,frozen_resnet18_bc_128px_v1,id,spatial_wide,reach,spatial_distribution,wide_train,20,1,spatial_wide,150,0.006666666666666667,0.04,0.19333333333333333,0.6733333333333333,0.04265200959518552,0.21116901542370517
Frozen ResNet,frozen_resnet18_bc_128px_v1,id,avoid_lighting_fixed,avoid_reach,lighting_direction_intensity,fixed_train,20,1,avoid_lighting_fixed,150,0.0,0.0,0.0,1.0,0.041127920150756836,0.13610140979290009
Frozen ResNet,frozen_resnet18_bc_128px_v1,id,avoid_color_multi,avoid_reach,color,diverse_train,50,1,avoid_color_multi,150,0.0,0.0,0.0,1.0,0.04132925147811572,0.10357723101973533
Frozen ResNet,frozen_resnet18_bc_128px_v1,id,spatial_wide,reach,spatial_distribution,wide_train,50,0,spatial_wide,150,0.18666666666666668,0.38666666666666666,0.7333333333333333,0.94,0.017329537394301344,0.10279221535349886
Frozen ResNet,frozen_resnet18_bc_128px_v1,id,avoid_color_red_only,avoid_reach,color,fixed_train,20,0,avoid_color_red_only,150,0.0,0.0,0.0,1.0,0.03444170206785202,0.13703355193138123
Frozen ResNet,frozen_resnet18_bc_128px_v1,id,avoid_camera_fixed,avoid_reach,camera_location_viewpoint,fixed_train,20,1,avoid_camera_fixed,150,0.0,0.0,0.0,1.0,0.03231608495116234,0.13341867923736572
Frozen ResNet,frozen_resnet18_bc_128px_v1,id,avoid_camera_multi_pose,avoid_reach,camera_location_viewpoint,diverse_train,50,1,avoid_camera_multi_pose,150,0.0,0.0,0.0,1.0,0.03863004726668199,0.1463322976231575
Frozen ResNet,frozen_resnet18_bc_128px_v1,id,avoid_spatial_narrow,avoid_reach,spatial_distribution,narrow_train,20,2,avoid_spatial_narrow,150,0.0,0.0,0.006666666666666667,0.22,0.11376184709370137,0.2308102751771609
Frozen ResNet,frozen_resnet18_bc_128px_v1,id,spatial_narrow,reach,spatial_distribution,narrow_train,5,1,spatial_narrow,150,0.02666666666666667,0.07333333333333333,0.21333333333333335,0.41333333333333333,0.062451943340711295,0.33709262907505033
Frozen ResNet,frozen_resnet18_bc_128px_v1,id,color_red_only,reach,color,fixed_train,5,0,color_red_only,150,0.0,1.0,1.0,1.0,0.009086246602237225,0.32771414518356323
Frozen ResNet,frozen_resnet18_bc_128px_v1,id,avoid_camera_fixed,avoid_reach,camera_location_viewpoint,fixed_train,50,0,avoid_camera_fixed,150,0.0,0.0,0.0,1.0,0.03764408081769943,0.2656744122505188
Frozen ResNet,frozen_resnet18_bc_128px_v1,id,avoid_camera_multi_pose,avoid_reach,camera_location_viewpoint,diverse_train,20,0,avoid_camera_multi_pose,150,0.0,0.0,0.0,0.12666666666666668,0.17613999428848426,0.41855955101549625
Frozen ResNet,frozen_resnet18_bc_128px_v1,id,color_multi,reach,color,diverse_train,50,0,color_multi,150,0.0,0.44666666666666666,1.0,1.0,0.010044467772046725,0.2922444836298625
Frozen ResNet,frozen_resnet18_bc_128px_v1,id,color_multi,reach,color,diverse_train,20,1,color_multi,150,0.0,0.7333333333333333,1.0,1.0,0.008384914249181747,0.2923634745677312
Frozen ResNet,frozen_resnet18_bc_128px_v1,id,lighting_fixed,reach,lighting_direction_intensity,fixed_train,20,2,lighting_fixed,150,0.0,0.0,1.0,1.0,0.018048448488116264,0.3239707946777344
Frozen ResNet,frozen_resnet18_bc_128px_v1,id,avoid_lighting_diverse,avoid_reach,lighting_direction_intensity,diverse_train,50,2,avoid_lighting_diverse,150,0.0,0.0,0.42,1.0,0.021555361213783424,0.1769959355890751
Frozen ResNet,frozen_resnet18_bc_128px_v1,id,avoid_camera_fixed,avoid_reach,camera_location_viewpoint,fixed_train,5,1,avoid_camera_fixed,150,0.0,0.0,0.0,0.0,0.05376845598220825,0.2082422822713852
Frozen ResNet,frozen_resnet18_bc_128px_v1,id,color_red_only,reach,color,fixed_train,20,2,color_red_only,150,0.0,1.0,1.0,1.0,0.00835907831788063,0.34305521845817566
Frozen ResNet,frozen_resnet18_bc_128px_v1,id,avoid_color_red_only,avoid_reach,color,fixed_train,50,0,avoid_color_red_only,150,0.0,0.0,0.0,1.0,0.03764408081769943,0.2656744122505188
Frozen ResNet,frozen_resnet18_bc_128px_v1,id,camera_fixed,reach,camera_location_viewpoint,fixed_train,50,0,camera_fixed,150,0.0,0.0,1.0,1.0,0.012723430059850216,0.34646010398864746
Frozen ResNet,frozen_resnet18_bc_128px_v1,id,avoid_spatial_narrow,avoid_reach,spatial_distribution,narrow_train,5,2,avoid_spatial_narrow,150,0.0,0.02666666666666667,0.1,0.31333333333333335,0.08604547745548188,0.27460354616244637
Frozen ResNet,frozen_resnet18_bc_128px_v1,id,color_multi,reach,color,diverse_train,20,2,color_multi,150,0.0,0.0,1.0,1.0,0.014271201658993959,0.35357989033063253
Frozen ResNet,frozen_resnet18_bc_128px_v1,id,avoid_lighting_diverse,avoid_reach,lighting_direction_intensity,diverse_train,50,0,avoid_lighting_diverse,150,0.0,0.0,0.0,1.0,0.02997258783628543,0.12738804993530115
Frozen ResNet,frozen_resnet18_bc_128px_v1,id,avoid_color_red_only,avoid_reach,color,fixed_train,5,0,avoid_color_red_only,150,0.0,0.0,0.0,1.0,0.039667580276727676,0.10172131657600403
Frozen ResNet,frozen_resnet18_bc_128px_v1,id,avoid_spatial_narrow,avoid_reach,spatial_distribution,narrow_train,50,2,avoid_spatial_narrow,150,0.013333333333333334,0.07333333333333333,0.18666666666666668,0.64,0.04180945536742608,0.1868373385320107
Frozen ResNet,frozen_resnet18_bc_128px_v1,id,avoid_color_multi,avoid_reach,color,diverse_train,20,0,avoid_color_multi,150,0.0,0.0,0.0,0.2733333333333333,0.15044748122493426,0.37229245776931447
Frozen ResNet,frozen_resnet18_bc_128px_v1,id,spatial_narrow,reach,spatial_distribution,narrow_train,50,2,spatial_narrow,150,0.3,0.6933333333333334,0.98,1.0,0.008266466414788738,0.1597849308679967
Frozen ResNet,frozen_resnet18_bc_128px_v1,id,avoid_lighting_fixed,avoid_reach,lighting_direction_intensity,fixed_train,5,1,avoid_lighting_fixed,150,0.0,0.0,0.0,1.0,0.025226926431059837,0.13499999046325684
Frozen ResNet,frozen_resnet18_bc_128px_v1,id,spatial_wide,reach,spatial_distribution,wide_train,5,0,spatial_wide,150,0.006666666666666667,0.013333333333333334,0.06,0.19333333333333333,0.11786040860693901,0.3116068405906359
Frozen ResNet,frozen_resnet18_bc_128px_v1,id,avoid_lighting_fixed,avoid_reach,lighting_direction_intensity,fixed_train,50,1,avoid_lighting_fixed,150,0.0,0.0,0.0,1.0,0.03394848480820656,0.1258329153060913
Frozen ResNet,frozen_resnet18_bc_128px_v1,id,camera_fixed,reach,camera_location_viewpoint,fixed_train,20,1,camera_fixed,150,0.0,1.0,1.0,1.0,0.007658759132027626,0.33831799030303955
Frozen ResNet,frozen_resnet18_bc_128px_v1,id,lighting_diverse,reach,lighting_direction_intensity,diverse_train,5,0,lighting_diverse,150,0.0,0.0,0.6866666666666666,1.0,0.017769663439442713,0.3225390062729518
Frozen ResNet,frozen_resnet18_bc_128px_v1,id,avoid_spatial_wide,avoid_reach,spatial_distribution,wide_train,50,2,avoid_spatial_wide,150,0.0,0.04,0.17333333333333334,0.5933333333333334,0.06312688335155447,0.1613573402414719
Frozen ResNet,frozen_resnet18_bc_128px_v1,id,avoid_camera_multi_pose,avoid_reach,camera_location_viewpoint,diverse_train,5,1,avoid_camera_multi_pose,150,0.0,0.0,0.0,0.72,0.054110778346657756,0.07060023059447607
Frozen ResNet,frozen_resnet18_bc_128px_v1,id,avoid_color_multi,avoid_reach,color,diverse_train,5,1,avoid_color_multi,150,0.0,0.0,0.0,1.0,0.04408722010751565,0.1274690789729357
Frozen ResNet,frozen_resnet18_bc_128px_v1,id,avoid_color_multi,avoid_reach,color,diverse_train,50,2,avoid_color_multi,150,0.0,0.0,0.0,1.0,0.04041924327611923,0.05620985006292661
Frozen ResNet,frozen_resnet18_bc_128px_v1,id,avoid_spatial_wide,avoid_reach,spatial_distribution,wide_train,5,0,avoid_spatial_wide,150,0.0,0.006666666666666667,0.03333333333333333,0.16,0.13534290007626018,0.2490737580259641
Frozen ResNet,frozen_resnet18_bc_128px_v1,id,lighting_diverse,reach,lighting_direction_intensity,diverse_train,50,0,lighting_diverse,150,0.0,0.76,1.0,1.0,0.007945712997267644,0.3498267936706543
Frozen ResNet,frozen_resnet18_bc_128px_v1,id,spatial_wide,reach,spatial_distribution,wide_train,50,2,spatial_wide,150,0.006666666666666667,0.11333333333333333,0.31333333333333335,0.8333333333333334,0.031239056307822467,0.20853224953015645
Frozen ResNet,frozen_resnet18_bc_128px_v1,id,avoid_camera_multi_pose,avoid_reach,camera_location_viewpoint,diverse_train,50,2,avoid_camera_multi_pose,150,0.0,0.0,0.0,1.0,0.0407276925444603,0.11588173277676106
Frozen ResNet,frozen_resnet18_bc_128px_v1,id,avoid_color_multi,avoid_reach,color,diverse_train,20,1,avoid_color_multi,150,0.0,0.0,0.0,1.0,0.04695645255347093,0.07750491507351398
Frozen ResNet,frozen_resnet18_bc_128px_v1,id,camera_fixed,reach,camera_location_viewpoint,fixed_train,5,2,camera_fixed,150,0.0,0.0,1.0,1.0,0.015574891120195389,0.2810114324092865
Frozen ResNet,frozen_resnet18_bc_128px_v1,id,avoid_lighting_diverse,avoid_reach,lighting_direction_intensity,diverse_train,20,2,avoid_lighting_diverse,150,0.0,0.42,0.5333333333333333,1.0,0.01801185249350965,0.19914996405442556
Frozen ResNet,frozen_resnet18_bc_128px_v1,id,color_red_only,reach,color,fixed_train,50,2,color_red_only,150,0.0,0.0,1.0,1.0,0.014850316569209099,0.296434223651886
Frozen ResNet,frozen_resnet18_bc_128px_v1,id,avoid_spatial_wide,avoid_reach,spatial_distribution,wide_train,20,0,avoid_spatial_wide,150,0.03333333333333333,0.10666666666666667,0.26666666666666666,0.3933333333333333,0.09318748793176686,0.208397388830781
Frozen ResNet,frozen_resnet18_bc_128px_v1,id,avoid_color_red_only,avoid_reach,color,fixed_train,20,1,avoid_color_red_only,150,0.0,0.0,0.0,1.0,0.03231608495116234,0.13341867923736572
Frozen ResNet,frozen_resnet18_bc_128px_v1,id,avoid_spatial_wide,avoid_reach,spatial_distribution,wide_train,50,1,avoid_spatial_wide,150,0.04666666666666667,0.14,0.3466666666666667,0.7333333333333333,0.04322355850134045,0.28234464839100837
Frozen ResNet,frozen_resnet18_bc_128px_v1,id,color_multi,reach,color,diverse_train,5,1,color_multi,150,0.5266666666666666,1.0,1.0,1.0,0.005043085062255462,0.32097949902216594
Frozen ResNet,frozen_resnet18_bc_128px_v1,id,avoid_color_multi,avoid_reach,color,diverse_train,5,0,avoid_color_multi,150,0.0,0.0,0.0,0.7266666666666667,0.08682786372800667,0.18474838614463807
Frozen ResNet,frozen_resnet18_bc_128px_v1,id,avoid_lighting_fixed,avoid_reach,lighting_direction_intensity,fixed_train,20,0,avoid_lighting_fixed,150,0.0,0.0,0.0,1.0,0.03936286270618439,0.06737811863422394
Frozen ResNet,frozen_resnet18_bc_128px_v1,id,lighting_diverse,reach,lighting_direction_intensity,diverse_train,20,0,lighting_diverse,150,0.0,0.2866666666666667,1.0,1.0,0.012078048872450987,0.32475875318050385
Frozen ResNet,frozen_resnet18_bc_128px_v1,id,lighting_fixed,reach,lighting_direction_intensity,fixed_train,50,2,lighting_fixed,150,1.0,1.0,1.0,1.0,0.0036861940752714872,0.34353989362716675
Frozen ResNet,frozen_resnet18_bc_128px_v1,id,color_multi,reach,color,diverse_train,5,2,color_multi,150,0.24,1.0,1.0,1.0,0.006252301416049401,0.2989713603258133
Frozen ResNet,frozen_resnet18_bc_128px_v1,id,spatial_narrow,reach,spatial_distribution,narrow_train,20,2,spatial_narrow,150,0.14666666666666667,0.44666666666666666,0.7866666666666666,0.9933333333333333,0.01522255569929257,0.20407014483818783
Frozen ResNet,frozen_resnet18_bc_128px_v1,id,avoid_lighting_diverse,avoid_reach,lighting_direction_intensity,diverse_train,5,1,avoid_lighting_diverse,150,0.0,0.0,0.0,0.22666666666666666,0.08980828752120336,0.1118804042538007
Frozen ResNet,frozen_resnet18_bc_128px_v1,id,spatial_wide,reach,spatial_distribution,wide_train,5,2,spatial_wide,150,0.006666666666666667,0.013333333333333334,0.06666666666666667,0.28,0.08901184714244058,0.2803942185407504
Frozen ResNet,frozen_resnet18_bc_128px_v1,id,avoid_color_multi,avoid_reach,color,diverse_train,50,0,avoid_color_multi,150,0.0,0.0,0.0,1.0,0.04232588912049929,0.1669238168001175
Frozen ResNet,frozen_resnet18_bc_128px_v1,id,camera_fixed,reach,camera_location_viewpoint,fixed_train,50,2,camera_fixed,150,0.0,0.0,1.0,1.0,0.014850316569209099,0.296434223651886
Frozen ResNet,frozen_resnet18_bc_128px_v1,id,avoid_lighting_diverse,avoid_reach,lighting_direction_intensity,diverse_train,20,0,avoid_lighting_diverse,150,0.0,0.2866666666666667,0.8666666666666667,1.0,0.013557574916630984,0.37194204062223435
Frozen ResNet,frozen_resnet18_bc_128px_v1,id,avoid_camera_fixed,avoid_reach,camera_location_viewpoint,fixed_train,20,2,avoid_camera_fixed,150,0.0,0.0,0.0,1.0,0.038585495203733444,0.05549198016524315
Frozen ResNet,frozen_resnet18_bc_128px_v1,id,avoid_lighting_fixed,avoid_reach,lighting_direction_intensity,fixed_train,50,0,avoid_lighting_fixed,150,0.0,0.0,0.0,1.0,0.030263345688581467,0.13240504264831543
Frozen ResNet,frozen_resnet18_bc_128px_v1,id,avoid_camera_multi_pose,avoid_reach,camera_location_viewpoint,diverse_train,5,2,avoid_camera_multi_pose,150,0.0,0.0,0.0,0.37333333333333335,0.051983371997872986,0.09475978285074234
Frozen ResNet,frozen_resnet18_bc_128px_v1,id,color_red_only,reach,color,fixed_train,5,1,color_red_only,150,0.0,0.0,0.0,1.0,0.023156188428401947,0.28158190846443176
Frozen ResNet,frozen_resnet18_bc_128px_v1,id,avoid_lighting_fixed,avoid_reach,lighting_direction_intensity,fixed_train,5,0,avoid_lighting_fixed,150,0.0,0.0,0.0,1.0,0.02834596298635006,0.21400417387485504
Frozen ResNet,frozen_resnet18_bc_128px_v1,id,spatial_narrow,reach,spatial_distribution,narrow_train,5,0,spatial_narrow,150,0.06666666666666667,0.22666666666666666,0.4,0.6733333333333333,0.03599493751147141,0.19259227295561382
Frozen ResNet,frozen_resnet18_bc_128px_v1,id,lighting_fixed,reach,lighting_direction_intensity,fixed_train,5,1,lighting_fixed,150,0.0,0.0,0.0,1.0,0.021803464740514755,0.3443676829338074
Frozen ResNet,frozen_resnet18_bc_128px_v1,id,avoid_color_red_only,avoid_reach,color,fixed_train,5,1,avoid_color_red_only,150,0.0,0.0,0.0,0.0,0.05376845598220825,0.2082422822713852
Frozen ResNet,frozen_resnet18_bc_128px_v1,id,avoid_color_multi,avoid_reach,color,diverse_train,20,2,avoid_color_multi,150,0.0,0.0,0.0,1.0,0.03523136662940184,0.1428631365299225
Frozen ResNet,frozen_resnet18_bc_128px_v1,id,avoid_camera_fixed,avoid_reach,camera_location_viewpoint,fixed_train,5,2,avoid_camera_fixed,150,0.0,0.0,0.0,0.0,0.08497732877731323,0.15781144797801971
Frozen ResNet,frozen_resnet18_bc_128px_v1,id,avoid_color_red_only,avoid_reach,color,fixed_train,50,1,avoid_color_red_only,150,0.0,0.0,0.0,1.0,0.03688683733344078,0.13101989030838013
Frozen ResNet,frozen_resnet18_bc_128px_v1,id,camera_multi_pose,reach,camera_location_viewpoint,diverse_train,5,0,camera_multi_pose,150,0.02,0.19333333333333333,0.58,1.0,0.01908739039519181,0.29047384778658547
Frozen ResNet,frozen_resnet18_bc_128px_v1,id,avoid_spatial_wide,avoid_reach,spatial_distribution,wide_train,50,0,avoid_spatial_wide,150,0.006666666666666667,0.03333333333333333,0.2,0.6266666666666667,0.05586273535775642,0.16295129594703514
Frozen ResNet,frozen_resnet18_bc_128px_v1,id,lighting_diverse,reach,lighting_direction_intensity,diverse_train,20,1,lighting_diverse,150,0.26,1.0,1.0,1.0,0.005618967510138948,0.3586508729060491
Frozen ResNet,frozen_resnet18_bc_128px_v1,id,avoid_camera_multi_pose,avoid_reach,camera_location_viewpoint,diverse_train,20,2,avoid_camera_multi_pose,150,0.0,0.0,0.0,0.9733333333333334,0.04316781163215637,0.10977542549371719
Frozen ResNet,frozen_resnet18_bc_128px_v1,id,avoid_spatial_wide,avoid_reach,spatial_distribution,wide_train,20,1,avoid_spatial_wide,150,0.06666666666666667,0.12,0.36666666666666664,0.7266666666666667,0.0387740839451241,0.32646887600421903
Frozen ResNet,frozen_resnet18_bc_128px_v1,id,camera_fixed,reach,camera_location_viewpoint,fixed_train,20,0,camera_fixed,150,0.0,0.0,1.0,1.0,0.012816064059734344,0.3362908363342285
Frozen ResNet,frozen_resnet18_bc_128px_v1,id,lighting_diverse,reach,lighting_direction_intensity,diverse_train,5,2,lighting_diverse,150,0.26,0.38,0.86,1.0,0.012172765748885771,0.2552673495312532
Frozen ResNet,frozen_resnet18_bc_128px_v1,id,color_red_only,reach,color,fixed_train,50,0,color_red_only,150,0.0,0.0,1.0,1.0,0.012723430059850216,0.34646010398864746
Frozen ResNet,frozen_resnet18_bc_128px_v1,id,lighting_diverse,reach,lighting_direction_intensity,diverse_train,50,1,lighting_diverse,150,0.0,0.0,1.0,1.0,0.015706008970737456,0.3369951230287552
Frozen ResNet,frozen_resnet18_bc_128px_v1,id,spatial_narrow,reach,spatial_distribution,narrow_train,50,1,spatial_narrow,150,0.0,0.11333333333333333,0.82,0.9933333333333333,0.016738904075076184,0.19244508286317188
Frozen ResNet,frozen_resnet18_bc_128px_v1,id,camera_multi_pose,reach,camera_location_viewpoint,diverse_train,20,1,camera_multi_pose,150,0.0,0.04666666666666667,0.9,1.0,0.015456133196130395,0.3371505414446195
Frozen ResNet,frozen_resnet18_bc_128px_v1,id,spatial_wide,reach,spatial_distribution,wide_train,5,1,spatial_wide,150,0.006666666666666667,0.06,0.12666666666666668,0.36666666666666664,0.07675967203608404,0.23256031100948651
Frozen ResNet,frozen_resnet18_bc_128px_v1,id,avoid_color_red_only,avoid_reach,color,fixed_train,5,2,avoid_color_red_only,150,0.0,0.0,0.0,0.0,0.08497732877731323,0.15781144797801971
Frozen ResNet,frozen_resnet18_bc_128px_v1,id,avoid_lighting_diverse,avoid_reach,lighting_direction_intensity,diverse_train,5,2,avoid_lighting_diverse,150,0.09333333333333334,0.26,0.36,0.6,0.058469955657298366,0.268454020768404
Frozen ResNet,frozen_resnet18_bc_128px_v1,id,avoid_spatial_narrow,avoid_reach,spatial_distribution,narrow_train,50,0,avoid_spatial_narrow,150,0.006666666666666667,0.06,0.19333333333333333,0.7733333333333333,0.03622144225053489,0.17298346315821012
Frozen ResNet,frozen_resnet18_bc_128px_v1,id,avoid_color_red_only,avoid_reach,color,fixed_train,50,2,avoid_color_red_only,150,0.0,0.0,0.0,1.0,0.041951652616262436,0.054824765771627426
Frozen ResNet,frozen_resnet18_bc_128px_v1,id,lighting_fixed,reach,lighting_direction_intensity,fixed_train,50,0,lighting_fixed,150,0.0,0.0,1.0,1.0,0.010791047476232052,0.2893231213092804
Frozen ResNet,frozen_resnet18_bc_128px_v1,id,avoid_spatial_wide,avoid_reach,spatial_distribution,wide_train,5,1,avoid_spatial_wide,150,0.0,0.013333333333333334,0.08,0.28,0.11677188925134639,0.30547877445816995
Frozen ResNet,frozen_resnet18_bc_128px_v1,id,avoid_spatial_narrow,avoid_reach,spatial_distribution,narrow_train,5,0,avoid_spatial_narrow,150,0.0,0.0,0.02666666666666667,0.17333333333333334,0.09162498041366537,0.18918721531828245
Frozen ResNet,frozen_resnet18_bc_128px_v1,id,camera_fixed,reach,camera_location_viewpoint,fixed_train,50,1,camera_fixed,150,0.0,1.0,1.0,1.0,0.007976791821420193,0.3362296223640442
Frozen ResNet,frozen_resnet18_bc_128px_v1,id,color_red_only,reach,color,fixed_train,20,1,color_red_only,150,0.0,1.0,1.0,1.0,0.007658759132027626,0.33831799030303955
Frozen ResNet,frozen_resnet18_bc_128px_v1,id,spatial_narrow,reach,spatial_distribution,narrow_train,20,0,spatial_narrow,150,0.02,0.03333333333333333,0.32,0.94,0.028028827679033082,0.1728791667521
Frozen ResNet,frozen_resnet18_bc_128px_v1,id,camera_multi_pose,reach,camera_location_viewpoint,diverse_train,20,2,camera_multi_pose,150,0.0,0.02666666666666667,0.6533333333333333,1.0,0.01802443229282896,0.32058933198451994
Frozen ResNet,frozen_resnet18_bc_128px_v1,id,avoid_lighting_diverse,avoid_reach,lighting_direction_intensity,diverse_train,5,0,avoid_lighting_diverse,150,0.0,0.08666666666666667,0.16666666666666666,0.6333333333333333,0.039712863406166435,0.16900757908821107
Frozen ResNet,frozen_resnet18_bc_128px_v1,id,color_multi,reach,color,diverse_train,5,0,color_multi,150,0.0,0.24,1.0,1.0,0.013592923289785782,0.3274608294169108
Frozen ResNet,frozen_resnet18_bc_128px_v1,id,avoid_lighting_diverse,avoid_reach,lighting_direction_intensity,diverse_train,20,1,avoid_lighting_diverse,150,0.0,0.0,0.0,1.0,0.04143131156762441,0.09946468320985635
Frozen ResNet,frozen_resnet18_bc_128px_v1,id,lighting_fixed,reach,lighting_direction_intensity,fixed_train,20,1,lighting_fixed,150,0.0,1.0,1.0,1.0,0.006062016822397709,0.2963692247867584
Frozen ResNet,frozen_resnet18_bc_128px_v1,id,avoid_spatial_narrow,avoid_reach,spatial_distribution,narrow_train,20,0,avoid_spatial_narrow,150,0.0,0.0,0.0,0.04666666666666667,0.14486283252636592,0.31626236895720167
Frozen ResNet,frozen_resnet18_bc_128px_v1,id,spatial_wide,reach,spatial_distribution,wide_train,50,1,spatial_wide,150,0.03333333333333333,0.11333333333333333,0.6933333333333334,0.98,0.019124730842498442,0.1585120772694548
Frozen ResNet,frozen_resnet18_bc_128px_v1,id,spatial_narrow,reach,spatial_distribution,narrow_train,5,2,spatial_narrow,150,0.02666666666666667,0.04,0.12,0.6533333333333333,0.04340423655075332,0.30176987588405607
Frozen ResNet,frozen_resnet18_bc_128px_v1,id,avoid_color_red_only,avoid_reach,color,fixed_train,20,2,avoid_color_red_only,150,0.0,0.0,0.0,1.0,0.038585495203733444,0.05549198016524315
Frozen ResNet,frozen_resnet18_bc_128px_v1,id,avoid_camera_fixed,avoid_reach,camera_location_viewpoint,fixed_train,50,2,avoid_camera_fixed,150,0.0,0.0,0.0,1.0,0.041951652616262436,0.054824765771627426
Frozen ResNet,frozen_resnet18_bc_128px_v1,id,spatial_wide,reach,spatial_distribution,wide_train,20,0,spatial_wide,150,0.0,0.013333333333333334,0.12666666666666668,0.54,0.05976664339502653,0.24190780406196913
Frozen ResNet,frozen_resnet18_bc_128px_v1,id,camera_multi_pose,reach,camera_location_viewpoint,diverse_train,50,0,camera_multi_pose,150,0.0,0.006666666666666667,0.9266666666666666,1.0,0.01647147225216031,0.33345966001351673
Frozen ResNet,frozen_resnet18_bc_128px_v1,id,camera_fixed,reach,camera_location_viewpoint,fixed_train,5,1,camera_fixed,150,0.0,0.0,0.0,1.0,0.023156188428401947,0.28158190846443176
Frozen ResNet,frozen_resnet18_bc_128px_v1,ood,color_red_only,reach,color,fixed_train,5,0,color_ood_eval,150,0.25333333333333335,0.25333333333333335,1.0,1.0,0.01038139541943868,0.32020177980264025
Frozen ResNet,frozen_resnet18_bc_128px_v1,ood,lighting_fixed,reach,lighting_direction_intensity,fixed_train,20,2,lighting_extreme_ood_eval,150,0.0,0.0,0.0,0.22666666666666666,0.06839927479624748,0.33428112109502156
Frozen ResNet,frozen_resnet18_bc_128px_v1,ood,spatial_narrow,reach,spatial_distribution,narrow_train,50,2,spatial_edge_ood_eval,150,0.04666666666666667,0.1,0.18666666666666668,0.38,0.08532898165130366,0.21121738863488038
Frozen ResNet,frozen_resnet18_bc_128px_v1,ood,color_multi,reach,color,diverse_train,5,0,color_ood_eval,150,0.0,0.25333333333333335,1.0,1.0,0.013550997835894425,0.3391650205850601
Frozen ResNet,frozen_resnet18_bc_128px_v1,ood,avoid_camera_multi_pose,avoid_reach,camera_location_viewpoint,diverse_train,20,1,avoid_camera_extreme_ood_eval,150,0.0,0.0,0.0,0.9133333333333333,0.0459822349747022,0.13324051156640052
Frozen ResNet,frozen_resnet18_bc_128px_v1,ood,avoid_camera_multi_pose,avoid_reach,camera_location_viewpoint,diverse_train,50,2,avoid_camera_extreme_ood_eval,150,0.0,0.0,0.0,0.9866666666666667,0.04129268904527028,0.10169821254909038
Frozen ResNet,frozen_resnet18_bc_128px_v1,ood,avoid_color_red_only,avoid_reach,color,fixed_train,20,0,avoid_color_ood_eval,150,0.0,0.0,0.0,1.0,0.03729500425358613,0.13646309425433475
Frozen ResNet,frozen_resnet18_bc_128px_v1,ood,avoid_camera_multi_pose,avoid_reach,camera_location_viewpoint,diverse_train,5,2,avoid_camera_extreme_ood_eval,150,0.0,0.0,0.0,0.6266666666666667,0.04867564082145691,0.07427968561649323
Frozen ResNet,frozen_resnet18_bc_128px_v1,ood,spatial_wide,reach,spatial_distribution,wide_train,5,2,spatial_edge_ood_eval,150,0.0,0.006666666666666667,0.06666666666666667,0.21333333333333335,0.11252095043969651,0.2883643837273121
Frozen ResNet,frozen_resnet18_bc_128px_v1,ood,avoid_lighting_fixed,avoid_reach,lighting_direction_intensity,fixed_train,20,0,avoid_lighting_extreme_ood_eval,150,0.0,0.0,0.0,0.23333333333333334,0.06324521693090598,0.27537503401438396
Frozen ResNet,frozen_resnet18_bc_128px_v1,ood,avoid_lighting_diverse,avoid_reach,lighting_direction_intensity,diverse_train,20,1,avoid_lighting_extreme_ood_eval,150,0.0,0.0,0.20666666666666667,0.7666666666666667,0.04966731170192361,0.21914497122168541
Frozen ResNet,frozen_resnet18_bc_128px_v1,ood,avoid_color_multi,avoid_reach,color,diverse_train,5,2,avoid_color_ood_eval,150,0.0,0.0,0.0,0.74,0.047328904668490095,0.050825873439510665
Frozen ResNet,frozen_resnet18_bc_128px_v1,ood,avoid_spatial_wide,avoid_reach,spatial_distribution,wide_train,20,0,avoid_spatial_edge_ood_eval,150,0.013333333333333334,0.02,0.09333333333333334,0.20666666666666667,0.13094701011975607,0.23676605845491092
Frozen ResNet,frozen_resnet18_bc_128px_v1,ood,avoid_color_multi,avoid_reach,color,diverse_train,50,2,avoid_color_ood_eval,150,0.0,0.0,0.0,1.0,0.04064931017657121,0.05668687703708808
Frozen ResNet,frozen_resnet18_bc_128px_v1,ood,color_multi,reach,color,diverse_train,20,2,color_ood_eval,150,0.0,0.0,1.0,1.0,0.016167447219292322,0.3457215611139933
Frozen ResNet,frozen_resnet18_bc_128px_v1,ood,color_red_only,reach,color,fixed_train,20,2,color_ood_eval,150,0.0,0.25333333333333335,0.5266666666666666,1.0,0.017353733945637943,0.31118220468362173
Frozen ResNet,frozen_resnet18_bc_128px_v1,ood,lighting_fixed,reach,lighting_direction_intensity,fixed_train,5,1,lighting_extreme_ood_eval,150,0.0,0.0,0.0,0.5866666666666667,0.04913573771715164,0.3022191921869914
Frozen ResNet,frozen_resnet18_bc_128px_v1,ood,camera_multi_pose,reach,camera_location_viewpoint,diverse_train,50,0,camera_extreme_ood_eval,150,0.0,0.03333333333333333,0.7466666666666667,1.0,0.01703890540326635,0.32991957118113835
Frozen ResNet,frozen_resnet18_bc_128px_v1,ood,lighting_diverse,reach,lighting_direction_intensity,diverse_train,50,1,lighting_extreme_ood_eval,150,0.0,0.0,0.0,1.0,0.02818333389858405,0.357095875342687
Frozen ResNet,frozen_resnet18_bc_128px_v1,ood,avoid_spatial_narrow,avoid_reach,spatial_distribution,narrow_train,50,0,avoid_spatial_edge_ood_eval,150,0.006666666666666667,0.013333333333333334,0.08666666666666667,0.29333333333333333,0.1039644224010408,0.19653087163964908
Frozen ResNet,frozen_resnet18_bc_128px_v1,ood,camera_multi_pose,reach,camera_location_viewpoint,diverse_train,20,1,camera_extreme_ood_eval,150,0.006666666666666667,0.14,0.8,1.0,0.015391834319258729,0.3511459132035573
Frozen ResNet,frozen_resnet18_bc_128px_v1,ood,camera_multi_pose,reach,camera_location_viewpoint,diverse_train,5,0,camera_extreme_ood_eval,150,0.0,0.02666666666666667,0.3,0.96,0.026336065136517088,0.2937610697746277
Frozen ResNet,frozen_resnet18_bc_128px_v1,ood,avoid_spatial_wide,avoid_reach,spatial_distribution,wide_train,5,0,avoid_spatial_edge_ood_eval,150,0.0,0.0,0.013333333333333334,0.14666666666666667,0.14713998297850292,0.269979313313961
Frozen ResNet,frozen_resnet18_bc_128px_v1,ood,avoid_lighting_fixed,avoid_reach,lighting_direction_intensity,fixed_train,20,2,avoid_lighting_extreme_ood_eval,150,0.0,0.0,0.0,0.4866666666666667,0.057695898363987606,0.15482384060819943
Frozen ResNet,frozen_resnet18_bc_128px_v1,ood,avoid_color_red_only,avoid_reach,color,fixed_train,5,0,avoid_color_ood_eval,150,0.0,0.0,0.0,1.0,0.04035903642574946,0.10278378879030546
Frozen ResNet,frozen_resnet18_bc_128px_v1,ood,avoid_color_red_only,avoid_reach,color,fixed_train,50,0,avoid_color_ood_eval,150,0.0,0.0,0.0,1.0,0.03877751149237156,0.1581831873456637
Frozen ResNet,frozen_resnet18_bc_128px_v1,ood,lighting_fixed,reach,lighting_direction_intensity,fixed_train,5,0,lighting_extreme_ood_eval,150,0.0,0.0,0.5866666666666667,0.5866666666666667,0.03504737615585327,0.2099892944097519
Frozen ResNet,frozen_resnet18_bc_128px_v1,ood,spatial_narrow,reach,spatial_distribution,narrow_train,5,2,spatial_edge_ood_eval,150,0.006666666666666667,0.013333333333333334,0.03333333333333333,0.14666666666666667,0.1299116929496328,0.32035142242908476
Frozen ResNet,frozen_resnet18_bc_128px_v1,ood,lighting_diverse,reach,lighting_direction_intensity,diverse_train,50,0,lighting_extreme_ood_eval,150,0.0,0.0,0.22666666666666666,1.0,0.024407269035776457,0.33205539782842003
Frozen ResNet,frozen_resnet18_bc_128px_v1,ood,avoid_camera_fixed,avoid_reach,camera_location_viewpoint,fixed_train,5,0,avoid_camera_extreme_ood_eval,150,0.0,0.013333333333333334,0.04,0.6333333333333333,0.05250800812306503,0.1938546018799146
Frozen ResNet,frozen_resnet18_bc_128px_v1,ood,avoid_camera_fixed,avoid_reach,camera_location_viewpoint,fixed_train,50,0,avoid_camera_extreme_ood_eval,150,0.0,0.006666666666666667,0.02666666666666667,0.6133333333333333,0.09022071801436445,0.27551986681918306
Frozen ResNet,frozen_resnet18_bc_128px_v1,ood,camera_fixed,reach,camera_location_viewpoint,fixed_train,20,2,camera_extreme_ood_eval,150,0.0,0.0,0.0,0.10666666666666667,0.06347233856717746,0.33075858394304913
Frozen ResNet,frozen_resnet18_bc_128px_v1,ood,spatial_wide,reach,spatial_distribution,wide_train,50,2,spatial_edge_ood_eval,150,0.04,0.09333333333333334,0.3,0.7466666666666667,0.0369431429139028,0.18942413213352363
Frozen ResNet,frozen_resnet18_bc_128px_v1,ood,avoid_color_multi,avoid_reach,color,diverse_train,20,2,avoid_color_ood_eval,150,0.0,0.0,0.0,1.0,0.03666907750070095,0.11339697435498237
Frozen ResNet,frozen_resnet18_bc_128px_v1,ood,lighting_diverse,reach,lighting_direction_intensity,diverse_train,5,2,lighting_extreme_ood_eval,150,0.0,0.22666666666666666,0.41333333333333333,1.0,0.023026288313170273,0.3579872993628184
Frozen ResNet,frozen_resnet18_bc_128px_v1,ood,color_red_only,reach,color,fixed_train,5,2,color_ood_eval,150,0.0,0.0,0.74,1.0,0.015998871270567178,0.3095354537169139
Frozen ResNet,frozen_resnet18_bc_128px_v1,ood,color_multi,reach,color,diverse_train,5,2,color_ood_eval,150,0.21333333333333335,0.7466666666666667,1.0,1.0,0.007189010372385383,0.3001482025782267
Frozen ResNet,frozen_resnet18_bc_128px_v1,ood,avoid_spatial_narrow,avoid_reach,spatial_distribution,narrow_train,20,2,avoid_spatial_edge_ood_eval,150,0.0,0.006666666666666667,0.006666666666666667,0.14666666666666667,0.14118613299913704,0.23229216483732065
Frozen ResNet,frozen_resnet18_bc_128px_v1,ood,spatial_wide,reach,spatial_distribution,wide_train,20,0,spatial_edge_ood_eval,150,0.006666666666666667,0.02666666666666667,0.09333333333333334,0.43333333333333335,0.08178642145435636,0.24184128945770983
Frozen ResNet,frozen_resnet18_bc_128px_v1,ood,camera_fixed,reach,camera_location_viewpoint,fixed_train,5,2,camera_extreme_ood_eval,150,0.0,0.013333333333333334,0.16,0.92,0.03234687038386862,0.3028727485736211
Frozen ResNet,frozen_resnet18_bc_128px_v1,ood,lighting_fixed,reach,lighting_direction_intensity,fixed_train,50,2,lighting_extreme_ood_eval,150,0.0,0.0,0.0,0.0,0.05516895537575086,0.29450875997543335
Frozen ResNet,frozen_resnet18_bc_128px_v1,ood,avoid_spatial_wide,avoid_reach,spatial_distribution,wide_train,50,2,avoid_spatial_edge_ood_eval,150,0.0,0.02666666666666667,0.16,0.48,0.08293791457700232,0.1924595569819212
Frozen ResNet,frozen_resnet18_bc_128px_v1,ood,avoid_lighting_diverse,avoid_reach,lighting_direction_intensity,diverse_train,20,0,avoid_lighting_extreme_ood_eval,150,0.0,0.0,0.5133333333333333,0.7933333333333333,0.03104655411715309,0.4522972717881203
Frozen ResNet,frozen_resnet18_bc_128px_v1,ood,avoid_spatial_wide,avoid_reach,spatial_distribution,wide_train,50,1,avoid_spatial_edge_ood_eval,150,0.02,0.13333333333333333,0.2733333333333333,0.5,0.06942602415103466,0.29398541159927843
Frozen ResNet,frozen_resnet18_bc_128px_v1,ood,avoid_lighting_fixed,avoid_reach,lighting_direction_intensity,fixed_train,20,1,avoid_lighting_extreme_ood_eval,150,0.0,0.0,0.0,0.0,0.0887880963087082,0.20303801894187928
Frozen ResNet,frozen_resnet18_bc_128px_v1,ood,spatial_narrow,reach,spatial_distribution,narrow_train,5,1,spatial_edge_ood_eval,150,0.0,0.0,0.02666666666666667,0.10666666666666667,0.13418137504408756,0.3732624103625615
Frozen ResNet,frozen_resnet18_bc_128px_v1,ood,color_multi,reach,color,diverse_train,20,0,color_ood_eval,150,0.0,0.25333333333333335,1.0,1.0,0.011237574343880018,0.32710324903329213
Frozen ResNet,frozen_resnet18_bc_128px_v1,ood,color_red_only,reach,color,fixed_train,20,0,color_ood_eval,150,0.0,0.25333333333333335,0.74,1.0,0.015916965864598752,0.31699851433436077
Frozen ResNet,frozen_resnet18_bc_128px_v1,ood,spatial_wide,reach,spatial_distribution,wide_train,50,1,spatial_edge_ood_eval,150,0.02666666666666667,0.13333333333333333,0.58,0.7666666666666667,0.033925577336146186,0.15492240925629933
Frozen ResNet,frozen_resnet18_bc_128px_v1,ood,avoid_camera_fixed,avoid_reach,camera_location_viewpoint,fixed_train,20,0,avoid_camera_extreme_ood_eval,150,0.0,0.0,0.06,0.86,0.038791772350668906,0.2079512854417165
Frozen ResNet,frozen_resnet18_bc_128px_v1,ood,lighting_diverse,reach,lighting_direction_intensity,diverse_train,20,1,lighting_extreme_ood_eval,150,0.0,0.0,0.18666666666666668,1.0,0.028928389350573222,0.359076456228892
Frozen ResNet,frozen_resnet18_bc_128px_v1,ood,avoid_spatial_narrow,avoid_reach,spatial_distribution,narrow_train,20,1,avoid_spatial_edge_ood_eval,150,0.0,0.0,0.013333333333333334,0.21333333333333335,0.13104264667257667,0.2185191239664952
Frozen ResNet,frozen_resnet18_bc_128px_v1,ood,camera_multi_pose,reach,camera_location_viewpoint,diverse_train,20,0,camera_extreme_ood_eval,150,0.10666666666666667,0.3333333333333333,0.8533333333333334,1.0,0.013088621367933229,0.3161994159613581
Frozen ResNet,frozen_resnet18_bc_128px_v1,ood,camera_multi_pose,reach,camera_location_viewpoint,diverse_train,50,1,camera_extreme_ood_eval,150,0.08,0.37333333333333335,0.9133333333333333,1.0,0.012443956551530088,0.3337825828957527
Frozen ResNet,frozen_resnet18_bc_128px_v1,ood,avoid_color_multi,avoid_reach,color,diverse_train,20,1,avoid_color_ood_eval,150,0.0,0.0,0.0,1.0,0.047579680904746055,0.0794757001598676
Frozen ResNet,frozen_resnet18_bc_128px_v1,ood,avoid_camera_multi_pose,avoid_reach,camera_location_viewpoint,diverse_train,50,1,avoid_camera_extreme_ood_eval,150,0.0,0.0,0.0,1.0,0.041574110922714076,0.15876416449745495
Frozen ResNet,frozen_resnet18_bc_128px_v1,ood,avoid_camera_multi_pose,avoid_reach,camera_location_viewpoint,diverse_train,20,2,avoid_camera_extreme_ood_eval,150,0.0,0.0,0.006666666666666667,1.0,0.039156775747736294,0.13225973457098006
Frozen ResNet,frozen_resnet18_bc_128px_v1,ood,color_red_only,reach,color,fixed_train,50,1,color_ood_eval,150,0.5266666666666666,0.74,1.0,1.0,0.00615891794518878,0.33294461488723753
Frozen ResNet,frozen_resnet18_bc_128px_v1,ood,camera_multi_pose,reach,camera_location_viewpoint,diverse_train,5,1,camera_extreme_ood_eval,150,0.02,0.08,0.7933333333333333,1.0,0.016645231074653564,0.34226691871881487
Frozen ResNet,frozen_resnet18_bc_128px_v1,ood,color_multi,reach,color,diverse_train,50,1,color_ood_eval,150,0.0,0.0,0.74,1.0,0.017430188482006392,0.3340896999835968
Frozen ResNet,frozen_resnet18_bc_128px_v1,ood,spatial_narrow,reach,spatial_distribution,narrow_train,50,1,spatial_edge_ood_eval,150,0.0,0.0,0.10666666666666667,0.32666666666666666,0.10139984352514148,0.30400031176706155
Frozen ResNet,frozen_resnet18_bc_128px_v1,ood,avoid_lighting_diverse,avoid_reach,lighting_direction_intensity,diverse_train,20,2,avoid_lighting_extreme_ood_eval,150,0.0,0.0,0.28,1.0,0.029490957111120222,0.2889008843898773
Frozen ResNet,frozen_resnet18_bc_128px_v1,ood,avoid_spatial_narrow,avoid_reach,spatial_distribution,narrow_train,5,1,avoid_spatial_edge_ood_eval,150,0.0,0.0,0.006666666666666667,0.08666666666666667,0.12845551460360488,0.26664080617328484
Frozen ResNet,frozen_resnet18_bc_128px_v1,ood,spatial_wide,reach,spatial_distribution,wide_train,5,1,spatial_edge_ood_eval,150,0.006666666666666667,0.04,0.11333333333333333,0.25333333333333335,0.09560358927895625,0.22223044643799464
Frozen ResNet,frozen_resnet18_bc_128px_v1,ood,avoid_camera_multi_pose,avoid_reach,camera_location_viewpoint,diverse_train,5,1,avoid_camera_extreme_ood_eval,150,0.0,0.0,0.0,0.7333333333333333,0.054276323405404885,0.06665715328107277
Frozen ResNet,frozen_resnet18_bc_128px_v1,ood,lighting_diverse,reach,lighting_direction_intensity,diverse_train,20,0,lighting_extreme_ood_eval,150,0.0,0.0,0.5866666666666667,1.0,0.021420731320977212,0.3667450257142385
Frozen ResNet,frozen_resnet18_bc_128px_v1,ood,avoid_color_multi,avoid_reach,color,diverse_train,5,1,avoid_color_ood_eval,150,0.0,0.0,0.0,1.0,0.04414241038262844,0.048885598083337145
Frozen ResNet,frozen_resnet18_bc_128px_v1,ood,avoid_spatial_narrow,avoid_reach,spatial_distribution,narrow_train,5,2,avoid_spatial_edge_ood_eval,150,0.0,0.006666666666666667,0.05333333333333334,0.20666666666666667,0.1386916084898015,0.2880096766849359
Frozen ResNet,frozen_resnet18_bc_128px_v1,ood,avoid_color_multi,avoid_reach,color,diverse_train,50,1,avoid_color_ood_eval,150,0.0,0.0,0.0,1.0,0.04099446098009745,0.07697903235753377
Frozen ResNet,frozen_resnet18_bc_128px_v1,ood,camera_fixed,reach,camera_location_viewpoint,fixed_train,50,2,camera_extreme_ood_eval,150,0.0,0.0,0.013333333333333334,0.7466666666666667,0.04422666884958744,0.34290416051944095
Frozen ResNet,frozen_resnet18_bc_128px_v1,ood,spatial_narrow,reach,spatial_distribution,narrow_train,20,0,spatial_edge_ood_eval,150,0.006666666666666667,0.013333333333333334,0.08,0.19333333333333333,0.10891312662201623,0.2114031547556321
Frozen ResNet,frozen_resnet18_bc_128px_v1,ood,avoid_color_multi,avoid_reach,color,diverse_train,20,0,avoid_color_ood_eval,150,0.0,0.0,0.0,0.0,0.19916083186864852,0.47274627685546877
Frozen ResNet,frozen_resnet18_bc_128px_v1,ood,avoid_camera_fixed,avoid_reach,camera_location_viewpoint,fixed_train,5,1,avoid_camera_extreme_ood_eval,150,0.0,0.0,0.0,0.25333333333333335,0.05361347792049249,0.2074235484500726
Frozen ResNet,frozen_resnet18_bc_128px_v1,ood,camera_fixed,reach,camera_location_viewpoint,fixed_train,5,1,camera_extreme_ood_eval,150,0.0,0.0,0.16,1.0,0.02902174318830172,0.32786620542407036
Frozen ResNet,frozen_resnet18_bc_128px_v1,ood,avoid_lighting_diverse,avoid_reach,lighting_direction_intensity,diverse_train,5,1,avoid_lighting_extreme_ood_eval,150,0.0,0.0,0.0,0.72,0.047396188005805015,0.22349110742410025
Frozen ResNet,frozen_resnet18_bc_128px_v1,ood,avoid_lighting_fixed,avoid_reach,lighting_direction_intensity,fixed_train,5,0,avoid_lighting_extreme_ood_eval,150,0.0,0.0,0.0,0.28,0.08404031045734882,0.25135494033495587
Frozen ResNet,frozen_resnet18_bc_128px_v1,ood,avoid_camera_fixed,avoid_reach,camera_location_viewpoint,fixed_train,50,1,avoid_camera_extreme_ood_eval,150,0.0,0.0,0.0,0.4866666666666667,0.07859549292673668,0.25347469456493854
Frozen ResNet,frozen_resnet18_bc_128px_v1,ood,avoid_lighting_diverse,avoid_reach,lighting_direction_intensity,diverse_train,50,2,avoid_lighting_extreme_ood_eval,150,0.28,0.28,0.56,1.0,0.02231928678850333,0.2714569632212321
Frozen ResNet,frozen_resnet18_bc_128px_v1,ood,lighting_fixed,reach,lighting_direction_intensity,fixed_train,50,1,lighting_extreme_ood_eval,150,0.0,0.26666666666666666,0.26666666666666666,0.7733333333333333,0.03110045130054156,0.25091796000798544
Frozen ResNet,frozen_resnet18_bc_128px_v1,ood,avoid_camera_fixed,avoid_reach,camera_location_viewpoint,fixed_train,20,2,avoid_camera_extreme_ood_eval,150,0.0,0.0,0.0,0.4,0.0839748315513134,0.16904865883290768
Frozen ResNet,frozen_resnet18_bc_128px_v1,ood,lighting_diverse,reach,lighting_direction_intensity,diverse_train,5,1,lighting_extreme_ood_eval,150,0.0,0.0,0.68,1.0,0.018149283081293106,0.366100549697876
Frozen ResNet,frozen_resnet18_bc_128px_v1,ood,avoid_color_red_only,avoid_reach,color,fixed_train,50,2,avoid_color_ood_eval,150,0.0,0.0,0.0,1.0,0.04372998071213563,0.05505817636847496
Frozen ResNet,frozen_resnet18_bc_128px_v1,ood,avoid_color_red_only,avoid_reach,color,fixed_train,5,2,avoid_color_ood_eval,150,0.0,0.0,0.0,0.0,0.08192428727944692,0.18473062813282012
Frozen ResNet,frozen_resnet18_bc_128px_v1,ood,spatial_wide,reach,spatial_distribution,wide_train,20,2,spatial_edge_ood_eval,150,0.0,0.04,0.17333333333333334,0.5333333333333333,0.05442363003268838,0.15541175266106924
Frozen ResNet,frozen_resnet18_bc_128px_v1,ood,lighting_diverse,reach,lighting_direction_intensity,diverse_train,20,2,lighting_extreme_ood_eval,150,0.0,0.0,0.49333333333333335,1.0,0.02249085411429405,0.3413116574287415
Frozen ResNet,frozen_resnet18_bc_128px_v1,ood,camera_multi_pose,reach,camera_location_viewpoint,diverse_train,50,2,camera_extreme_ood_eval,150,0.006666666666666667,0.47333333333333333,0.9933333333333333,1.0,0.010747268038491409,0.3462344300746918
Frozen ResNet,frozen_resnet18_bc_128px_v1,ood,color_multi,reach,color,diverse_train,50,0,color_ood_eval,150,0.0,0.0,1.0,1.0,0.012498952013750871,0.33782650689284005
Frozen ResNet,frozen_resnet18_bc_128px_v1,ood,color_red_only,reach,color,fixed_train,50,0,color_ood_eval,150,0.0,0.25333333333333335,0.74,1.0,0.017216383125633002,0.3502194299300512
Frozen ResNet,frozen_resnet18_bc_128px_v1,ood,avoid_spatial_narrow,avoid_reach,spatial_distribution,narrow_train,5,0,avoid_spatial_edge_ood_eval,150,0.0,0.0,0.013333333333333334,0.10666666666666667,0.16120454718048374,0.26248859499891597
Frozen ResNet,frozen_resnet18_bc_128px_v1,ood,camera_multi_pose,reach,camera_location_viewpoint,diverse_train,5,2,camera_extreme_ood_eval,150,0.03333333333333333,0.30666666666666664,0.7466666666666667,1.0,0.015676093042517703,0.3290178522964319
Frozen ResNet,frozen_resnet18_bc_128px_v1,ood,lighting_fixed,reach,lighting_direction_intensity,fixed_train,50,0,lighting_extreme_ood_eval,150,0.0,0.0,0.5866666666666667,0.5866666666666667,0.033937492767969764,0.15040951917568843
Frozen ResNet,frozen_resnet18_bc_128px_v1,ood,avoid_spatial_wide,avoid_reach,spatial_distribution,wide_train,50,0,avoid_spatial_edge_ood_eval,150,0.0,0.013333333333333334,0.14666666666666667,0.44,0.09393178318316737,0.21537957993646462
Frozen ResNet,frozen_resnet18_bc_128px_v1,ood,lighting_diverse,reach,lighting_direction_intensity,diverse_train,5,0,lighting_extreme_ood_eval,150,0.0,0.26666666666666666,0.26666666666666666,1.0,0.022255381991465886,0.3438615214824676
Frozen ResNet,frozen_resnet18_bc_128px_v1,ood,spatial_narrow,reach,spatial_distribution,narrow_train,20,2,spatial_edge_ood_eval,150,0.013333333333333334,0.07333333333333333,0.12666666666666668,0.26,0.10060020453607042,0.2308423762023449
Frozen ResNet,frozen_resnet18_bc_128px_v1,ood,avoid_color_multi,avoid_reach,color,diverse_train,50,0,avoid_color_ood_eval,150,0.0,0.0,0.0,0.72,0.08516177684068679,0.22991339549422263
Frozen ResNet,frozen_resnet18_bc_128px_v1,ood,color_red_only,reach,color,fixed_train,20,1,color_ood_eval,150,0.0,0.2733333333333333,1.0,1.0,0.012067721982796986,0.3500282911459605
Frozen ResNet,frozen_resnet18_bc_128px_v1,ood,color_multi,reach,color,diverse_train,20,1,color_ood_eval,150,0.0,0.5266666666666666,1.0,1.0,0.009374803236375252,0.31106431702772774
Frozen ResNet,frozen_resnet18_bc_128px_v1,ood,avoid_spatial_narrow,avoid_reach,spatial_distribution,narrow_train,20,0,avoid_spatial_edge_ood_eval,150,0.0,0.0,0.0,0.03333333333333333,0.17918467589964468,0.27714524845282235
Frozen ResNet,frozen_resnet18_bc_128px_v1,ood,avoid_color_multi,avoid_reach,color,diverse_train,5,0,avoid_color_ood_eval,150,0.0,0.0,0.0,0.26,0.15719738910595576,0.36610430081685386
Frozen ResNet,frozen_resnet18_bc_128px_v1,ood,avoid_lighting_fixed,avoid_reach,lighting_direction_intensity,fixed_train,5,2,avoid_lighting_extreme_ood_eval,150,0.0,0.0,0.0,0.4866666666666667,0.07876439164082209,0.14818629513184228
Frozen ResNet,frozen_resnet18_bc_128px_v1,ood,avoid_camera_multi_pose,avoid_reach,camera_location_viewpoint,diverse_train,20,0,avoid_camera_extreme_ood_eval,150,0.0,0.0,0.0,0.2,0.1639211512853702,0.3544705936064323
Frozen ResNet,frozen_resnet18_bc_128px_v1,ood,avoid_color_red_only,avoid_reach,color,fixed_train,20,2,avoid_color_ood_eval,150,0.0,0.0,0.0,1.0,0.039492711797356604,0.05738909500340621
Frozen ResNet,frozen_resnet18_bc_128px_v1,ood,avoid_lighting_diverse,avoid_reach,lighting_direction_intensity,diverse_train,50,0,avoid_lighting_extreme_ood_eval,150,0.0,0.28,0.28,0.7933333333333333,0.03276957713067532,0.34060018179317314
Frozen ResNet,frozen_resnet18_bc_128px_v1,ood,camera_fixed,reach,camera_location_viewpoint,fixed_train,50,1,camera_extreme_ood_eval,150,0.02,0.06666666666666667,0.36666666666666664,0.9933333333333333,0.026941901647175352,0.3233033406982819
Frozen ResNet,frozen_resnet18_bc_128px_v1,ood,avoid_lighting_fixed,avoid_reach,lighting_direction_intensity,fixed_train,50,1,avoid_lighting_extreme_ood_eval,150,0.0,0.0,0.0,0.0,0.07220044694840907,0.17165580108761788
Frozen ResNet,frozen_resnet18_bc_128px_v1,ood,camera_fixed,reach,camera_location_viewpoint,fixed_train,20,0,camera_extreme_ood_eval,150,0.0,0.006666666666666667,0.08666666666666667,0.92,0.03424273479729891,0.312094518840313
Frozen ResNet,frozen_resnet18_bc_128px_v1,ood,avoid_lighting_fixed,avoid_reach,lighting_direction_intensity,fixed_train,5,1,avoid_lighting_extreme_ood_eval,150,0.0,0.0,0.72,1.0,0.025318722985684872,0.16377997666597366
Frozen ResNet,frozen_resnet18_bc_128px_v1,ood,avoid_lighting_diverse,avoid_reach,lighting_direction_intensity,diverse_train,5,0,avoid_lighting_extreme_ood_eval,150,0.0,0.28,0.28,0.7666666666666667,0.028697211934874456,0.2374988199273745
Frozen ResNet,frozen_resnet18_bc_128px_v1,ood,camera_fixed,reach,camera_location_viewpoint,fixed_train,5,0,camera_extreme_ood_eval,150,0.05333333333333334,0.08666666666666667,0.47333333333333333,0.9933333333333333,0.023518892811456076,0.24205170060197512
Frozen ResNet,frozen_resnet18_bc_128px_v1,ood,avoid_spatial_wide,avoid_reach,spatial_distribution,wide_train,5,2,avoid_spatial_edge_ood_eval,150,0.006666666666666667,0.006666666666666667,0.04,0.13333333333333333,0.1279709006442378,0.3111809996763865
Frozen ResNet,frozen_resnet18_bc_128px_v1,ood,avoid_lighting_fixed,avoid_reach,lighting_direction_intensity,fixed_train,50,2,avoid_lighting_extreme_ood_eval,150,0.0,0.0,0.0,0.5133333333333333,0.07301579145093759,0.19222458243370055
Frozen ResNet,frozen_resnet18_bc_128px_v1,ood,lighting_fixed,reach,lighting_direction_intensity,fixed_train,20,1,lighting_extreme_ood_eval,150,0.0,0.0,0.0,0.68,0.047434573620557786,0.33558400670687355
Frozen ResNet,frozen_resnet18_bc_128px_v1,ood,spatial_narrow,reach,spatial_distribution,narrow_train,20,1,spatial_edge_ood_eval,150,0.0,0.006666666666666667,0.05333333333333334,0.24666666666666667,0.11111246399270991,0.2530868808925152
Frozen ResNet,frozen_resnet18_bc_128px_v1,ood,avoid_spatial_wide,avoid_reach,spatial_distribution,wide_train,5,1,avoid_spatial_edge_ood_eval,150,0.0,0.006666666666666667,0.04666666666666667,0.22666666666666666,0.13260853385552765,0.32919326131542526
Frozen ResNet,frozen_resnet18_bc_128px_v1,ood,avoid_camera_multi_pose,avoid_reach,camera_location_viewpoint,diverse_train,50,0,avoid_camera_extreme_ood_eval,150,0.0,0.0,0.0,0.9133333333333333,0.04189369677255551,0.1530981264511744
Frozen ResNet,frozen_resnet18_bc_128px_v1,ood,lighting_diverse,reach,lighting_direction_intensity,diverse_train,50,2,lighting_extreme_ood_eval,150,0.0,0.0,0.0,1.0,0.03048803115884463,0.33825063665707905
Frozen ResNet,frozen_resnet18_bc_128px_v1,ood,spatial_narrow,reach,spatial_distribution,narrow_train,50,0,spatial_edge_ood_eval,150,0.0,0.06,0.16666666666666666,0.36666666666666664,0.09256529945880175,0.23197283141314984
Frozen ResNet,frozen_resnet18_bc_128px_v1,ood,lighting_fixed,reach,lighting_direction_intensity,fixed_train,5,2,lighting_extreme_ood_eval,150,0.0,0.0,0.0,0.41333333333333333,0.08345330730080605,0.30017978469530743
Frozen ResNet,frozen_resnet18_bc_128px_v1,ood,camera_multi_pose,reach,camera_location_viewpoint,diverse_train,20,2,camera_extreme_ood_eval,150,0.0,0.04,0.7733333333333333,1.0,0.016742549516881505,0.32411353041728336
Frozen ResNet,frozen_resnet18_bc_128px_v1,ood,avoid_color_red_only,avoid_reach,color,fixed_train,20,1,avoid_color_ood_eval,150,0.0,0.0,0.0,1.0,0.03774414154390494,0.11532299230496089
Frozen ResNet,frozen_resnet18_bc_128px_v1,ood,color_multi,reach,color,diverse_train,50,2,color_ood_eval,150,0.0,0.0,0.74,1.0,0.019005529309312503,0.3232413417100906
Frozen ResNet,frozen_resnet18_bc_128px_v1,ood,color_red_only,reach,color,fixed_train,50,2,color_ood_eval,150,0.0,0.0,0.25333333333333335,1.0,0.022007038903733095,0.30346722543239596
Frozen ResNet,frozen_resnet18_bc_128px_v1,ood,avoid_camera_multi_pose,avoid_reach,camera_location_viewpoint,diverse_train,5,0,avoid_camera_extreme_ood_eval,150,0.0,0.0,0.0,0.29333333333333333,0.06870166406035423,0.16084212894241015
Frozen ResNet,frozen_resnet18_bc_128px_v1,ood,spatial_wide,reach,spatial_distribution,wide_train,5,0,spatial_edge_ood_eval,150,0.0,0.013333333333333334,0.02,0.13333333333333333,0.13801413227493564,0.3131970749795437
Frozen ResNet,frozen_resnet18_bc_128px_v1,ood,avoid_camera_fixed,avoid_reach,camera_location_viewpoint,fixed_train,5,2,avoid_camera_extreme_ood_eval,150,0.0,0.0,0.0,0.16666666666666666,0.061340225177506605,0.2008124619225661
Frozen ResNet,frozen_resnet18_bc_128px_v1,ood,spatial_narrow,reach,spatial_distribution,narrow_train,5,0,spatial_edge_ood_eval,150,0.02,0.03333333333333333,0.04666666666666667,0.16,0.12537759511576343,0.22853711960837245
Frozen ResNet,frozen_resnet18_bc_128px_v1,ood,avoid_spatial_wide,avoid_reach,spatial_distribution,wide_train,20,1,avoid_spatial_edge_ood_eval,150,0.02666666666666667,0.04,0.18,0.5266666666666666,0.0677200237948758,0.343265936623017
Frozen ResNet,frozen_resnet18_bc_128px_v1,ood,lighting_fixed,reach,lighting_direction_intensity,fixed_train,20,0,lighting_extreme_ood_eval,150,0.0,0.0,0.26666666666666666,0.5866666666666667,0.04162707010904948,0.27154537896315256
Frozen ResNet,frozen_resnet18_bc_128px_v1,ood,avoid_spatial_narrow,avoid_reach,spatial_distribution,narrow_train,50,1,avoid_spatial_edge_ood_eval,150,0.0,0.0,0.02,0.14666666666666667,0.11890362689892452,0.2419760091851155
Frozen ResNet,frozen_resnet18_bc_128px_v1,ood,spatial_wide,reach,spatial_distribution,wide_train,50,0,spatial_edge_ood_eval,150,0.12,0.30666666666666664,0.5066666666666667,0.7066666666666667,0.04014855889991547,0.1221622518884639
Frozen ResNet,frozen_resnet18_bc_128px_v1,ood,avoid_camera_fixed,avoid_reach,camera_location_viewpoint,fixed_train,20,1,avoid_camera_extreme_ood_eval,150,0.0,0.0,0.0,0.4666666666666667,0.06789510983973741,0.22032224595546723
Frozen ResNet,frozen_resnet18_bc_128px_v1,ood,avoid_camera_fixed,avoid_reach,camera_location_viewpoint,fixed_train,50,2,avoid_camera_extreme_ood_eval,150,0.0,0.0,0.0,0.5333333333333333,0.0508161057283481,0.08031602596243223
Frozen ResNet,frozen_resnet18_bc_128px_v1,ood,spatial_wide,reach,spatial_distribution,wide_train,20,1,spatial_edge_ood_eval,150,0.0,0.006666666666666667,0.12666666666666668,0.5666666666666667,0.056565738370021185,0.207937125513951
Frozen ResNet,frozen_resnet18_bc_128px_v1,ood,avoid_lighting_diverse,avoid_reach,lighting_direction_intensity,diverse_train,5,2,avoid_lighting_extreme_ood_eval,150,0.0,0.0,0.0,0.4866666666666667,0.08118463173508644,0.35266225576400756
Frozen ResNet,frozen_resnet18_bc_128px_v1,ood,avoid_spatial_narrow,avoid_reach,spatial_distribution,narrow_train,50,2,avoid_spatial_edge_ood_eval,150,0.006666666666666667,0.013333333333333334,0.03333333333333333,0.22,0.10619067740626634,0.20931946550806363
Frozen ResNet,frozen_resnet18_bc_128px_v1,ood,avoid_color_red_only,avoid_reach,color,fixed_train,50,1,avoid_color_ood_eval,150,0.0,0.0,0.0,1.0,0.037789519553383194,0.15787735293308894
Frozen ResNet,frozen_resnet18_bc_128px_v1,ood,avoid_color_red_only,avoid_reach,color,fixed_train,5,1,avoid_color_ood_eval,150,0.0,0.0,0.0,0.26,0.050966616372267404,0.20212180137634278
Frozen ResNet,frozen_resnet18_bc_128px_v1,ood,avoid_spatial_wide,avoid_reach,spatial_distribution,wide_train,20,2,avoid_spatial_edge_ood_eval,150,0.0,0.0,0.0,0.08,0.19829435162246228,0.3486129783093929
Frozen ResNet,frozen_resnet18_bc_128px_v1,ood,color_multi,reach,color,diverse_train,5,1,color_ood_eval,150,0.25333333333333335,1.0,1.0,1.0,0.004557575260599454,0.31070927580197655
Frozen ResNet,frozen_resnet18_bc_128px_v1,ood,color_red_only,reach,color,fixed_train,5,1,color_ood_eval,150,0.0,0.0,0.0,1.0,0.03169885019461314,0.3137413070599238
Frozen ResNet,frozen_resnet18_bc_128px_v1,ood,camera_fixed,reach,camera_location_viewpoint,fixed_train,20,1,camera_extreme_ood_eval,150,0.0,0.0,0.04666666666666667,1.0,0.02902410821368297,0.31650976652900376
Frozen ResNet,frozen_resnet18_bc_128px_v1,ood,avoid_lighting_fixed,avoid_reach,lighting_direction_intensity,fixed_train,50,0,avoid_lighting_extreme_ood_eval,150,0.0,0.0,0.0,0.28,0.05215088831881682,0.15812453945477803
Frozen ResNet,frozen_resnet18_bc_128px_v1,ood,avoid_lighting_diverse,avoid_reach,lighting_direction_intensity,diverse_train,50,1,avoid_lighting_extreme_ood_eval,150,0.0,0.28,0.28,1.0,0.024070720250407854,0.28029818445444105
Frozen ResNet,frozen_resnet18_bc_128px_v1,ood,camera_fixed,reach,camera_location_viewpoint,fixed_train,50,0,camera_extreme_ood_eval,150,0.013333333333333334,0.12666666666666668,0.5066666666666667,1.0,0.020394666880990068,0.3036968403806289
Partial ResNet,partial_resnet18_bc_128px_v1,id,lighting_fixed,reach,lighting_direction_intensity,fixed_train,20,2,lighting_fixed,150,0.0,0.0,0.0,0.0,0.052244529128074646,0.17977358400821686
Partial ResNet,partial_resnet18_bc_128px_v1,id,camera_fixed,reach,camera_location_viewpoint,fixed_train,50,1,camera_fixed,150,0.0,0.0,0.0,0.0,0.08154427260160446,0.35922273993492126
Partial ResNet,partial_resnet18_bc_128px_v1,id,camera_fixed,reach,camera_location_viewpoint,fixed_train,20,0,camera_fixed,150,0.0,0.0,0.0,0.0,0.07167673110961914,0.2053161859512329
Partial ResNet,partial_resnet18_bc_128px_v1,id,avoid_color_multi,avoid_reach,color,diverse_train,5,0,avoid_color_multi,150,0.0,0.0,0.0,0.0,0.07561463832855225,0.1594850050409635
Partial ResNet,partial_resnet18_bc_128px_v1,id,spatial_wide,reach,spatial_distribution,wide_train,5,1,spatial_wide,150,0.0,0.0,0.0,0.12,0.130896941733857,0.3426622840265433
Partial ResNet,partial_resnet18_bc_128px_v1,id,color_red_only,reach,color,fixed_train,20,2,color_red_only,150,0.0,0.0,0.0,0.0,0.07478941977024078,0.2569945752620697
Partial ResNet,partial_resnet18_bc_128px_v1,id,avoid_lighting_fixed,avoid_reach,lighting_direction_intensity,fixed_train,5,2,avoid_lighting_fixed,150,0.0,0.0,0.0,0.0,0.09825222939252853,0.2712137699127197
Partial ResNet,partial_resnet18_bc_128px_v1,id,avoid_camera_multi_pose,avoid_reach,camera_location_viewpoint,diverse_train,5,1,avoid_camera_multi_pose,150,0.0,0.0,0.006666666666666667,0.04666666666666667,0.09954090836147467,0.44988570630550384
Partial ResNet,partial_resnet18_bc_128px_v1,id,avoid_lighting_diverse,avoid_reach,lighting_direction_intensity,diverse_train,5,2,avoid_lighting_diverse,150,0.0,0.0,0.0,0.13333333333333333,0.07948175967981418,0.20738277489940327
Partial ResNet,partial_resnet18_bc_128px_v1,id,lighting_fixed,reach,lighting_direction_intensity,fixed_train,5,0,lighting_fixed,150,0.0,0.0,1.0,1.0,0.01844974048435688,0.13926777243614197
Partial ResNet,partial_resnet18_bc_128px_v1,id,avoid_lighting_fixed,avoid_reach,lighting_direction_intensity,fixed_train,50,2,avoid_lighting_fixed,150,0.0,0.0,0.0,1.0,0.023336779326200485,0.2795833647251129
Partial ResNet,partial_resnet18_bc_128px_v1,id,spatial_narrow,reach,spatial_distribution,narrow_train,5,1,spatial_narrow,150,0.0,0.013333333333333334,0.08666666666666667,0.22,0.07327848596808811,0.23089575226108233
Partial ResNet,partial_resnet18_bc_128px_v1,id,color_red_only,reach,color,fixed_train,5,0,color_red_only,150,0.0,0.0,0.0,1.0,0.034834086894989014,0.1873781532049179
Partial ResNet,partial_resnet18_bc_128px_v1,id,avoid_spatial_narrow,avoid_reach,spatial_distribution,narrow_train,5,1,avoid_spatial_narrow,150,0.006666666666666667,0.006666666666666667,0.013333333333333334,0.02666666666666667,0.21314941328018905,0.8723831663529078
Partial ResNet,partial_resnet18_bc_128px_v1,id,color_multi,reach,color,diverse_train,50,0,color_multi,150,0.0,0.0,0.0,0.0,0.06046807418266932,0.25844584226608275
Partial ResNet,partial_resnet18_bc_128px_v1,id,avoid_spatial_wide,avoid_reach,spatial_distribution,wide_train,50,2,avoid_spatial_wide,150,0.006666666666666667,0.006666666666666667,0.02666666666666667,0.09333333333333334,0.08437694704004874,0.5829421517252922
Partial ResNet,partial_resnet18_bc_128px_v1,id,avoid_color_multi,avoid_reach,color,diverse_train,20,1,avoid_color_multi,150,0.0,0.0,0.0,0.0,0.19755358934402467,0.6266465095678965
Partial ResNet,partial_resnet18_bc_128px_v1,id,avoid_spatial_narrow,avoid_reach,spatial_distribution,narrow_train,50,1,avoid_spatial_narrow,150,0.03333333333333333,0.11333333333333333,0.30666666666666664,0.8866666666666667,0.03017253543095042,0.2461567978064219
Partial ResNet,partial_resnet18_bc_128px_v1,id,color_multi,reach,color,diverse_train,20,1,color_multi,150,0.0,0.0,0.0,0.24,0.05914171206454436,0.2642173957824707
Partial ResNet,partial_resnet18_bc_128px_v1,id,avoid_lighting_diverse,avoid_reach,lighting_direction_intensity,diverse_train,20,1,avoid_lighting_diverse,150,0.0,0.0,0.0,0.07333333333333333,0.07329046428203582,0.43884741485118867
Partial ResNet,partial_resnet18_bc_128px_v1,id,spatial_wide,reach,spatial_distribution,wide_train,20,0,spatial_wide,150,0.0,0.02,0.14,0.42,0.09193245390430092,0.23492434974138934
Partial ResNet,partial_resnet18_bc_128px_v1,id,avoid_camera_fixed,avoid_reach,camera_location_viewpoint,fixed_train,20,1,avoid_camera_fixed,150,0.0,0.0,0.0,0.0,0.13410566747188568,0.7159915566444397
Partial ResNet,partial_resnet18_bc_128px_v1,id,camera_fixed,reach,camera_location_viewpoint,fixed_train,5,1,camera_fixed,150,0.0,0.0,0.0,0.0,0.055176880210638046,0.2272336632013321
Partial ResNet,partial_resnet18_bc_128px_v1,id,avoid_camera_fixed,avoid_reach,camera_location_viewpoint,fixed_train,50,0,avoid_camera_fixed,150,0.0,0.0,0.0,0.0,0.055701229721307755,0.32045814394950867
Partial ResNet,partial_resnet18_bc_128px_v1,id,color_multi,reach,color,diverse_train,20,2,color_multi,150,0.0,0.0,0.0,1.0,0.04322034421066443,0.24197231968243918
Partial ResNet,partial_resnet18_bc_128px_v1,id,avoid_camera_multi_pose,avoid_reach,camera_location_viewpoint,diverse_train,50,1,avoid_camera_multi_pose,150,0.0,0.0,0.0,1.0,0.03827869217842817,0.46574549823999406
Partial ResNet,partial_resnet18_bc_128px_v1,id,avoid_color_multi,avoid_reach,color,diverse_train,20,2,avoid_color_multi,150,0.0,0.0,0.0,0.0,0.07501968185106914,0.07619543517629306
Partial ResNet,partial_resnet18_bc_128px_v1,id,avoid_camera_multi_pose,avoid_reach,camera_location_viewpoint,diverse_train,20,0,avoid_camera_multi_pose,150,0.0,0.006666666666666667,0.02,0.9866666666666667,0.03866755930085977,0.2144118736932675
Partial ResNet,partial_resnet18_bc_128px_v1,id,spatial_wide,reach,spatial_distribution,wide_train,50,1,spatial_wide,150,0.0,0.0,0.25333333333333335,0.72,0.038816085420548915,0.07676546651870013
Partial ResNet,partial_resnet18_bc_128px_v1,id,avoid_lighting_diverse,avoid_reach,lighting_direction_intensity,diverse_train,5,0,avoid_lighting_diverse,150,0.0,0.0,0.0,0.18,0.10885699150462945,0.26365912119547524
Partial ResNet,partial_resnet18_bc_128px_v1,id,avoid_camera_fixed,avoid_reach,camera_location_viewpoint,fixed_train,5,1,avoid_camera_fixed,150,0.0,0.0,0.0,0.0,0.11974600702524185,0.6612277626991272
Partial ResNet,partial_resnet18_bc_128px_v1,id,avoid_color_multi,avoid_reach,color,diverse_train,50,0,avoid_color_multi,150,0.0,0.0,0.0,0.0,0.06833713993430138,0.2905419852336248
Partial ResNet,partial_resnet18_bc_128px_v1,id,avoid_spatial_narrow,avoid_reach,spatial_distribution,narrow_train,20,1,avoid_spatial_narrow,150,0.0,0.0,0.05333333333333334,0.5,0.05122364687422911,0.2645125118891398
Partial ResNet,partial_resnet18_bc_128px_v1,id,spatial_narrow,reach,spatial_distribution,narrow_train,50,2,spatial_narrow,150,0.0,0.013333333333333334,0.11333333333333333,0.8533333333333334,0.035795934113363424,0.20941418593128522
Partial ResNet,partial_resnet18_bc_128px_v1,id,lighting_diverse,reach,lighting_direction_intensity,diverse_train,5,0,lighting_diverse,150,0.0,0.3,0.6,0.86,0.02540044885749618,0.12315918633093437
Partial ResNet,partial_resnet18_bc_128px_v1,id,avoid_lighting_fixed,avoid_reach,lighting_direction_intensity,fixed_train,20,2,avoid_lighting_fixed,150,0.0,0.0,0.0,1.0,0.04951823875308037,0.2180929034948349
Partial ResNet,partial_resnet18_bc_128px_v1,id,camera_multi_pose,reach,camera_location_viewpoint,diverse_train,20,1,camera_multi_pose,150,0.12666666666666668,0.22,0.4066666666666667,0.64,0.03909773897263222,0.15528419142084507
Partial ResNet,partial_resnet18_bc_128px_v1,id,avoid_spatial_wide,avoid_reach,spatial_distribution,wide_train,20,2,avoid_spatial_wide,150,0.0,0.006666666666666667,0.03333333333333333,0.08,0.1454428781569004,0.21108030465741953
Partial ResNet,partial_resnet18_bc_128px_v1,id,lighting_fixed,reach,lighting_direction_intensity,fixed_train,20,0,lighting_fixed,150,0.0,0.0,0.0,0.0,0.06202279403805733,0.24069496989250183
Partial ResNet,partial_resnet18_bc_128px_v1,id,spatial_narrow,reach,spatial_distribution,narrow_train,20,1,spatial_narrow,150,0.0,0.03333333333333333,0.32,0.8533333333333334,0.03035046930114428,0.09059317588806153
Partial ResNet,partial_resnet18_bc_128px_v1,id,color_red_only,reach,color,fixed_train,20,0,color_red_only,150,0.0,0.0,0.0,0.0,0.07167673110961914,0.2053161859512329
Partial ResNet,partial_resnet18_bc_128px_v1,id,camera_multi_pose,reach,camera_location_viewpoint,diverse_train,5,0,camera_multi_pose,150,0.0,0.02,0.11333333333333333,0.6066666666666667,0.04418764067813754,0.2238582809145252
Partial ResNet,partial_resnet18_bc_128px_v1,id,avoid_color_red_only,avoid_reach,color,fixed_train,20,0,avoid_color_red_only,150,0.0,0.0,0.0,1.0,0.03436586633324623,0.2970513105392456
Partial ResNet,partial_resnet18_bc_128px_v1,id,color_multi,reach,color,diverse_train,50,2,color_multi,150,0.0,0.0,0.0,0.20666666666666667,0.05343567222356796,0.42361616432666777
Partial ResNet,partial_resnet18_bc_128px_v1,id,avoid_spatial_wide,avoid_reach,spatial_distribution,wide_train,5,2,avoid_spatial_wide,150,0.0,0.006666666666666667,0.04666666666666667,0.24,0.10207818545401097,0.2469893529266119
Partial ResNet,partial_resnet18_bc_128px_v1,id,avoid_camera_multi_pose,avoid_reach,camera_location_viewpoint,diverse_train,5,0,avoid_camera_multi_pose,150,0.0,0.0,0.006666666666666667,0.11333333333333333,0.08239802277336518,0.2471833756317695
Partial ResNet,partial_resnet18_bc_128px_v1,id,lighting_fixed,reach,lighting_direction_intensity,fixed_train,5,2,lighting_fixed,150,0.0,0.0,0.0,0.0,0.07785914838314056,0.2739222049713135
Partial ResNet,partial_resnet18_bc_128px_v1,id,camera_fixed,reach,camera_location_viewpoint,fixed_train,5,2,camera_fixed,150,0.0,0.0,0.0,0.0,0.0746622085571289,0.2894672155380249
Partial ResNet,partial_resnet18_bc_128px_v1,id,avoid_spatial_narrow,avoid_reach,spatial_distribution,narrow_train,20,2,avoid_spatial_narrow,150,0.006666666666666667,0.013333333333333334,0.013333333333333334,0.013333333333333334,0.0989605241183502,0.21565644373496373
Partial ResNet,partial_resnet18_bc_128px_v1,id,color_red_only,reach,color,fixed_train,5,2,color_red_only,150,0.0,0.0,0.0,0.0,0.0746622085571289,0.2894672155380249
Partial ResNet,partial_resnet18_bc_128px_v1,id,avoid_lighting_diverse,avoid_reach,lighting_direction_intensity,diverse_train,20,2,avoid_lighting_diverse,150,0.0,0.08,0.44666666666666666,0.9533333333333334,0.02329422262807687,0.2076723209520181
Partial ResNet,partial_resnet18_bc_128px_v1,id,avoid_lighting_fixed,avoid_reach,lighting_direction_intensity,fixed_train,20,1,avoid_lighting_fixed,150,0.0,0.0,0.0,1.0,0.04889936372637749,0.2321023941040039
Partial ResNet,partial_resnet18_bc_128px_v1,id,spatial_wide,reach,spatial_distribution,wide_train,50,2,spatial_wide,150,0.0,0.03333333333333333,0.28,0.7466666666666667,0.036855904990807174,0.08253993803014358
Partial ResNet,partial_resnet18_bc_128px_v1,id,color_multi,reach,color,diverse_train,20,0,color_multi,150,0.0,0.0,0.0,0.0,0.05417394384741783,0.2444721515973409
Partial ResNet,partial_resnet18_bc_128px_v1,id,avoid_lighting_diverse,avoid_reach,lighting_direction_intensity,diverse_train,20,0,avoid_lighting_diverse,150,0.0,0.0,0.36,1.0,0.025426928202311197,0.29658194969097773
Partial ResNet,partial_resnet18_bc_128px_v1,id,color_multi,reach,color,diverse_train,50,1,color_multi,150,0.0,0.26666666666666666,0.76,1.0,0.012757556705425183,0.056860984563827516
Partial ResNet,partial_resnet18_bc_128px_v1,id,avoid_lighting_diverse,avoid_reach,lighting_direction_intensity,diverse_train,5,1,avoid_lighting_diverse,150,0.0,0.0,0.0,0.0,0.09721783558527629,0.4124311318993568
Partial ResNet,partial_resnet18_bc_128px_v1,id,avoid_camera_multi_pose,avoid_reach,camera_location_viewpoint,diverse_train,20,1,avoid_camera_multi_pose,150,0.0,0.0,0.0,0.44666666666666666,0.05532714915772279,0.14924650184810162
Partial ResNet,partial_resnet18_bc_128px_v1,id,avoid_camera_multi_pose,avoid_reach,camera_location_viewpoint,diverse_train,50,0,avoid_camera_multi_pose,150,0.0,0.0,0.0,0.5266666666666666,0.048673215992748736,0.40939082264900206
Partial ResNet,partial_resnet18_bc_128px_v1,id,avoid_camera_fixed,avoid_reach,camera_location_viewpoint,fixed_train,5,0,avoid_camera_fixed,150,0.0,0.0,0.0,0.0,0.06632495671510696,0.13683876395225525
Partial ResNet,partial_resnet18_bc_128px_v1,id,lighting_diverse,reach,lighting_direction_intensity,diverse_train,5,1,lighting_diverse,150,0.0,0.0,0.0,0.19333333333333333,0.09908668411274751,0.3422877203673124
Partial ResNet,partial_resnet18_bc_128px_v1,id,lighting_diverse,reach,lighting_direction_intensity,diverse_train,50,2,lighting_diverse,150,0.0,0.0,0.12,0.8533333333333334,0.03095234716931979,0.21518548200527826
Partial ResNet,partial_resnet18_bc_128px_v1,id,camera_multi_pose,reach,camera_location_viewpoint,diverse_train,50,0,camera_multi_pose,150,0.03333333333333333,0.17333333333333334,0.5,1.0,0.020784559704673786,0.11785758088342846
Partial ResNet,partial_resnet18_bc_128px_v1,id,lighting_fixed,reach,lighting_direction_intensity,fixed_train,50,1,lighting_fixed,150,0.0,0.0,0.0,0.0,0.07291780412197113,0.20828504860401154
Partial ResNet,partial_resnet18_bc_128px_v1,id,avoid_lighting_fixed,avoid_reach,lighting_direction_intensity,fixed_train,5,1,avoid_lighting_fixed,150,0.0,0.0,0.0,0.0,0.07061963528394699,0.7045502662658691
Partial ResNet,partial_resnet18_bc_128px_v1,id,camera_multi_pose,reach,camera_location_viewpoint,diverse_train,20,2,camera_multi_pose,150,0.006666666666666667,0.013333333333333334,0.02,0.36,0.06109051107506578,0.2396886365216536
Partial ResNet,partial_resnet18_bc_128px_v1,id,camera_fixed,reach,camera_location_viewpoint,fixed_train,50,2,camera_fixed,150,0.0,0.0,0.0,1.0,0.03543470799922943,0.23853899538516998
Partial ResNet,partial_resnet18_bc_128px_v1,id,lighting_diverse,reach,lighting_direction_intensity,diverse_train,20,2,lighting_diverse,150,0.0,0.0,0.2,0.7333333333333333,0.038459258917719126,0.17627741230030855
Partial ResNet,partial_resnet18_bc_128px_v1,id,avoid_lighting_fixed,avoid_reach,lighting_direction_intensity,fixed_train,50,1,avoid_lighting_fixed,150,0.0,0.0,1.0,1.0,0.01159420795738697,0.22623351216316223
Partial ResNet,partial_resnet18_bc_128px_v1,id,avoid_spatial_narrow,avoid_reach,spatial_distribution,narrow_train,5,2,avoid_spatial_narrow,150,0.0,0.0,0.02,0.08,0.10200830044224858,0.2254303271571795
Partial ResNet,partial_resnet18_bc_128px_v1,id,avoid_color_red_only,avoid_reach,color,fixed_train,50,0,avoid_color_red_only,150,0.0,0.0,0.0,0.0,0.055701229721307755,0.32045814394950867
Partial ResNet,partial_resnet18_bc_128px_v1,id,avoid_camera_fixed,avoid_reach,camera_location_viewpoint,fixed_train,50,1,avoid_camera_fixed,150,0.0,0.0,0.0,0.0,0.06451734155416489,0.3073512315750122
Partial ResNet,partial_resnet18_bc_128px_v1,id,spatial_wide,reach,spatial_distribution,wide_train,5,2,spatial_wide,150,0.006666666666666667,0.04666666666666667,0.15333333333333332,0.30666666666666664,0.08643076262592028,0.2197332349792123
Partial ResNet,partial_resnet18_bc_128px_v1,id,avoid_spatial_narrow,avoid_reach,spatial_distribution,narrow_train,50,2,avoid_spatial_narrow,150,0.0,0.03333333333333333,0.06666666666666667,0.24,0.1067454128836592,0.3949570057789485
Partial ResNet,partial_resnet18_bc_128px_v1,id,spatial_narrow,reach,spatial_distribution,narrow_train,50,0,spatial_narrow,150,0.16,0.25333333333333335,0.5333333333333333,0.9533333333333334,0.021397418974277875,0.05857819138094783
Partial ResNet,partial_resnet18_bc_128px_v1,id,color_red_only,reach,color,fixed_train,50,1,color_red_only,150,0.0,0.0,0.0,0.0,0.08154427260160446,0.35922273993492126
Partial ResNet,partial_resnet18_bc_128px_v1,id,avoid_camera_fixed,avoid_reach,camera_location_viewpoint,fixed_train,20,0,avoid_camera_fixed,150,0.0,0.0,0.0,1.0,0.03436586633324623,0.2970513105392456
Partial ResNet,partial_resnet18_bc_128px_v1,id,avoid_color_red_only,avoid_reach,color,fixed_train,5,0,avoid_color_red_only,150,0.0,0.0,0.0,0.0,0.06632495671510696,0.13683876395225525
Partial ResNet,partial_resnet18_bc_128px_v1,id,camera_multi_pose,reach,camera_location_viewpoint,diverse_train,50,1,camera_multi_pose,150,0.02,0.03333333333333333,0.21333333333333335,0.9466666666666667,0.02930410345705847,0.17444536049539844
Partial ResNet,partial_resnet18_bc_128px_v1,id,avoid_lighting_fixed,avoid_reach,lighting_direction_intensity,fixed_train,20,0,avoid_lighting_fixed,150,0.0,0.0,0.0,0.0,0.12847258150577545,0.1296367049217224
Partial ResNet,partial_resnet18_bc_128px_v1,id,color_red_only,reach,color,fixed_train,50,0,color_red_only,150,0.0,0.0,0.0,0.0,0.07480687648057938,0.2145576775074005
Partial ResNet,partial_resnet18_bc_128px_v1,id,spatial_narrow,reach,spatial_distribution,narrow_train,50,1,spatial_narrow,150,0.03333333333333333,0.10666666666666667,0.42,0.9666666666666667,0.022974417100970944,0.03839253664016724
Partial ResNet,partial_resnet18_bc_128px_v1,id,lighting_diverse,reach,lighting_direction_intensity,diverse_train,20,1,lighting_diverse,150,0.0,0.07333333333333333,0.07333333333333333,0.3933333333333333,0.0722482464214166,0.25907758748779697
Partial ResNet,partial_resnet18_bc_128px_v1,id,lighting_fixed,reach,lighting_direction_intensity,fixed_train,50,0,lighting_fixed,150,0.0,0.0,0.0,1.0,0.04990333318710327,0.22180378437042236
Partial ResNet,partial_resnet18_bc_128px_v1,id,camera_multi_pose,reach,camera_location_viewpoint,diverse_train,5,2,camera_multi_pose,150,0.013333333333333334,0.04,0.06,0.5533333333333333,0.048272389244132984,0.18934277179961403
Partial ResNet,partial_resnet18_bc_128px_v1,id,avoid_color_red_only,avoid_reach,color,fixed_train,20,1,avoid_color_red_only,150,0.0,0.0,0.0,0.0,0.13410566747188568,0.7159915566444397
Partial ResNet,partial_resnet18_bc_128px_v1,id,spatial_wide,reach,spatial_distribution,wide_train,50,0,spatial_wide,150,0.013333333333333334,0.03333333333333333,0.26,0.6333333333333333,0.04544578953180462,0.1514216336918374
Partial ResNet,partial_resnet18_bc_128px_v1,id,avoid_lighting_diverse,avoid_reach,lighting_direction_intensity,diverse_train,50,2,avoid_lighting_diverse,150,0.0,0.0,0.13333333333333333,1.0,0.026922127828001977,0.2896895130475362
Partial ResNet,partial_resnet18_bc_128px_v1,id,camera_fixed,reach,camera_location_viewpoint,fixed_train,5,0,camera_fixed,150,0.0,0.0,0.0,1.0,0.034834086894989014,0.1873781532049179
Partial ResNet,partial_resnet18_bc_128px_v1,id,spatial_wide,reach,spatial_distribution,wide_train,20,1,spatial_wide,150,0.0,0.0,0.0,0.06666666666666667,0.08894930144151052,0.24730161041021348
Partial ResNet,partial_resnet18_bc_128px_v1,id,lighting_diverse,reach,lighting_direction_intensity,diverse_train,5,2,lighting_diverse,150,0.0,0.0,0.0,0.0,0.10892274603247643,0.34000142534573874
Partial ResNet,partial_resnet18_bc_128px_v1,id,lighting_diverse,reach,lighting_direction_intensity,diverse_train,50,1,lighting_diverse,150,0.0,0.0,0.0,0.0,0.08975345432758332,0.3620858827233315
Partial ResNet,partial_resnet18_bc_128px_v1,id,avoid_camera_fixed,avoid_reach,camera_location_viewpoint,fixed_train,50,2,avoid_camera_fixed,150,0.0,0.0,0.0,1.0,0.038171809166669846,0.30473947525024414
Partial ResNet,partial_resnet18_bc_128px_v1,id,color_multi,reach,color,diverse_train,5,0,color_multi,150,0.26666666666666666,0.26666666666666666,0.7933333333333333,1.0,0.015728940752645335,0.10659456099073092
Partial ResNet,partial_resnet18_bc_128px_v1,id,spatial_narrow,reach,spatial_distribution,narrow_train,5,2,spatial_narrow,150,0.0,0.0,0.0,0.10666666666666667,0.06481713410466909,0.2115942952533563
Partial ResNet,partial_resnet18_bc_128px_v1,id,avoid_color_red_only,avoid_reach,color,fixed_train,5,1,avoid_color_red_only,150,0.0,0.0,0.0,0.0,0.11974600702524185,0.6612277626991272
Partial ResNet,partial_resnet18_bc_128px_v1,id,avoid_spatial_wide,avoid_reach,spatial_distribution,wide_train,50,0,avoid_spatial_wide,150,0.013333333333333334,0.09333333333333334,0.2866666666666667,0.78,0.04113473918754607,0.18050536117206017
Partial ResNet,partial_resnet18_bc_128px_v1,id,avoid_color_red_only,avoid_reach,color,fixed_train,50,1,avoid_color_red_only,150,0.0,0.0,0.0,0.0,0.06451734155416489,0.3073512315750122
Partial ResNet,partial_resnet18_bc_128px_v1,id,avoid_spatial_wide,avoid_reach,spatial_distribution,wide_train,20,1,avoid_spatial_wide,150,0.0,0.02666666666666667,0.10666666666666667,0.5133333333333333,0.056140653217832244,0.16106636566420396
Partial ResNet,partial_resnet18_bc_128px_v1,id,avoid_lighting_fixed,avoid_reach,lighting_direction_intensity,fixed_train,50,0,avoid_lighting_fixed,150,0.0,0.0,0.0,0.0,0.06009989604353905,0.3341498076915741
Partial ResNet,partial_resnet18_bc_128px_v1,id,avoid_lighting_fixed,avoid_reach,lighting_direction_intensity,fixed_train,5,0,avoid_lighting_fixed,150,0.0,0.0,0.0,0.0,0.08745543658733368,0.09424839168787003
Partial ResNet,partial_resnet18_bc_128px_v1,id,avoid_camera_multi_pose,avoid_reach,camera_location_viewpoint,diverse_train,20,2,avoid_camera_multi_pose,150,0.02666666666666667,0.09333333333333334,0.28,0.7266666666666667,0.03802359568964069,0.22346665439506372
Partial ResNet,partial_resnet18_bc_128px_v1,id,camera_multi_pose,reach,camera_location_viewpoint,diverse_train,20,0,camera_multi_pose,150,0.02,0.04,0.14,0.49333333333333335,0.048910967704529566,0.24207076645145814
Partial ResNet,partial_resnet18_bc_128px_v1,id,avoid_lighting_diverse,avoid_reach,lighting_direction_intensity,diverse_train,50,0,avoid_lighting_diverse,150,0.07333333333333333,0.22666666666666666,0.7533333333333333,1.0,0.016301092120508353,0.3586672345797221
Partial ResNet,partial_resnet18_bc_128px_v1,id,spatial_wide,reach,spatial_distribution,wide_train,5,0,spatial_wide,150,0.0,0.013333333333333334,0.06666666666666667,0.21333333333333335,0.10370884630829096,0.23934805850187937
Partial ResNet,partial_resnet18_bc_128px_v1,id,color_red_only,reach,color,fixed_train,20,1,color_red_only,150,0.0,0.0,0.0,1.0,0.03665244206786156,0.10542984306812286
Partial ResNet,partial_resnet18_bc_128px_v1,id,spatial_narrow,reach,spatial_distribution,narrow_train,20,0,spatial_narrow,150,0.006666666666666667,0.02666666666666667,0.17333333333333334,0.7,0.04045242411394914,0.13657858127107222
Partial ResNet,partial_resnet18_bc_128px_v1,id,avoid_spatial_wide,avoid_reach,spatial_distribution,wide_train,5,1,avoid_spatial_wide,150,0.0,0.0,0.02,0.14,0.11439352092643579,0.24913136666019758
Partial ResNet,partial_resnet18_bc_128px_v1,id,camera_multi_pose,reach,camera_location_viewpoint,diverse_train,50,2,camera_multi_pose,150,0.0,0.0,0.02,1.0,0.03414868290225665,0.26690776079893114
Partial ResNet,partial_resnet18_bc_128px_v1,id,camera_fixed,reach,camera_location_viewpoint,fixed_train,20,1,camera_fixed,150,0.0,0.0,0.0,1.0,0.03665244206786156,0.10542984306812286
Partial ResNet,partial_resnet18_bc_128px_v1,id,camera_fixed,reach,camera_location_viewpoint,fixed_train,50,0,camera_fixed,150,0.0,0.0,0.0,0.0,0.07480687648057938,0.2145576775074005
Partial ResNet,partial_resnet18_bc_128px_v1,id,lighting_fixed,reach,lighting_direction_intensity,fixed_train,20,1,lighting_fixed,150,0.0,0.0,0.0,0.0,0.18378038704395294,1.0507107973098755
Partial ResNet,partial_resnet18_bc_128px_v1,id,camera_multi_pose,reach,camera_location_viewpoint,diverse_train,5,1,camera_multi_pose,150,0.006666666666666667,0.013333333333333334,0.06666666666666667,0.52,0.05290408634580672,0.1957127317227423
Partial ResNet,partial_resnet18_bc_128px_v1,id,avoid_spatial_narrow,avoid_reach,spatial_distribution,narrow_train,50,0,avoid_spatial_narrow,150,0.02,0.08,0.2,0.4866666666666667,0.05345993706335624,0.2240709745635589
Partial ResNet,partial_resnet18_bc_128px_v1,id,avoid_color_red_only,avoid_reach,color,fixed_train,5,2,avoid_color_red_only,150,0.0,0.0,0.0,1.0,0.03466292843222618,0.2646956741809845
Partial ResNet,partial_resnet18_bc_128px_v1,id,avoid_spatial_narrow,avoid_reach,spatial_distribution,narrow_train,5,0,avoid_spatial_narrow,150,0.0,0.013333333333333334,0.04666666666666667,0.15333333333333332,0.09706825172839065,0.17575519025325775
Partial ResNet,partial_resnet18_bc_128px_v1,id,camera_fixed,reach,camera_location_viewpoint,fixed_train,20,2,camera_fixed,150,0.0,0.0,0.0,0.0,0.07478941977024078,0.2569945752620697
Partial ResNet,partial_resnet18_bc_128px_v1,id,color_red_only,reach,color,fixed_train,50,2,color_red_only,150,0.0,0.0,0.0,1.0,0.03543470799922943,0.23853899538516998
Partial ResNet,partial_resnet18_bc_128px_v1,id,avoid_camera_fixed,avoid_reach,camera_location_viewpoint,fixed_train,20,2,avoid_camera_fixed,150,0.0,0.0,0.0,0.0,0.12214865535497665,0.22215422987937927
Partial ResNet,partial_resnet18_bc_128px_v1,id,avoid_color_red_only,avoid_reach,color,fixed_train,50,2,avoid_color_red_only,150,0.0,0.0,0.0,1.0,0.038171809166669846,0.30473947525024414
Partial ResNet,partial_resnet18_bc_128px_v1,id,lighting_fixed,reach,lighting_direction_intensity,fixed_train,50,2,lighting_fixed,150,0.0,0.0,1.0,1.0,0.01554164569824934,0.22667452692985535
Partial ResNet,partial_resnet18_bc_128px_v1,id,lighting_diverse,reach,lighting_direction_intensity,diverse_train,50,0,lighting_diverse,150,0.0,0.0,0.0,1.0,0.028873651797572772,0.19156575550635654
Partial ResNet,partial_resnet18_bc_128px_v1,id,avoid_camera_fixed,avoid_reach,camera_location_viewpoint,fixed_train,5,2,avoid_camera_fixed,150,0.0,0.0,0.0,1.0,0.03466292843222618,0.2646956741809845
Partial ResNet,partial_resnet18_bc_128px_v1,id,avoid_color_multi,avoid_reach,color,diverse_train,5,2,avoid_color_multi,150,0.0,0.0,0.0,1.0,0.03775281173487504,0.19089606632788977
Partial ResNet,partial_resnet18_bc_128px_v1,id,lighting_diverse,reach,lighting_direction_intensity,diverse_train,20,0,lighting_diverse,150,0.0,0.07333333333333333,0.07333333333333333,0.48,0.0470675146766007,0.31000191390514376
Partial ResNet,partial_resnet18_bc_128px_v1,id,avoid_camera_multi_pose,avoid_reach,camera_location_viewpoint,diverse_train,5,2,avoid_camera_multi_pose,150,0.0,0.0,0.0,0.12666666666666668,0.07960286560157935,0.17627267462511859
Partial ResNet,partial_resnet18_bc_128px_v1,id,color_multi,reach,color,diverse_train,5,1,color_multi,150,0.0,0.0,0.0,0.5533333333333333,0.04282532495756944,0.21477296551068623
Partial ResNet,partial_resnet18_bc_128px_v1,id,avoid_color_multi,avoid_reach,color,diverse_train,50,1,avoid_color_multi,150,0.0,1.0,1.0,1.0,0.007318659185742338,0.26025539020697275
Partial ResNet,partial_resnet18_bc_128px_v1,id,color_red_only,reach,color,fixed_train,5,1,color_red_only,150,0.0,0.0,0.0,0.0,0.055176880210638046,0.2272336632013321
Partial ResNet,partial_resnet18_bc_128px_v1,id,avoid_color_multi,avoid_reach,color,diverse_train,5,1,avoid_color_multi,150,0.0,0.0,0.0,0.0,0.2516150477528572,0.7900947964191437
Partial ResNet,partial_resnet18_bc_128px_v1,id,spatial_narrow,reach,spatial_distribution,narrow_train,5,0,spatial_narrow,150,0.0,0.0,0.013333333333333334,0.15333333333333332,0.0925644321491321,0.2565624512235324
Partial ResNet,partial_resnet18_bc_128px_v1,id,avoid_color_multi,avoid_reach,color,diverse_train,50,2,avoid_color_multi,150,0.0,0.0,0.0,1.0,0.040695152953267096,0.46610041975975036
Partial ResNet,partial_resnet18_bc_128px_v1,id,avoid_spatial_wide,avoid_reach,spatial_distribution,wide_train,5,0,avoid_spatial_wide,150,0.0,0.0,0.04,0.22,0.09997205261141062,0.17125851665933928
Partial ResNet,partial_resnet18_bc_128px_v1,id,avoid_lighting_diverse,avoid_reach,lighting_direction_intensity,diverse_train,50,1,avoid_lighting_diverse,150,0.0,0.0,0.0,0.72,0.04555681305627028,0.24074476132790248
Partial ResNet,partial_resnet18_bc_128px_v1,id,avoid_spatial_narrow,avoid_reach,spatial_distribution,narrow_train,20,0,avoid_spatial_narrow,150,0.0,0.02,0.04,0.29333333333333333,0.07213006403297186,0.11563114166259765
Partial ResNet,partial_resnet18_bc_128px_v1,id,color_multi,reach,color,diverse_train,5,2,color_multi,150,0.0,0.0,0.0,0.0,0.0866779292623202,0.30285528441270193
Partial ResNet,partial_resnet18_bc_128px_v1,id,avoid_color_red_only,avoid_reach,color,fixed_train,20,2,avoid_color_red_only,150,0.0,0.0,0.0,0.0,0.12214865535497665,0.22215422987937927
Partial ResNet,partial_resnet18_bc_128px_v1,id,lighting_fixed,reach,lighting_direction_intensity,fixed_train,5,1,lighting_fixed,150,0.0,0.0,0.0,0.0,0.1401653289794922,0.7883992195129395
Partial ResNet,partial_resnet18_bc_128px_v1,id,spatial_wide,reach,spatial_distribution,wide_train,20,2,spatial_wide,150,0.006666666666666667,0.02,0.15333333333333332,0.32,0.08040071144079168,0.15113755449963112
Partial ResNet,partial_resnet18_bc_128px_v1,id,avoid_camera_multi_pose,avoid_reach,camera_location_viewpoint,diverse_train,50,2,avoid_camera_multi_pose,150,0.0,0.0,0.0,1.0,0.045732968971133235,0.08162240162491799
Partial ResNet,partial_resnet18_bc_128px_v1,id,avoid_color_multi,avoid_reach,color,diverse_train,20,0,avoid_color_multi,150,0.0,0.0,0.0,1.0,0.03302077693243821,0.25335152020057045
Partial ResNet,partial_resnet18_bc_128px_v1,id,spatial_narrow,reach,spatial_distribution,narrow_train,20,2,spatial_narrow,150,0.0,0.013333333333333334,0.15333333333333332,0.72,0.041142450881501036,0.21200437205533187
Partial ResNet,partial_resnet18_bc_128px_v1,id,avoid_spatial_wide,avoid_reach,spatial_distribution,wide_train,20,0,avoid_spatial_wide,150,0.0,0.006666666666666667,0.04,0.24666666666666667,0.11031389127795894,0.1494133451084296
Partial ResNet,partial_resnet18_bc_128px_v1,id,avoid_spatial_wide,avoid_reach,spatial_distribution,wide_train,50,1,avoid_spatial_wide,150,0.03333333333333333,0.12666666666666668,0.34,0.6533333333333333,0.044928848752751945,0.33612182170152666
Partial ResNet,partial_resnet18_bc_128px_v1,ood,color_red_only,reach,color,fixed_train,20,0,color_ood_eval,150,0.0,0.0,0.0,0.0,0.06571838162839412,0.34108533104260763
Partial ResNet,partial_resnet18_bc_128px_v1,ood,avoid_color_multi,avoid_reach,color,diverse_train,50,2,avoid_color_ood_eval,150,0.0,0.0,0.0,1.0,0.04098139852285385,0.44011030515034993
Partial ResNet,partial_resnet18_bc_128px_v1,ood,avoid_lighting_diverse,avoid_reach,lighting_direction_intensity,diverse_train,20,0,avoid_lighting_extreme_ood_eval,150,0.0,0.0,0.0,0.5133333333333333,0.06366686329245567,0.26727915326754254
Partial ResNet,partial_resnet18_bc_128px_v1,ood,lighting_diverse,reach,lighting_direction_intensity,diverse_train,50,1,lighting_extreme_ood_eval,150,0.0,0.0,0.0,0.22666666666666666,0.0637581500907739,0.25384667456150056
Partial ResNet,partial_resnet18_bc_128px_v1,ood,camera_multi_pose,reach,camera_location_viewpoint,diverse_train,20,1,camera_extreme_ood_eval,150,0.04666666666666667,0.08,0.1,0.26,0.06714892637450248,0.2340144337636108
Partial ResNet,partial_resnet18_bc_128px_v1,ood,avoid_spatial_wide,avoid_reach,spatial_distribution,wide_train,5,1,avoid_spatial_edge_ood_eval,150,0.0,0.0,0.013333333333333334,0.1,0.12801859829574824,0.23039647365609806
Partial ResNet,partial_resnet18_bc_128px_v1,ood,camera_fixed,reach,camera_location_viewpoint,fixed_train,50,1,camera_extreme_ood_eval,150,0.02666666666666667,0.06,0.2,0.6266666666666667,0.050154510436890024,0.23561996494419873
Partial ResNet,partial_resnet18_bc_128px_v1,ood,camera_fixed,reach,camera_location_viewpoint,fixed_train,20,0,camera_extreme_ood_eval,150,0.006666666666666667,0.013333333333333334,0.02,0.03333333333333333,0.0918323864772295,0.22572817981243135
Partial ResNet,partial_resnet18_bc_128px_v1,ood,avoid_color_multi,avoid_reach,color,diverse_train,5,2,avoid_color_ood_eval,150,0.0,0.0,0.0,1.0,0.03766002962986628,0.27143285195032757
Partial ResNet,partial_resnet18_bc_128px_v1,ood,camera_multi_pose,reach,camera_location_viewpoint,diverse_train,50,0,camera_extreme_ood_eval,150,0.06,0.2866666666666667,0.7666666666666667,1.0,0.01497675989366447,0.10787497606516505
Partial ResNet,partial_resnet18_bc_128px_v1,ood,lighting_fixed,reach,lighting_direction_intensity,fixed_train,50,2,lighting_extreme_ood_eval,150,0.0,0.22666666666666666,0.22666666666666666,1.0,0.032169284907480084,0.22200422873099646
Partial ResNet,partial_resnet18_bc_128px_v1,ood,spatial_wide,reach,spatial_distribution,wide_train,5,0,spatial_edge_ood_eval,150,0.0,0.0,0.04,0.12666666666666668,0.12588532318671544,0.24642370882133643
Partial ResNet,partial_resnet18_bc_128px_v1,ood,color_multi,reach,color,diverse_train,50,0,color_ood_eval,150,0.0,0.0,0.0,0.0,0.057588473334908484,0.25884600698947907
Partial ResNet,partial_resnet18_bc_128px_v1,ood,spatial_narrow,reach,spatial_distribution,narrow_train,20,2,spatial_edge_ood_eval,150,0.0,0.02,0.03333333333333333,0.14,0.12715213370199005,0.26013224403063456
Partial ResNet,partial_resnet18_bc_128px_v1,ood,avoid_spatial_narrow,avoid_reach,spatial_distribution,narrow_train,50,0,avoid_spatial_edge_ood_eval,150,0.0,0.0,0.02666666666666667,0.12,0.1473770857229829,0.28496253028512003
Partial ResNet,partial_resnet18_bc_128px_v1,ood,color_red_only,reach,color,fixed_train,5,2,color_ood_eval,150,0.0,0.0,0.0,0.2733333333333333,0.07140801166494687,0.2904713700215022
Partial ResNet,partial_resnet18_bc_128px_v1,ood,avoid_color_red_only,avoid_reach,color,fixed_train,20,0,avoid_color_ood_eval,150,0.0,0.0,0.26,0.72,0.05777142681181431,0.289218731323878
Partial ResNet,partial_resnet18_bc_128px_v1,ood,avoid_spatial_wide,avoid_reach,spatial_distribution,wide_train,5,2,avoid_spatial_edge_ood_eval,150,0.0,0.006666666666666667,0.013333333333333334,0.14666666666666667,0.13612910697236658,0.28131571985781195
Partial ResNet,partial_resnet18_bc_128px_v1,ood,avoid_color_multi,avoid_reach,color,diverse_train,20,2,avoid_color_ood_eval,150,0.0,0.0,0.0,0.0,0.07478221982717514,0.07898711159825325
Partial ResNet,partial_resnet18_bc_128px_v1,ood,spatial_wide,reach,spatial_distribution,wide_train,20,1,spatial_edge_ood_eval,150,0.0,0.0,0.006666666666666667,0.13333333333333333,0.09737227843453487,0.23278067576388517
Partial ResNet,partial_resnet18_bc_128px_v1,ood,avoid_spatial_wide,avoid_reach,spatial_distribution,wide_train,20,2,avoid_spatial_edge_ood_eval,150,0.0,0.0,0.0,0.06666666666666667,0.16780551084627707,0.23251675367355346
Partial ResNet,partial_resnet18_bc_128px_v1,ood,lighting_diverse,reach,lighting_direction_intensity,diverse_train,50,0,lighting_extreme_ood_eval,150,0.0,0.0,0.0,0.68,0.04060470615824063,0.22289619386196136
Partial ResNet,partial_resnet18_bc_128px_v1,ood,color_red_only,reach,color,fixed_train,50,1,color_ood_eval,150,0.0,0.0,0.25333333333333335,0.25333333333333335,0.05646742042154074,0.3147979817787806
Partial ResNet,partial_resnet18_bc_128px_v1,ood,avoid_lighting_diverse,avoid_reach,lighting_direction_intensity,diverse_train,20,2,avoid_lighting_extreme_ood_eval,150,0.0,0.0,0.0,1.0,0.036977067415912945,0.2210497929652532
Partial ResNet,partial_resnet18_bc_128px_v1,ood,spatial_wide,reach,spatial_distribution,wide_train,50,0,spatial_edge_ood_eval,150,0.006666666666666667,0.04,0.16666666666666666,0.46,0.05912322215580692,0.1430941319776078
Partial ResNet,partial_resnet18_bc_128px_v1,ood,avoid_color_red_only,avoid_reach,color,fixed_train,5,0,avoid_color_ood_eval,150,0.0,0.0,0.0,0.0,0.06125987981756528,0.17883188406626382
Partial ResNet,partial_resnet18_bc_128px_v1,ood,avoid_camera_multi_pose,avoid_reach,camera_location_viewpoint,diverse_train,5,0,avoid_camera_extreme_ood_eval,150,0.0,0.0,0.013333333333333334,0.11333333333333333,0.11807967315117518,0.3461508187651634
Partial ResNet,partial_resnet18_bc_128px_v1,ood,avoid_lighting_fixed,avoid_reach,lighting_direction_intensity,fixed_train,20,1,avoid_lighting_extreme_ood_eval,150,0.0,0.0,0.0,0.28,0.15080095134675503,0.3649820639193058
Partial ResNet,partial_resnet18_bc_128px_v1,ood,avoid_camera_fixed,avoid_reach,camera_location_viewpoint,fixed_train,50,0,avoid_camera_extreme_ood_eval,150,0.0,0.0,0.006666666666666667,0.06,0.12880683430780968,0.3791566588481267
Partial ResNet,partial_resnet18_bc_128px_v1,ood,avoid_color_red_only,avoid_reach,color,fixed_train,50,0,avoid_color_ood_eval,150,0.0,0.0,0.0,0.26,0.060915520091851555,0.3119456626971563
Partial ResNet,partial_resnet18_bc_128px_v1,ood,avoid_spatial_wide,avoid_reach,spatial_distribution,wide_train,20,1,avoid_spatial_edge_ood_eval,150,0.0,0.006666666666666667,0.08,0.4,0.07456154112393658,0.2088302234063546
Partial ResNet,partial_resnet18_bc_128px_v1,ood,color_multi,reach,color,diverse_train,20,1,color_ood_eval,150,0.0,0.0,0.21333333333333335,0.21333333333333335,0.05020898396770159,0.24889624635378518
Partial ResNet,partial_resnet18_bc_128px_v1,ood,avoid_camera_fixed,avoid_reach,camera_location_viewpoint,fixed_train,5,0,avoid_camera_extreme_ood_eval,150,0.0,0.0,0.006666666666666667,0.04,0.1585430562744538,0.3147820639361938
Partial ResNet,partial_resnet18_bc_128px_v1,ood,camera_fixed,reach,camera_location_viewpoint,fixed_train,5,1,camera_extreme_ood_eval,150,0.013333333333333334,0.04,0.05333333333333334,0.26,0.07520656998114039,0.28806363853315514
Partial ResNet,partial_resnet18_bc_128px_v1,ood,camera_multi_pose,reach,camera_location_viewpoint,diverse_train,5,0,camera_extreme_ood_eval,150,0.006666666666666667,0.02666666666666667,0.06666666666666667,0.36,0.06485052675008773,0.2617035837968191
Partial ResNet,partial_resnet18_bc_128px_v1,ood,avoid_camera_multi_pose,avoid_reach,camera_location_viewpoint,diverse_train,50,0,avoid_camera_extreme_ood_eval,150,0.0,0.0,0.0,0.4266666666666667,0.050242499299347404,0.41661052544911703
Partial ResNet,partial_resnet18_bc_128px_v1,ood,lighting_fixed,reach,lighting_direction_intensity,fixed_train,20,2,lighting_extreme_ood_eval,150,0.0,0.0,0.0,0.5066666666666667,0.05254444887240728,0.2014501827955246
Partial ResNet,partial_resnet18_bc_128px_v1,ood,avoid_lighting_fixed,avoid_reach,lighting_direction_intensity,fixed_train,20,2,avoid_lighting_extreme_ood_eval,150,0.0,0.0,0.0,0.44,0.07324682737390201,0.18790680646896363
Partial ResNet,partial_resnet18_bc_128px_v1,ood,lighting_diverse,reach,lighting_direction_intensity,diverse_train,20,1,lighting_extreme_ood_eval,150,0.0,0.0,0.22666666666666666,0.41333333333333333,0.09516977292795976,0.23749309475223224
Partial ResNet,partial_resnet18_bc_128px_v1,ood,color_red_only,reach,color,fixed_train,20,2,color_ood_eval,150,0.0,0.0,0.0,0.7466666666666667,0.04547605400284131,0.2248334155480067
Partial ResNet,partial_resnet18_bc_128px_v1,ood,camera_fixed,reach,camera_location_viewpoint,fixed_train,20,1,camera_extreme_ood_eval,150,0.02666666666666667,0.07333333333333333,0.12666666666666668,0.5333333333333333,0.05162074282299727,0.2182917567746093
Partial ResNet,partial_resnet18_bc_128px_v1,ood,camera_multi_pose,reach,camera_location_viewpoint,diverse_train,50,1,camera_extreme_ood_eval,150,0.04,0.10666666666666667,0.38666666666666666,0.9666666666666667,0.025808619035718343,0.13513352599538242
Partial ResNet,partial_resnet18_bc_128px_v1,ood,camera_multi_pose,reach,camera_location_viewpoint,diverse_train,20,0,camera_extreme_ood_eval,150,0.0,0.006666666666666667,0.04,0.56,0.04876881647234162,0.2385031679024299
Partial ResNet,partial_resnet18_bc_128px_v1,ood,camera_fixed,reach,camera_location_viewpoint,fixed_train,50,0,camera_extreme_ood_eval,150,0.0,0.0,0.0,0.006666666666666667,0.08502742772301038,0.22098136941591898
Partial ResNet,partial_resnet18_bc_128px_v1,ood,avoid_lighting_diverse,avoid_reach,lighting_direction_intensity,diverse_train,20,1,avoid_lighting_extreme_ood_eval,150,0.0,0.0,0.0,0.0,0.13982277502616247,0.40958689550558725
Partial ResNet,partial_resnet18_bc_128px_v1,ood,color_multi,reach,color,diverse_train,50,2,color_ood_eval,150,0.0,0.0,0.0,0.2733333333333333,0.05583890669047833,0.4312339019775391
Partial ResNet,partial_resnet18_bc_128px_v1,ood,avoid_color_multi,avoid_reach,color,diverse_train,20,1,avoid_color_ood_eval,150,0.0,0.0,0.0,0.0,0.20588762005170186,0.6624121741453807
Partial ResNet,partial_resnet18_bc_128px_v1,ood,spatial_wide,reach,spatial_distribution,wide_train,20,2,spatial_edge_ood_eval,150,0.0,0.013333333333333334,0.1,0.25333333333333335,0.10960552087674538,0.18258471018945177
Partial ResNet,partial_resnet18_bc_128px_v1,ood,avoid_spatial_narrow,avoid_reach,spatial_distribution,narrow_train,20,2,avoid_spatial_edge_ood_eval,150,0.0,0.0,0.0,0.08,0.14748481464882693,0.22627495085199675
Partial ResNet,partial_resnet18_bc_128px_v1,ood,avoid_spatial_narrow,avoid_reach,spatial_distribution,narrow_train,20,1,avoid_spatial_edge_ood_eval,150,0.0,0.0,0.03333333333333333,0.14,0.11991720598191023,0.3158778501053651
Partial ResNet,partial_resnet18_bc_128px_v1,ood,color_red_only,reach,color,fixed_train,5,0,color_ood_eval,150,0.0,0.0,0.0,0.4866666666666667,0.06079878432055314,0.2611033250888189
Partial ResNet,partial_resnet18_bc_128px_v1,ood,avoid_camera_fixed,avoid_reach,camera_location_viewpoint,fixed_train,20,0,avoid_camera_extreme_ood_eval,150,0.0,0.013333333333333334,0.02,0.14666666666666667,0.14943202344390252,0.30821372747421266
Partial ResNet,partial_resnet18_bc_128px_v1,ood,lighting_diverse,reach,lighting_direction_intensity,diverse_train,5,2,lighting_extreme_ood_eval,150,0.0,0.0,0.0,0.26666666666666666,0.07009302298227946,0.18278153161207836
Partial ResNet,partial_resnet18_bc_128px_v1,ood,spatial_narrow,reach,spatial_distribution,narrow_train,5,0,spatial_edge_ood_eval,150,0.0,0.0,0.006666666666666667,0.08,0.15634469502295056,0.2869084376531343
Partial ResNet,partial_resnet18_bc_128px_v1,ood,lighting_fixed,reach,lighting_direction_intensity,fixed_train,5,1,lighting_extreme_ood_eval,150,0.0,0.0,0.0,0.41333333333333333,0.17466165627042451,0.598327792485555
Partial ResNet,partial_resnet18_bc_128px_v1,ood,avoid_camera_multi_pose,avoid_reach,camera_location_viewpoint,diverse_train,20,0,avoid_camera_extreme_ood_eval,150,0.0,0.0,0.013333333333333334,0.9333333333333333,0.039304092973470685,0.2527092610299587
Partial ResNet,partial_resnet18_bc_128px_v1,ood,avoid_color_multi,avoid_reach,color,diverse_train,50,1,avoid_color_ood_eval,150,0.5066666666666667,0.7666666666666667,1.0,1.0,0.006903827066222826,0.2634368576606115
Partial ResNet,partial_resnet18_bc_128px_v1,ood,avoid_color_multi,avoid_reach,color,diverse_train,5,1,avoid_color_ood_eval,150,0.0,0.0,0.0,0.0,0.23566297064224878,0.721836587190628
Partial ResNet,partial_resnet18_bc_128px_v1,ood,avoid_spatial_narrow,avoid_reach,spatial_distribution,narrow_train,5,1,avoid_spatial_edge_ood_eval,150,0.0,0.006666666666666667,0.03333333333333333,0.13333333333333333,0.18950857682774463,0.5900586444139481
Partial ResNet,partial_resnet18_bc_128px_v1,ood,lighting_diverse,reach,lighting_direction_intensity,diverse_train,20,0,lighting_extreme_ood_eval,150,0.0,0.26666666666666666,0.26666666666666666,0.49333333333333335,0.05840612431367238,0.26819875061511994
Partial ResNet,partial_resnet18_bc_128px_v1,ood,spatial_narrow,reach,spatial_distribution,narrow_train,50,0,spatial_edge_ood_eval,150,0.03333333333333333,0.04,0.09333333333333334,0.26,0.08993224134009022,0.1555377197882626
Partial ResNet,partial_resnet18_bc_128px_v1,ood,color_multi,reach,color,diverse_train,5,1,color_ood_eval,150,0.0,0.0,0.0,1.0,0.03796964441736539,0.14102973294754823
Partial ResNet,partial_resnet18_bc_128px_v1,ood,lighting_fixed,reach,lighting_direction_intensity,fixed_train,5,0,lighting_extreme_ood_eval,150,0.0,0.0,0.26666666666666666,0.8133333333333334,0.039343035345276195,0.20984013001124063
Partial ResNet,partial_resnet18_bc_128px_v1,ood,avoid_spatial_wide,avoid_reach,spatial_distribution,wide_train,50,0,avoid_spatial_edge_ood_eval,150,0.013333333333333334,0.07333333333333333,0.21333333333333335,0.6533333333333333,0.061382421750264864,0.21496410852919023
Partial ResNet,partial_resnet18_bc_128px_v1,ood,avoid_lighting_fixed,avoid_reach,lighting_direction_intensity,fixed_train,20,0,avoid_lighting_extreme_ood_eval,150,0.0,0.0,0.0,0.0,0.11670638635754585,0.21066613574822743
Partial ResNet,partial_resnet18_bc_128px_v1,ood,spatial_narrow,reach,spatial_distribution,narrow_train,20,1,spatial_edge_ood_eval,150,0.006666666666666667,0.013333333333333334,0.08,0.26,0.09775928303754577,0.18871705025434493
Partial ResNet,partial_resnet18_bc_128px_v1,ood,avoid_spatial_narrow,avoid_reach,spatial_distribution,narrow_train,5,2,avoid_spatial_edge_ood_eval,150,0.0,0.0,0.02,0.14,0.1373948599025607,0.2430979834496975
Partial ResNet,partial_resnet18_bc_128px_v1,ood,camera_multi_pose,reach,camera_location_viewpoint,diverse_train,5,1,camera_extreme_ood_eval,150,0.013333333333333334,0.04,0.12,0.5266666666666666,0.048487832291672625,0.17559361096471549
Partial ResNet,partial_resnet18_bc_128px_v1,ood,camera_fixed,reach,camera_location_viewpoint,fixed_train,5,0,camera_extreme_ood_eval,150,0.006666666666666667,0.006666666666666667,0.02666666666666667,0.20666666666666667,0.0867016187030822,0.26395752812425294
Partial ResNet,partial_resnet18_bc_128px_v1,ood,avoid_camera_multi_pose,avoid_reach,camera_location_viewpoint,diverse_train,5,1,avoid_camera_extreme_ood_eval,150,0.0,0.0,0.0,0.03333333333333333,0.10941886022686959,0.40937134419878324
Partial ResNet,partial_resnet18_bc_128px_v1,ood,spatial_wide,reach,spatial_distribution,wide_train,50,1,spatial_edge_ood_eval,150,0.0,0.006666666666666667,0.20666666666666667,0.54,0.056508028289924066,0.09821673224369686
Partial ResNet,partial_resnet18_bc_128px_v1,ood,avoid_camera_fixed,avoid_reach,camera_location_viewpoint,fixed_train,20,2,avoid_camera_extreme_ood_eval,150,0.0,0.0,0.0,0.0,0.13093895052870114,0.24594836483399074
Partial ResNet,partial_resnet18_bc_128px_v1,ood,camera_fixed,reach,camera_location_viewpoint,fixed_train,20,2,camera_extreme_ood_eval,150,0.0,0.0,0.006666666666666667,0.11333333333333333,0.07586885466550787,0.25956139728426936
Partial ResNet,partial_resnet18_bc_128px_v1,ood,color_multi,reach,color,diverse_train,20,2,color_ood_eval,150,0.0,0.0,0.0,1.0,0.04151775620877743,0.23015829185644784
Partial ResNet,partial_resnet18_bc_128px_v1,ood,camera_multi_pose,reach,camera_location_viewpoint,diverse_train,50,2,camera_extreme_ood_eval,150,0.0,0.0,0.006666666666666667,0.9933333333333333,0.03575644720345736,0.2548986758788427
Partial ResNet,partial_resnet18_bc_128px_v1,ood,avoid_camera_fixed,avoid_reach,camera_location_viewpoint,fixed_train,50,1,avoid_camera_extreme_ood_eval,150,0.0,0.0,0.0,0.09333333333333334,0.09191092307368914,0.20611255606015524
Partial ResNet,partial_resnet18_bc_128px_v1,ood,avoid_spatial_wide,avoid_reach,spatial_distribution,wide_train,50,1,avoid_spatial_edge_ood_eval,150,0.006666666666666667,0.12,0.22666666666666666,0.48,0.05588874699547887,0.44517787781854473
Partial ResNet,partial_resnet18_bc_128px_v1,ood,color_red_only,reach,color,fixed_train,50,2,color_ood_eval,150,0.0,0.0,0.21333333333333335,1.0,0.03415258266031742,0.2507052387793859
Partial ResNet,partial_resnet18_bc_128px_v1,ood,avoid_camera_fixed,avoid_reach,camera_location_viewpoint,fixed_train,5,1,avoid_camera_extreme_ood_eval,150,0.0,0.0,0.02666666666666667,0.14,0.09087344508618117,0.25376438779135546
Partial ResNet,partial_resnet18_bc_128px_v1,ood,avoid_color_red_only,avoid_reach,color,fixed_train,50,2,avoid_color_ood_eval,150,0.0,0.0,0.22666666666666666,1.0,0.028392812026043733,0.2603467381000519
Partial ResNet,partial_resnet18_bc_128px_v1,ood,avoid_camera_multi_pose,avoid_reach,camera_location_viewpoint,diverse_train,20,2,avoid_camera_extreme_ood_eval,150,0.04666666666666667,0.12,0.46,0.7933333333333333,0.030457305073117218,0.19890310058991115
Partial ResNet,partial_resnet18_bc_128px_v1,ood,avoid_camera_multi_pose,avoid_reach,camera_location_viewpoint,diverse_train,50,1,avoid_camera_extreme_ood_eval,150,0.02666666666666667,0.07333333333333333,0.24,1.0,0.02537247207791855,0.2885921070973078
Partial ResNet,partial_resnet18_bc_128px_v1,ood,lighting_diverse,reach,lighting_direction_intensity,diverse_train,20,2,lighting_extreme_ood_eval,150,0.0,0.0,0.18666666666666668,1.0,0.026464792862534524,0.24184928327798844
Partial ResNet,partial_resnet18_bc_128px_v1,ood,avoid_color_red_only,avoid_reach,color,fixed_train,5,2,avoid_color_ood_eval,150,0.0,0.0,0.0,1.0,0.034024206238488355,0.24523856843511263
Partial ResNet,partial_resnet18_bc_128px_v1,ood,spatial_narrow,reach,spatial_distribution,narrow_train,5,2,spatial_edge_ood_eval,150,0.0,0.013333333333333334,0.02666666666666667,0.10666666666666667,0.13646832249127328,0.2629253602027893
Partial ResNet,partial_resnet18_bc_128px_v1,ood,lighting_fixed,reach,lighting_direction_intensity,fixed_train,20,1,lighting_extreme_ood_eval,150,0.0,0.0,0.0,0.0,0.17624100704987844,0.8506494919459026
Partial ResNet,partial_resnet18_bc_128px_v1,ood,avoid_spatial_narrow,avoid_reach,spatial_distribution,narrow_train,5,0,avoid_spatial_edge_ood_eval,150,0.0,0.0,0.0,0.03333333333333333,0.18443420805037022,0.25110955057044826
Partial ResNet,partial_resnet18_bc_128px_v1,ood,avoid_lighting_diverse,avoid_reach,lighting_direction_intensity,diverse_train,5,0,avoid_lighting_extreme_ood_eval,150,0.0,0.0,0.20666666666666667,0.20666666666666667,0.09686870273202658,0.2466898868481318
Partial ResNet,partial_resnet18_bc_128px_v1,ood,lighting_fixed,reach,lighting_direction_intensity,fixed_train,5,2,lighting_extreme_ood_eval,150,0.0,0.0,0.0,0.22666666666666666,0.06816663439075152,0.21782758583625159
Partial ResNet,partial_resnet18_bc_128px_v1,ood,avoid_color_multi,avoid_reach,color,diverse_train,20,0,avoid_color_ood_eval,150,0.0,0.0,0.0,1.0,0.036374761064847314,0.2670455484588941
Partial ResNet,partial_resnet18_bc_128px_v1,ood,lighting_diverse,reach,lighting_direction_intensity,diverse_train,5,1,lighting_extreme_ood_eval,150,0.0,0.0,0.0,0.0,0.14338620762030282,0.32066782474517824
Partial ResNet,partial_resnet18_bc_128px_v1,ood,color_multi,reach,color,diverse_train,5,0,color_ood_eval,150,0.0,0.0,0.26,0.5333333333333333,0.03796633206307888,0.2589345118403435
Partial ResNet,partial_resnet18_bc_128px_v1,ood,avoid_lighting_fixed,avoid_reach,lighting_direction_intensity,fixed_train,50,0,avoid_lighting_extreme_ood_eval,150,0.0,0.0,0.28,0.72,0.03909667648375034,0.2339763393998146
Partial ResNet,partial_resnet18_bc_128px_v1,ood,spatial_wide,reach,spatial_distribution,wide_train,20,0,spatial_edge_ood_eval,150,0.0,0.013333333333333334,0.12,0.2866666666666667,0.10783986378461123,0.24462157535677154
Partial ResNet,partial_resnet18_bc_128px_v1,ood,avoid_spatial_wide,avoid_reach,spatial_distribution,wide_train,50,2,avoid_spatial_edge_ood_eval,150,0.0,0.006666666666666667,0.006666666666666667,0.04666666666666667,0.1030105459286521,0.594217297633489
Partial ResNet,partial_resnet18_bc_128px_v1,ood,avoid_color_red_only,avoid_reach,color,fixed_train,20,2,avoid_color_ood_eval,150,0.0,0.0,0.0,0.0,0.11258216167489687,0.223067580362161
Partial ResNet,partial_resnet18_bc_128px_v1,ood,avoid_spatial_narrow,avoid_reach,spatial_distribution,narrow_train,20,0,avoid_spatial_edge_ood_eval,150,0.0,0.0,0.02,0.14666666666666667,0.14236379334082205,0.18111478984355928
Partial ResNet,partial_resnet18_bc_128px_v1,ood,avoid_lighting_fixed,avoid_reach,lighting_direction_intensity,fixed_train,5,1,avoid_lighting_extreme_ood_eval,150,0.0,0.0,0.0,0.0,0.2273677400747935,0.6231909151871999
Partial ResNet,partial_resnet18_bc_128px_v1,ood,lighting_fixed,reach,lighting_direction_intensity,fixed_train,20,0,lighting_extreme_ood_eval,150,0.0,0.0,0.0,0.41333333333333333,0.06207451298832893,0.32778066873550415
Partial ResNet,partial_resnet18_bc_128px_v1,ood,avoid_lighting_diverse,avoid_reach,lighting_direction_intensity,diverse_train,5,2,avoid_lighting_extreme_ood_eval,150,0.0,0.0,0.0,0.20666666666666667,0.10376224319140116,0.2069150737921397
Partial ResNet,partial_resnet18_bc_128px_v1,ood,avoid_lighting_diverse,avoid_reach,lighting_direction_intensity,diverse_train,50,1,avoid_lighting_extreme_ood_eval,150,0.0,0.0,0.0,0.28,0.07882574150959651,0.21742867752909661
Partial ResNet,partial_resnet18_bc_128px_v1,ood,avoid_lighting_fixed,avoid_reach,lighting_direction_intensity,fixed_train,50,2,avoid_lighting_extreme_ood_eval,150,0.0,0.0,0.0,0.28,0.12315184007088344,0.23472636530796687
Partial ResNet,partial_resnet18_bc_128px_v1,ood,color_red_only,reach,color,fixed_train,5,1,color_ood_eval,150,0.0,0.0,0.0,0.0,0.09977484891812007,0.30059338370958966
Partial ResNet,partial_resnet18_bc_128px_v1,ood,spatial_wide,reach,spatial_distribution,wide_train,5,1,spatial_edge_ood_eval,150,0.0,0.0,0.006666666666666667,0.09333333333333334,0.13857695200790962,0.3623345251878103
Partial ResNet,partial_resnet18_bc_128px_v1,ood,spatial_narrow,reach,spatial_distribution,narrow_train,50,2,spatial_edge_ood_eval,150,0.0,0.006666666666666667,0.03333333333333333,0.16666666666666666,0.108852949483941,0.23499524583419165
Partial ResNet,partial_resnet18_bc_128px_v1,ood,camera_multi_pose,reach,camera_location_viewpoint,diverse_train,5,2,camera_extreme_ood_eval,150,0.0,0.02,0.06,0.32,0.060899663977324964,0.18883283297220865
Partial ResNet,partial_resnet18_bc_128px_v1,ood,avoid_color_multi,avoid_reach,color,diverse_train,5,0,avoid_color_ood_eval,150,0.0,0.0,0.0,0.0,0.0731207902232806,0.18528211603562036
Partial ResNet,partial_resnet18_bc_128px_v1,ood,lighting_diverse,reach,lighting_direction_intensity,diverse_train,5,0,lighting_extreme_ood_eval,150,0.0,0.0,0.22666666666666666,0.8133333333333334,0.035464823668201764,0.19130654993156593
Partial ResNet,partial_resnet18_bc_128px_v1,ood,avoid_color_multi,avoid_reach,color,diverse_train,50,0,avoid_color_ood_eval,150,0.0,0.0,0.0,0.28,0.06296179677049318,0.31587578495343527
Partial ResNet,partial_resnet18_bc_128px_v1,ood,color_multi,reach,color,diverse_train,20,0,color_ood_eval,150,0.0,0.0,0.0,0.25333333333333335,0.05817048378288746,0.271417831381162
Partial ResNet,partial_resnet18_bc_128px_v1,ood,avoid_spatial_wide,avoid_reach,spatial_distribution,wide_train,20,0,avoid_spatial_edge_ood_eval,150,0.0,0.0,0.013333333333333334,0.12666666666666668,0.14234979757418234,0.19169861281911532
Partial ResNet,partial_resnet18_bc_128px_v1,ood,avoid_color_red_only,avoid_reach,color,fixed_train,20,1,avoid_color_ood_eval,150,0.0,0.0,0.0,0.0,0.17789564897616705,0.7799939596652985
Partial ResNet,partial_resnet18_bc_128px_v1,ood,camera_multi_pose,reach,camera_location_viewpoint,diverse_train,20,2,camera_extreme_ood_eval,150,0.0,0.0,0.03333333333333333,0.38666666666666666,0.05500570766627789,0.2263427623361349
Partial ResNet,partial_resnet18_bc_128px_v1,ood,camera_fixed,reach,camera_location_viewpoint,fixed_train,50,2,camera_extreme_ood_eval,150,0.0,0.006666666666666667,0.04,0.4266666666666667,0.0515977042230467,0.23391759646435578
Partial ResNet,partial_resnet18_bc_128px_v1,ood,spatial_narrow,reach,spatial_distribution,narrow_train,20,0,spatial_edge_ood_eval,150,0.0,0.006666666666666667,0.013333333333333334,0.15333333333333332,0.11094387851655484,0.20969398390501737
Partial ResNet,partial_resnet18_bc_128px_v1,ood,lighting_fixed,reach,lighting_direction_intensity,fixed_train,50,1,lighting_extreme_ood_eval,150,0.0,0.0,0.0,0.0,0.14374768406152724,0.5622015452384949
Partial ResNet,partial_resnet18_bc_128px_v1,ood,lighting_diverse,reach,lighting_direction_intensity,diverse_train,50,2,lighting_extreme_ood_eval,150,0.0,0.0,0.32,1.0,0.02415125658114751,0.27518239458402
Partial ResNet,partial_resnet18_bc_128px_v1,ood,color_red_only,reach,color,fixed_train,50,0,color_ood_eval,150,0.0,0.0,0.0,0.0,0.07138858591516813,0.12698171506325404
Partial ResNet,partial_resnet18_bc_128px_v1,ood,avoid_lighting_diverse,avoid_reach,lighting_direction_intensity,diverse_train,5,1,avoid_lighting_extreme_ood_eval,150,0.0,0.0,0.0,0.0,0.15360414614280066,0.5140414122740428
Partial ResNet,partial_resnet18_bc_128px_v1,ood,spatial_wide,reach,spatial_distribution,wide_train,5,2,spatial_edge_ood_eval,150,0.0,0.02,0.07333333333333333,0.18666666666666668,0.1171121141128242,0.2419546663761139
Partial ResNet,partial_resnet18_bc_128px_v1,ood,color_multi,reach,color,diverse_train,5,2,color_ood_eval,150,0.0,0.0,0.0,0.0,0.08962604473034541,0.32158567289511364
Partial ResNet,partial_resnet18_bc_128px_v1,ood,avoid_lighting_fixed,avoid_reach,lighting_direction_intensity,fixed_train,5,2,avoid_lighting_extreme_ood_eval,150,0.0,0.0,0.0,0.0,0.13572563151518505,0.3096693656841914
Partial ResNet,partial_resnet18_bc_128px_v1,ood,avoid_lighting_fixed,avoid_reach,lighting_direction_intensity,fixed_train,50,1,avoid_lighting_extreme_ood_eval,150,0.0,0.0,0.20666666666666667,0.72,0.04426810788611571,0.21397483428319294
Partial ResNet,partial_resnet18_bc_128px_v1,ood,avoid_lighting_diverse,avoid_reach,lighting_direction_intensity,diverse_train,50,2,avoid_lighting_extreme_ood_eval,150,0.0,0.0,0.23333333333333334,1.0,0.024145080968737603,0.3002125422159831
Partial ResNet,partial_resnet18_bc_128px_v1,ood,spatial_narrow,reach,spatial_distribution,narrow_train,50,1,spatial_edge_ood_eval,150,0.0,0.02,0.10666666666666667,0.22666666666666666,0.10071475400589407,0.15403495729590455
Partial ResNet,partial_resnet18_bc_128px_v1,ood,avoid_lighting_fixed,avoid_reach,lighting_direction_intensity,fixed_train,5,0,avoid_lighting_extreme_ood_eval,150,0.0,0.0,0.0,0.0,0.12701337094108264,0.2615490342179934
Partial ResNet,partial_resnet18_bc_128px_v1,ood,avoid_camera_fixed,avoid_reach,camera_location_viewpoint,fixed_train,50,2,avoid_camera_extreme_ood_eval,150,0.0,0.02666666666666667,0.07333333333333333,0.3333333333333333,0.05445289413755139,0.2519790824751059
Partial ResNet,partial_resnet18_bc_128px_v1,ood,lighting_fixed,reach,lighting_direction_intensity,fixed_train,50,0,lighting_extreme_ood_eval,150,0.0,0.0,0.0,0.41333333333333333,0.09311484153072039,0.2899290972948074
Partial ResNet,partial_resnet18_bc_128px_v1,ood,avoid_spatial_narrow,avoid_reach,spatial_distribution,narrow_train,50,1,avoid_spatial_edge_ood_eval,150,0.006666666666666667,0.013333333333333334,0.06666666666666667,0.22,0.09302802489604801,0.3080802849928538
Partial ResNet,partial_resnet18_bc_128px_v1,ood,avoid_camera_fixed,avoid_reach,camera_location_viewpoint,fixed_train,20,1,avoid_camera_extreme_ood_eval,150,0.0,0.0,0.0,0.0,0.14805818234880766,0.4305515064795812
Partial ResNet,partial_resnet18_bc_128px_v1,ood,avoid_camera_multi_pose,avoid_reach,camera_location_viewpoint,diverse_train,5,2,avoid_camera_extreme_ood_eval,150,0.0,0.0,0.0,0.09333333333333334,0.0901786166553696,0.18746188749869663
Partial ResNet,partial_resnet18_bc_128px_v1,ood,spatial_wide,reach,spatial_distribution,wide_train,50,2,spatial_edge_ood_eval,150,0.02,0.05333333333333334,0.21333333333333335,0.5266666666666666,0.05296536206267774,0.09576062019293508
Partial ResNet,partial_resnet18_bc_128px_v1,ood,avoid_color_red_only,avoid_reach,color,fixed_train,50,1,avoid_color_ood_eval,150,0.0,0.0,0.0,1.0,0.034709262748559316,0.27190417925516763
Partial ResNet,partial_resnet18_bc_128px_v1,ood,avoid_lighting_diverse,avoid_reach,lighting_direction_intensity,diverse_train,50,0,avoid_lighting_extreme_ood_eval,150,0.0,0.0,0.0,1.0,0.03084715496748686,0.3352548321088155
Partial ResNet,partial_resnet18_bc_128px_v1,ood,avoid_camera_multi_pose,avoid_reach,camera_location_viewpoint,diverse_train,50,2,avoid_camera_extreme_ood_eval,150,0.006666666666666667,0.006666666666666667,0.006666666666666667,0.7866666666666666,0.04802264420160403,0.0982123200595379
Partial ResNet,partial_resnet18_bc_128px_v1,ood,spatial_narrow,reach,spatial_distribution,narrow_train,5,1,spatial_edge_ood_eval,150,0.0,0.0,0.05333333333333334,0.10666666666666667,0.1216950131393969,0.2610430399266382
Partial ResNet,partial_resnet18_bc_128px_v1,ood,avoid_color_red_only,avoid_reach,color,fixed_train,5,1,avoid_color_ood_eval,150,0.0,0.0,0.0,0.0,0.12761962413787842,0.77356254696846
Partial ResNet,partial_resnet18_bc_128px_v1,ood,avoid_camera_multi_pose,avoid_reach,camera_location_viewpoint,diverse_train,20,1,avoid_camera_extreme_ood_eval,150,0.0,0.0,0.0,0.44666666666666666,0.052073987709979216,0.14269192459682623
Partial ResNet,partial_resnet18_bc_128px_v1,ood,avoid_camera_fixed,avoid_reach,camera_location_viewpoint,fixed_train,5,2,avoid_camera_extreme_ood_eval,150,0.0,0.0,0.006666666666666667,0.08,0.12950230453163386,0.3156135519842307
Partial ResNet,partial_resnet18_bc_128px_v1,ood,avoid_spatial_wide,avoid_reach,spatial_distribution,wide_train,5,0,avoid_spatial_edge_ood_eval,150,0.0,0.0,0.006666666666666667,0.12,0.1322432772939404,0.21331349400182564
Partial ResNet,partial_resnet18_bc_128px_v1,ood,color_multi,reach,color,diverse_train,50,1,color_ood_eval,150,0.0,0.26,1.0,1.0,0.01247889466273288,0.08512637297312418
Partial ResNet,partial_resnet18_bc_128px_v1,ood,color_red_only,reach,color,fixed_train,20,1,color_ood_eval,150,0.0,0.0,0.0,0.4666666666666667,0.08137089570363362,0.34234570066134135
Partial ResNet,partial_resnet18_bc_128px_v1,ood,camera_fixed,reach,camera_location_viewpoint,fixed_train,5,2,camera_extreme_ood_eval,150,0.0,0.0,0.0,0.0,0.1128596365948518,0.31555862387021383
Partial ResNet,partial_resnet18_bc_128px_v1,ood,avoid_spatial_narrow,avoid_reach,spatial_distribution,narrow_train,50,2,avoid_spatial_edge_ood_eval,150,0.006666666666666667,0.02666666666666667,0.04,0.12,0.1350922708772123,0.46655516465504965
