family,family_label,split,model_family,train_config,task,task_label,axis,axis_label,variant,budget,seed,eval_config,eval_variant,rollout_count,success_at_0p5cm_count,success_at_1cm_count,success_at_2cm_count,success_at_5cm_count,success_at_0p5cm,success_at_1cm,success_at_2cm,success_at_5cm,nearest_distance_m,end_distance_m,mean_steps,metrics_path,nearest_distance_cm,end_distance_cm
scratch_cnn,Scratch CNN,id,scratch_bc_128,avoid_camera_fixed,avoid_reach,Obstacle-aware reach,camera_location_viewpoint,Camera viewpoint,fixed_train,5,0,avoid_camera_fixed,fixed_train,150,0,150,150,150,0.0,1.0,1.0,1.0,0.00756295770406723,0.5466386079788208,400.0,results/bc_128px_v1/metrics/id/metrics__scratch_bc_128__avoid_camera_fixed__budget005__seed000__eval_avoid_camera_fixed.json,0.756295770406723,54.66386079788208
scratch_cnn,Scratch CNN,id,scratch_bc_128,avoid_camera_fixed,avoid_reach,Obstacle-aware reach,camera_location_viewpoint,Camera viewpoint,fixed_train,5,1,avoid_camera_fixed,fixed_train,150,0,0,150,150,0.0,0.0,1.0,1.0,0.018956279382109642,0.5464298725128174,400.0,results/bc_128px_v1/metrics/id/metrics__scratch_bc_128__avoid_camera_fixed__budget005__seed001__eval_avoid_camera_fixed.json,1.8956279382109642,54.64298725128174
scratch_cnn,Scratch CNN,id,scratch_bc_128,avoid_camera_fixed,avoid_reach,Obstacle-aware reach,camera_location_viewpoint,Camera viewpoint,fixed_train,5,2,avoid_camera_fixed,fixed_train,150,0,0,150,150,0.0,0.0,1.0,1.0,0.011600092053413391,0.5194397568702698,400.0,results/bc_128px_v1/metrics/id/metrics__scratch_bc_128__avoid_camera_fixed__budget005__seed002__eval_avoid_camera_fixed.json,1.1600092053413391,51.94397568702698
scratch_cnn,Scratch CNN,id,scratch_bc_128,avoid_camera_fixed,avoid_reach,Obstacle-aware reach,camera_location_viewpoint,Camera viewpoint,fixed_train,20,0,avoid_camera_fixed,fixed_train,150,0,150,150,150,0.0,1.0,1.0,1.0,0.005254202056676149,0.7800842523574829,400.0,results/bc_128px_v1/metrics/id/metrics__scratch_bc_128__avoid_camera_fixed__budget020__seed000__eval_avoid_camera_fixed.json,0.5254202056676149,78.00842523574829
scratch_cnn,Scratch CNN,id,scratch_bc_128,avoid_camera_fixed,avoid_reach,Obstacle-aware reach,camera_location_viewpoint,Camera viewpoint,fixed_train,20,1,avoid_camera_fixed,fixed_train,150,0,0,0,150,0.0,0.0,0.0,1.0,0.028839683160185814,1.1571484804153442,400.0,results/bc_128px_v1/metrics/id/metrics__scratch_bc_128__avoid_camera_fixed__budget020__seed001__eval_avoid_camera_fixed.json,2.8839683160185814,115.71484804153442
scratch_cnn,Scratch CNN,id,scratch_bc_128,avoid_camera_fixed,avoid_reach,Obstacle-aware reach,camera_location_viewpoint,Camera viewpoint,fixed_train,20,2,avoid_camera_fixed,fixed_train,150,0,0,150,150,0.0,0.0,1.0,1.0,0.01745898835361004,1.0867458581924438,400.0,results/bc_128px_v1/metrics/id/metrics__scratch_bc_128__avoid_camera_fixed__budget020__seed002__eval_avoid_camera_fixed.json,1.7458988353610039,108.67458581924438
scratch_cnn,Scratch CNN,id,scratch_bc_128,avoid_camera_fixed,avoid_reach,Obstacle-aware reach,camera_location_viewpoint,Camera viewpoint,fixed_train,50,0,avoid_camera_fixed,fixed_train,150,0,0,150,150,0.0,0.0,1.0,1.0,0.018098032101988792,0.9148772358894348,400.0,results/bc_128px_v1/metrics/id/metrics__scratch_bc_128__avoid_camera_fixed__budget050__seed000__eval_avoid_camera_fixed.json,1.8098032101988792,91.48772358894348
scratch_cnn,Scratch CNN,id,scratch_bc_128,avoid_camera_fixed,avoid_reach,Obstacle-aware reach,camera_location_viewpoint,Camera viewpoint,fixed_train,50,1,avoid_camera_fixed,fixed_train,150,0,0,150,150,0.0,0.0,1.0,1.0,0.012871206738054752,0.7170063257217407,400.0,results/bc_128px_v1/metrics/id/metrics__scratch_bc_128__avoid_camera_fixed__budget050__seed001__eval_avoid_camera_fixed.json,1.2871206738054752,71.70063257217407
scratch_cnn,Scratch CNN,id,scratch_bc_128,avoid_camera_fixed,avoid_reach,Obstacle-aware reach,camera_location_viewpoint,Camera viewpoint,fixed_train,50,2,avoid_camera_fixed,fixed_train,150,0,0,150,150,0.0,0.0,1.0,1.0,0.019981026649475098,0.9963139891624451,400.0,results/bc_128px_v1/metrics/id/metrics__scratch_bc_128__avoid_camera_fixed__budget050__seed002__eval_avoid_camera_fixed.json,1.9981026649475098,99.6313989162445
scratch_cnn,Scratch CNN,id,scratch_bc_128,avoid_camera_fixed,avoid_reach,Obstacle-aware reach,camera_location_viewpoint,Camera viewpoint,fixed_train,100,0,avoid_camera_fixed,fixed_train,150,0,0,0,150,0.0,0.0,0.0,1.0,0.02234642021358013,0.7987040281295776,400.0,results/bc_128px_v1/metrics/id/metrics__scratch_bc_128__avoid_camera_fixed__budget100__seed000__eval_avoid_camera_fixed.json,2.234642021358013,79.87040281295776
scratch_cnn,Scratch CNN,id,scratch_bc_128,avoid_camera_fixed,avoid_reach,Obstacle-aware reach,camera_location_viewpoint,Camera viewpoint,fixed_train,200,0,avoid_camera_fixed,fixed_train,150,0,0,150,150,0.0,0.0,1.0,1.0,0.01248110644519329,0.6803615093231201,400.0,results/bc_128px_v1/metrics/id/metrics__scratch_bc_128__avoid_camera_fixed__budget200__seed000__eval_avoid_camera_fixed.json,1.248110644519329,68.03615093231201
scratch_cnn,Scratch CNN,id,scratch_bc_128,avoid_camera_multi_pose,avoid_reach,Obstacle-aware reach,camera_location_viewpoint,Camera viewpoint,diverse_train,5,0,avoid_camera_multi_pose,diverse_train,150,0,0,150,150,0.0,0.0,1.0,1.0,0.012661476352562507,0.5809062345822652,400.0,results/bc_128px_v1/metrics/id/metrics__scratch_bc_128__avoid_camera_multi_pose__budget005__seed000__eval_avoid_camera_multi_pose.json,1.2661476352562506,58.09062345822652
scratch_cnn,Scratch CNN,id,scratch_bc_128,avoid_camera_multi_pose,avoid_reach,Obstacle-aware reach,camera_location_viewpoint,Camera viewpoint,diverse_train,5,1,avoid_camera_multi_pose,diverse_train,150,0,0,150,150,0.0,0.0,1.0,1.0,0.01824870896836122,0.5800513931115469,400.0,results/bc_128px_v1/metrics/id/metrics__scratch_bc_128__avoid_camera_multi_pose__budget005__seed001__eval_avoid_camera_multi_pose.json,1.824870896836122,58.005139311154686
scratch_cnn,Scratch CNN,id,scratch_bc_128,avoid_camera_multi_pose,avoid_reach,Obstacle-aware reach,camera_location_viewpoint,Camera viewpoint,diverse_train,5,2,avoid_camera_multi_pose,diverse_train,150,0,0,0,150,0.0,0.0,0.0,1.0,0.036254221200942995,0.5164897747834524,400.0,results/bc_128px_v1/metrics/id/metrics__scratch_bc_128__avoid_camera_multi_pose__budget005__seed002__eval_avoid_camera_multi_pose.json,3.6254221200942993,51.64897747834524
scratch_cnn,Scratch CNN,id,scratch_bc_128,avoid_camera_multi_pose,avoid_reach,Obstacle-aware reach,camera_location_viewpoint,Camera viewpoint,diverse_train,20,0,avoid_camera_multi_pose,diverse_train,150,0,150,150,150,0.0,1.0,1.0,1.0,0.00600774505486091,1.080572939713796,400.0,results/bc_128px_v1/metrics/id/metrics__scratch_bc_128__avoid_camera_multi_pose__budget020__seed000__eval_avoid_camera_multi_pose.json,0.600774505486091,108.0572939713796
scratch_cnn,Scratch CNN,id,scratch_bc_128,avoid_camera_multi_pose,avoid_reach,Obstacle-aware reach,camera_location_viewpoint,Camera viewpoint,diverse_train,20,1,avoid_camera_multi_pose,diverse_train,150,0,0,0,150,0.0,0.0,0.0,1.0,0.02459708705544472,1.1209007636706034,400.0,results/bc_128px_v1/metrics/id/metrics__scratch_bc_128__avoid_camera_multi_pose__budget020__seed001__eval_avoid_camera_multi_pose.json,2.4597087055444717,112.09007636706035
scratch_cnn,Scratch CNN,id,scratch_bc_128,avoid_camera_multi_pose,avoid_reach,Obstacle-aware reach,camera_location_viewpoint,Camera viewpoint,diverse_train,20,2,avoid_camera_multi_pose,diverse_train,150,0,0,150,150,0.0,0.0,1.0,1.0,0.01740645950039228,1.0637386155128479,400.0,results/bc_128px_v1/metrics/id/metrics__scratch_bc_128__avoid_camera_multi_pose__budget020__seed002__eval_avoid_camera_multi_pose.json,1.740645950039228,106.37386155128479
scratch_cnn,Scratch CNN,id,scratch_bc_128,avoid_camera_multi_pose,avoid_reach,Obstacle-aware reach,camera_location_viewpoint,Camera viewpoint,diverse_train,50,0,avoid_camera_multi_pose,diverse_train,150,0,0,0,0,0.0,0.0,0.0,0.0,0.21120439738035202,0.5118915975093842,400.0,results/bc_128px_v1/metrics/id/metrics__scratch_bc_128__avoid_camera_multi_pose__budget050__seed000__eval_avoid_camera_multi_pose.json,21.120439738035202,51.189159750938416
scratch_cnn,Scratch CNN,id,scratch_bc_128,avoid_camera_multi_pose,avoid_reach,Obstacle-aware reach,camera_location_viewpoint,Camera viewpoint,diverse_train,50,1,avoid_camera_multi_pose,diverse_train,150,0,0,150,150,0.0,0.0,1.0,1.0,0.019395127433041733,0.9052815469106038,400.0,results/bc_128px_v1/metrics/id/metrics__scratch_bc_128__avoid_camera_multi_pose__budget050__seed001__eval_avoid_camera_multi_pose.json,1.9395127433041732,90.52815469106038
scratch_cnn,Scratch CNN,id,scratch_bc_128,avoid_camera_multi_pose,avoid_reach,Obstacle-aware reach,camera_location_viewpoint,Camera viewpoint,diverse_train,50,2,avoid_camera_multi_pose,diverse_train,150,0,0,0,150,0.0,0.0,0.0,1.0,0.025246837412317594,1.1973647753397623,400.0,results/bc_128px_v1/metrics/id/metrics__scratch_bc_128__avoid_camera_multi_pose__budget050__seed002__eval_avoid_camera_multi_pose.json,2.5246837412317595,119.73647753397623
scratch_cnn,Scratch CNN,id,scratch_bc_128,avoid_camera_multi_pose,avoid_reach,Obstacle-aware reach,camera_location_viewpoint,Camera viewpoint,diverse_train,100,0,avoid_camera_multi_pose,diverse_train,150,0,0,150,150,0.0,0.0,1.0,1.0,0.01719766656557719,1.219412461121877,400.0,results/bc_128px_v1/metrics/id/metrics__scratch_bc_128__avoid_camera_multi_pose__budget100__seed000__eval_avoid_camera_multi_pose.json,1.719766656557719,121.94124611218771
scratch_cnn,Scratch CNN,id,scratch_bc_128,avoid_camera_multi_pose,avoid_reach,Obstacle-aware reach,camera_location_viewpoint,Camera viewpoint,diverse_train,200,0,avoid_camera_multi_pose,diverse_train,150,0,0,0,150,0.0,0.0,0.0,1.0,0.021939852572977543,1.2037513836224873,400.0,results/bc_128px_v1/metrics/id/metrics__scratch_bc_128__avoid_camera_multi_pose__budget200__seed000__eval_avoid_camera_multi_pose.json,2.1939852572977543,120.37513836224873
scratch_cnn,Scratch CNN,id,scratch_bc_128,avoid_color_multi,avoid_reach,Obstacle-aware reach,color,Color,diverse_train,5,0,avoid_color_multi,diverse_train,150,0,150,150,150,0.0,1.0,1.0,1.0,0.007954545076936484,0.5340309536457062,400.0,results/bc_128px_v1/metrics/id/metrics__scratch_bc_128__avoid_color_multi__budget005__seed000__eval_avoid_color_multi.json,0.7954545076936483,53.40309536457062
scratch_cnn,Scratch CNN,id,scratch_bc_128,avoid_color_multi,avoid_reach,Obstacle-aware reach,color,Color,diverse_train,5,1,avoid_color_multi,diverse_train,150,0,0,0,150,0.0,0.0,0.0,1.0,0.026247427041331928,0.5444153424104055,400.0,results/bc_128px_v1/metrics/id/metrics__scratch_bc_128__avoid_color_multi__budget005__seed001__eval_avoid_color_multi.json,2.624742704133193,54.44153424104054
scratch_cnn,Scratch CNN,id,scratch_bc_128,avoid_color_multi,avoid_reach,Obstacle-aware reach,color,Color,diverse_train,5,2,avoid_color_multi,diverse_train,150,0,0,0,150,0.0,0.0,0.0,1.0,0.0318954377869765,0.5301321534315745,400.0,results/bc_128px_v1/metrics/id/metrics__scratch_bc_128__avoid_color_multi__budget005__seed002__eval_avoid_color_multi.json,3.1895437786976495,53.01321534315745
scratch_cnn,Scratch CNN,id,scratch_bc_128,avoid_color_multi,avoid_reach,Obstacle-aware reach,color,Color,diverse_train,20,0,avoid_color_multi,diverse_train,150,0,0,0,150,0.0,0.0,0.0,1.0,0.02476711937536796,1.0802337630589802,400.0,results/bc_128px_v1/metrics/id/metrics__scratch_bc_128__avoid_color_multi__budget020__seed000__eval_avoid_color_multi.json,2.476711937536796,108.02337630589803
scratch_cnn,Scratch CNN,id,scratch_bc_128,avoid_color_multi,avoid_reach,Obstacle-aware reach,color,Color,diverse_train,20,1,avoid_color_multi,diverse_train,150,0,0,150,150,0.0,0.0,1.0,1.0,0.012249544064203899,0.620456463098526,400.0,results/bc_128px_v1/metrics/id/metrics__scratch_bc_128__avoid_color_multi__budget020__seed001__eval_avoid_color_multi.json,1.2249544064203899,62.0456463098526
scratch_cnn,Scratch CNN,id,scratch_bc_128,avoid_color_multi,avoid_reach,Obstacle-aware reach,color,Color,diverse_train,20,2,avoid_color_multi,diverse_train,150,0,0,150,150,0.0,0.0,1.0,1.0,0.019577131755650044,0.9055783263842265,400.0,results/bc_128px_v1/metrics/id/metrics__scratch_bc_128__avoid_color_multi__budget020__seed002__eval_avoid_color_multi.json,1.9577131755650043,90.55783263842265
scratch_cnn,Scratch CNN,id,scratch_bc_128,avoid_color_multi,avoid_reach,Obstacle-aware reach,color,Color,diverse_train,50,0,avoid_color_multi,diverse_train,150,0,0,150,150,0.0,0.0,1.0,1.0,0.014779941644519567,0.9100397475560507,400.0,results/bc_128px_v1/metrics/id/metrics__scratch_bc_128__avoid_color_multi__budget050__seed000__eval_avoid_color_multi.json,1.4779941644519567,91.00397475560507
scratch_cnn,Scratch CNN,id,scratch_bc_128,avoid_color_multi,avoid_reach,Obstacle-aware reach,color,Color,diverse_train,50,1,avoid_color_multi,diverse_train,150,0,0,150,150,0.0,0.0,1.0,1.0,0.016019136669735114,1.0270438798268635,400.0,results/bc_128px_v1/metrics/id/metrics__scratch_bc_128__avoid_color_multi__budget050__seed001__eval_avoid_color_multi.json,1.6019136669735115,102.70438798268636
scratch_cnn,Scratch CNN,id,scratch_bc_128,avoid_color_multi,avoid_reach,Obstacle-aware reach,color,Color,diverse_train,50,2,avoid_color_multi,diverse_train,150,0,0,0,150,0.0,0.0,0.0,1.0,0.021108112844328085,0.9687777892748515,400.0,results/bc_128px_v1/metrics/id/metrics__scratch_bc_128__avoid_color_multi__budget050__seed002__eval_avoid_color_multi.json,2.1108112844328084,96.87777892748515
scratch_cnn,Scratch CNN,id,scratch_bc_128,avoid_color_multi,avoid_reach,Obstacle-aware reach,color,Color,diverse_train,100,0,avoid_color_multi,diverse_train,150,0,0,150,150,0.0,0.0,1.0,1.0,0.018295229487121104,0.7735728394985198,400.0,results/bc_128px_v1/metrics/id/metrics__scratch_bc_128__avoid_color_multi__budget100__seed000__eval_avoid_color_multi.json,1.8295229487121103,77.35728394985199
scratch_cnn,Scratch CNN,id,scratch_bc_128,avoid_color_multi,avoid_reach,Obstacle-aware reach,color,Color,diverse_train,200,0,avoid_color_multi,diverse_train,150,0,0,150,150,0.0,0.0,1.0,1.0,0.013754541787008445,0.7633820947011312,400.0,results/bc_128px_v1/metrics/id/metrics__scratch_bc_128__avoid_color_multi__budget200__seed000__eval_avoid_color_multi.json,1.3754541787008445,76.33820947011311
scratch_cnn,Scratch CNN,id,scratch_bc_128,avoid_color_red_only,avoid_reach,Obstacle-aware reach,color,Color,fixed_train,5,0,avoid_color_red_only,fixed_train,150,0,0,0,150,0.0,0.0,0.0,1.0,0.020510952919721603,0.5754693746566772,400.0,results/bc_128px_v1/metrics/id/metrics__scratch_bc_128__avoid_color_red_only__budget005__seed000__eval_avoid_color_red_only.json,2.0510952919721603,57.546937465667725
scratch_cnn,Scratch CNN,id,scratch_bc_128,avoid_color_red_only,avoid_reach,Obstacle-aware reach,color,Color,fixed_train,5,1,avoid_color_red_only,fixed_train,150,0,0,150,150,0.0,0.0,1.0,1.0,0.019668705761432648,0.5130672454833984,400.0,results/bc_128px_v1/metrics/id/metrics__scratch_bc_128__avoid_color_red_only__budget005__seed001__eval_avoid_color_red_only.json,1.9668705761432648,51.306724548339844
scratch_cnn,Scratch CNN,id,scratch_bc_128,avoid_color_red_only,avoid_reach,Obstacle-aware reach,color,Color,fixed_train,5,2,avoid_color_red_only,fixed_train,150,0,0,0,150,0.0,0.0,0.0,1.0,0.035033825784921646,0.5299871563911438,400.0,results/bc_128px_v1/metrics/id/metrics__scratch_bc_128__avoid_color_red_only__budget005__seed002__eval_avoid_color_red_only.json,3.5033825784921646,52.99871563911438
scratch_cnn,Scratch CNN,id,scratch_bc_128,avoid_color_red_only,avoid_reach,Obstacle-aware reach,color,Color,fixed_train,20,0,avoid_color_red_only,fixed_train,150,0,0,150,150,0.0,0.0,1.0,1.0,0.014577032066881657,0.7639608383178711,400.0,results/bc_128px_v1/metrics/id/metrics__scratch_bc_128__avoid_color_red_only__budget020__seed000__eval_avoid_color_red_only.json,1.4577032066881657,76.39608383178711
scratch_cnn,Scratch CNN,id,scratch_bc_128,avoid_color_red_only,avoid_reach,Obstacle-aware reach,color,Color,fixed_train,20,1,avoid_color_red_only,fixed_train,150,0,0,150,150,0.0,0.0,1.0,1.0,0.014517686329782009,1.0530387163162231,400.0,results/bc_128px_v1/metrics/id/metrics__scratch_bc_128__avoid_color_red_only__budget020__seed001__eval_avoid_color_red_only.json,1.451768632978201,105.30387163162231
scratch_cnn,Scratch CNN,id,scratch_bc_128,avoid_color_red_only,avoid_reach,Obstacle-aware reach,color,Color,fixed_train,20,2,avoid_color_red_only,fixed_train,150,0,0,150,150,0.0,0.0,1.0,1.0,0.015039774589240551,1.0772631168365479,400.0,results/bc_128px_v1/metrics/id/metrics__scratch_bc_128__avoid_color_red_only__budget020__seed002__eval_avoid_color_red_only.json,1.503977458924055,107.72631168365479
scratch_cnn,Scratch CNN,id,scratch_bc_128,avoid_color_red_only,avoid_reach,Obstacle-aware reach,color,Color,fixed_train,50,0,avoid_color_red_only,fixed_train,150,0,0,150,150,0.0,0.0,1.0,1.0,0.018377140164375305,1.0004388093948364,400.0,results/bc_128px_v1/metrics/id/metrics__scratch_bc_128__avoid_color_red_only__budget050__seed000__eval_avoid_color_red_only.json,1.8377140164375305,100.04388093948364
scratch_cnn,Scratch CNN,id,scratch_bc_128,avoid_color_red_only,avoid_reach,Obstacle-aware reach,color,Color,fixed_train,50,1,avoid_color_red_only,fixed_train,150,0,0,150,150,0.0,0.0,1.0,1.0,0.0156676284968853,0.6562272310256958,400.0,results/bc_128px_v1/metrics/id/metrics__scratch_bc_128__avoid_color_red_only__budget050__seed001__eval_avoid_color_red_only.json,1.56676284968853,65.62272310256958
scratch_cnn,Scratch CNN,id,scratch_bc_128,avoid_color_red_only,avoid_reach,Obstacle-aware reach,color,Color,fixed_train,50,2,avoid_color_red_only,fixed_train,150,0,0,0,150,0.0,0.0,0.0,1.0,0.02029736340045929,0.9616236090660095,400.0,results/bc_128px_v1/metrics/id/metrics__scratch_bc_128__avoid_color_red_only__budget050__seed002__eval_avoid_color_red_only.json,2.029736340045929,96.16236090660095
scratch_cnn,Scratch CNN,id,scratch_bc_128,avoid_color_red_only,avoid_reach,Obstacle-aware reach,color,Color,fixed_train,100,0,avoid_color_red_only,fixed_train,150,0,0,0,150,0.0,0.0,0.0,1.0,0.025367531925439835,1.2006529569625854,400.0,results/bc_128px_v1/metrics/id/metrics__scratch_bc_128__avoid_color_red_only__budget100__seed000__eval_avoid_color_red_only.json,2.5367531925439835,120.06529569625854
scratch_cnn,Scratch CNN,id,scratch_bc_128,avoid_color_red_only,avoid_reach,Obstacle-aware reach,color,Color,fixed_train,200,0,avoid_color_red_only,fixed_train,150,0,0,150,150,0.0,0.0,1.0,1.0,0.014890649355947971,0.7046743631362915,400.0,results/bc_128px_v1/metrics/id/metrics__scratch_bc_128__avoid_color_red_only__budget200__seed000__eval_avoid_color_red_only.json,1.4890649355947971,70.46743631362915
scratch_cnn,Scratch CNN,id,scratch_bc_128,avoid_lighting_diverse,avoid_reach,Obstacle-aware reach,lighting_direction_intensity,Lighting,diverse_train,5,0,avoid_lighting_diverse,diverse_train,150,0,0,150,150,0.0,0.0,1.0,1.0,0.010480377885202567,0.567603219350179,400.0,results/bc_128px_v1/metrics/id/metrics__scratch_bc_128__avoid_lighting_diverse__budget005__seed000__eval_avoid_lighting_diverse.json,1.0480377885202568,56.7603219350179
scratch_cnn,Scratch CNN,id,scratch_bc_128,avoid_lighting_diverse,avoid_reach,Obstacle-aware reach,lighting_direction_intensity,Lighting,diverse_train,5,1,avoid_lighting_diverse,diverse_train,150,0,0,0,150,0.0,0.0,0.0,1.0,0.02690404896934827,0.51615669409434,400.0,results/bc_128px_v1/metrics/id/metrics__scratch_bc_128__avoid_lighting_diverse__budget005__seed001__eval_avoid_lighting_diverse.json,2.6904048969348273,51.615669409434
scratch_cnn,Scratch CNN,id,scratch_bc_128,avoid_lighting_diverse,avoid_reach,Obstacle-aware reach,lighting_direction_intensity,Lighting,diverse_train,5,2,avoid_lighting_diverse,diverse_train,150,0,0,0,150,0.0,0.0,0.0,1.0,0.027014992920060953,0.5786908992131551,400.0,results/bc_128px_v1/metrics/id/metrics__scratch_bc_128__avoid_lighting_diverse__budget005__seed002__eval_avoid_lighting_diverse.json,2.7014992920060954,57.869089921315506
scratch_cnn,Scratch CNN,id,scratch_bc_128,avoid_lighting_diverse,avoid_reach,Obstacle-aware reach,lighting_direction_intensity,Lighting,diverse_train,20,0,avoid_lighting_diverse,diverse_train,150,0,0,0,150,0.0,0.0,0.0,1.0,0.022835640236735344,1.0689254450798034,400.0,results/bc_128px_v1/metrics/id/metrics__scratch_bc_128__avoid_lighting_diverse__budget020__seed000__eval_avoid_lighting_diverse.json,2.2835640236735344,106.89254450798033
scratch_cnn,Scratch CNN,id,scratch_bc_128,avoid_lighting_diverse,avoid_reach,Obstacle-aware reach,lighting_direction_intensity,Lighting,diverse_train,20,1,avoid_lighting_diverse,diverse_train,150,0,0,0,150,0.0,0.0,0.0,1.0,0.024525697467227776,0.9572922233740488,400.0,results/bc_128px_v1/metrics/id/metrics__scratch_bc_128__avoid_lighting_diverse__budget020__seed001__eval_avoid_lighting_diverse.json,2.452569746722778,95.72922233740488
scratch_cnn,Scratch CNN,id,scratch_bc_128,avoid_lighting_diverse,avoid_reach,Obstacle-aware reach,lighting_direction_intensity,Lighting,diverse_train,20,2,avoid_lighting_diverse,diverse_train,150,0,0,150,150,0.0,0.0,1.0,1.0,0.014743647066255411,0.5616913906733195,400.0,results/bc_128px_v1/metrics/id/metrics__scratch_bc_128__avoid_lighting_diverse__budget020__seed002__eval_avoid_lighting_diverse.json,1.4743647066255412,56.169139067331955
scratch_cnn,Scratch CNN,id,scratch_bc_128,avoid_lighting_diverse,avoid_reach,Obstacle-aware reach,lighting_direction_intensity,Lighting,diverse_train,50,0,avoid_lighting_diverse,diverse_train,150,0,0,0,150,0.0,0.0,0.0,1.0,0.02067943664888541,0.9190524160861969,400.0,results/bc_128px_v1/metrics/id/metrics__scratch_bc_128__avoid_lighting_diverse__budget050__seed000__eval_avoid_lighting_diverse.json,2.0679436648885408,91.90524160861969
scratch_cnn,Scratch CNN,id,scratch_bc_128,avoid_lighting_diverse,avoid_reach,Obstacle-aware reach,lighting_direction_intensity,Lighting,diverse_train,50,1,avoid_lighting_diverse,diverse_train,150,0,0,57,150,0.0,0.0,0.38,1.0,0.020028906725347042,0.9090272343158722,400.0,results/bc_128px_v1/metrics/id/metrics__scratch_bc_128__avoid_lighting_diverse__budget050__seed001__eval_avoid_lighting_diverse.json,2.002890672534704,90.90272343158722
scratch_cnn,Scratch CNN,id,scratch_bc_128,avoid_lighting_diverse,avoid_reach,Obstacle-aware reach,lighting_direction_intensity,Lighting,diverse_train,50,2,avoid_lighting_diverse,diverse_train,150,0,0,0,150,0.0,0.0,0.0,1.0,0.021158136278390884,0.7202763032913208,400.0,results/bc_128px_v1/metrics/id/metrics__scratch_bc_128__avoid_lighting_diverse__budget050__seed002__eval_avoid_lighting_diverse.json,2.1158136278390884,72.02763032913208
scratch_cnn,Scratch CNN,id,scratch_bc_128,avoid_lighting_diverse,avoid_reach,Obstacle-aware reach,lighting_direction_intensity,Lighting,diverse_train,100,0,avoid_lighting_diverse,diverse_train,150,0,0,150,150,0.0,0.0,1.0,1.0,0.01813032022366921,0.8738171315193176,400.0,results/bc_128px_v1/metrics/id/metrics__scratch_bc_128__avoid_lighting_diverse__budget100__seed000__eval_avoid_lighting_diverse.json,1.813032022366921,87.38171315193176
scratch_cnn,Scratch CNN,id,scratch_bc_128,avoid_lighting_diverse,avoid_reach,Obstacle-aware reach,lighting_direction_intensity,Lighting,diverse_train,200,0,avoid_lighting_diverse,diverse_train,150,0,0,0,150,0.0,0.0,0.0,1.0,0.021476519145071506,0.8904027899106344,400.0,results/bc_128px_v1/metrics/id/metrics__scratch_bc_128__avoid_lighting_diverse__budget200__seed000__eval_avoid_lighting_diverse.json,2.1476519145071507,89.04027899106343
scratch_cnn,Scratch CNN,id,scratch_bc_128,avoid_lighting_fixed,avoid_reach,Obstacle-aware reach,lighting_direction_intensity,Lighting,fixed_train,5,0,avoid_lighting_fixed,fixed_train,150,0,150,150,150,0.0,1.0,1.0,1.0,0.008788717910647392,0.6014371514320374,400.0,results/bc_128px_v1/metrics/id/metrics__scratch_bc_128__avoid_lighting_fixed__budget005__seed000__eval_avoid_lighting_fixed.json,0.8788717910647392,60.143715143203735
scratch_cnn,Scratch CNN,id,scratch_bc_128,avoid_lighting_fixed,avoid_reach,Obstacle-aware reach,lighting_direction_intensity,Lighting,fixed_train,5,1,avoid_lighting_fixed,fixed_train,150,0,0,150,150,0.0,0.0,1.0,1.0,0.01144456584006548,0.541395902633667,400.0,results/bc_128px_v1/metrics/id/metrics__scratch_bc_128__avoid_lighting_fixed__budget005__seed001__eval_avoid_lighting_fixed.json,1.144456584006548,54.1395902633667
scratch_cnn,Scratch CNN,id,scratch_bc_128,avoid_lighting_fixed,avoid_reach,Obstacle-aware reach,lighting_direction_intensity,Lighting,fixed_train,5,2,avoid_lighting_fixed,fixed_train,150,0,0,0,150,0.0,0.0,0.0,1.0,0.03051367588341236,0.573956310749054,400.0,results/bc_128px_v1/metrics/id/metrics__scratch_bc_128__avoid_lighting_fixed__budget005__seed002__eval_avoid_lighting_fixed.json,3.051367588341236,57.395631074905396
scratch_cnn,Scratch CNN,id,scratch_bc_128,avoid_lighting_fixed,avoid_reach,Obstacle-aware reach,lighting_direction_intensity,Lighting,fixed_train,20,0,avoid_lighting_fixed,fixed_train,150,0,0,0,150,0.0,0.0,0.0,1.0,0.027389785274863243,1.0984948873519897,400.0,results/bc_128px_v1/metrics/id/metrics__scratch_bc_128__avoid_lighting_fixed__budget020__seed000__eval_avoid_lighting_fixed.json,2.7389785274863243,109.84948873519897
scratch_cnn,Scratch CNN,id,scratch_bc_128,avoid_lighting_fixed,avoid_reach,Obstacle-aware reach,lighting_direction_intensity,Lighting,fixed_train,20,1,avoid_lighting_fixed,fixed_train,150,0,0,150,150,0.0,0.0,1.0,1.0,0.01994064450263977,0.7590734362602234,400.0,results/bc_128px_v1/metrics/id/metrics__scratch_bc_128__avoid_lighting_fixed__budget020__seed001__eval_avoid_lighting_fixed.json,1.994064450263977,75.90734362602234
scratch_cnn,Scratch CNN,id,scratch_bc_128,avoid_lighting_fixed,avoid_reach,Obstacle-aware reach,lighting_direction_intensity,Lighting,fixed_train,20,2,avoid_lighting_fixed,fixed_train,150,0,0,150,150,0.0,0.0,1.0,1.0,0.017439192160964012,0.5874841809272766,400.0,results/bc_128px_v1/metrics/id/metrics__scratch_bc_128__avoid_lighting_fixed__budget020__seed002__eval_avoid_lighting_fixed.json,1.7439192160964012,58.74841809272766
scratch_cnn,Scratch CNN,id,scratch_bc_128,avoid_lighting_fixed,avoid_reach,Obstacle-aware reach,lighting_direction_intensity,Lighting,fixed_train,50,0,avoid_lighting_fixed,fixed_train,150,0,0,0,150,0.0,0.0,0.0,1.0,0.02050137333571911,1.019129991531372,400.0,results/bc_128px_v1/metrics/id/metrics__scratch_bc_128__avoid_lighting_fixed__budget050__seed000__eval_avoid_lighting_fixed.json,2.050137333571911,101.9129991531372
scratch_cnn,Scratch CNN,id,scratch_bc_128,avoid_lighting_fixed,avoid_reach,Obstacle-aware reach,lighting_direction_intensity,Lighting,fixed_train,50,1,avoid_lighting_fixed,fixed_train,150,0,0,150,150,0.0,0.0,1.0,1.0,0.01802288182079792,0.6973263621330261,400.0,results/bc_128px_v1/metrics/id/metrics__scratch_bc_128__avoid_lighting_fixed__budget050__seed001__eval_avoid_lighting_fixed.json,1.802288182079792,69.73263621330261
scratch_cnn,Scratch CNN,id,scratch_bc_128,avoid_lighting_fixed,avoid_reach,Obstacle-aware reach,lighting_direction_intensity,Lighting,fixed_train,50,2,avoid_lighting_fixed,fixed_train,150,0,0,0,150,0.0,0.0,0.0,1.0,0.02166060358285904,0.565626859664917,400.0,results/bc_128px_v1/metrics/id/metrics__scratch_bc_128__avoid_lighting_fixed__budget050__seed002__eval_avoid_lighting_fixed.json,2.166060358285904,56.5626859664917
scratch_cnn,Scratch CNN,id,scratch_bc_128,avoid_lighting_fixed,avoid_reach,Obstacle-aware reach,lighting_direction_intensity,Lighting,fixed_train,100,0,avoid_lighting_fixed,fixed_train,150,0,0,150,150,0.0,0.0,1.0,1.0,0.017668694257736206,0.9221317768096924,400.0,results/bc_128px_v1/metrics/id/metrics__scratch_bc_128__avoid_lighting_fixed__budget100__seed000__eval_avoid_lighting_fixed.json,1.7668694257736206,92.21317768096924
scratch_cnn,Scratch CNN,id,scratch_bc_128,avoid_lighting_fixed,avoid_reach,Obstacle-aware reach,lighting_direction_intensity,Lighting,fixed_train,200,0,avoid_lighting_fixed,fixed_train,150,0,0,150,150,0.0,0.0,1.0,1.0,0.01799898035824299,0.695123553276062,400.0,results/bc_128px_v1/metrics/id/metrics__scratch_bc_128__avoid_lighting_fixed__budget200__seed000__eval_avoid_lighting_fixed.json,1.7998980358242989,69.5123553276062
scratch_cnn,Scratch CNN,id,scratch_bc_128,avoid_spatial_narrow,avoid_reach,Obstacle-aware reach,spatial_distribution,Spatial distribution,narrow_train,5,0,avoid_spatial_narrow,narrow_train,150,4,10,20,48,0.02666666666666667,0.06666666666666667,0.13333333333333333,0.32,0.07905696416079687,0.4984186975607493,398.16,results/bc_128px_v1/metrics/id/metrics__scratch_bc_128__avoid_spatial_narrow__budget005__seed000__eval_avoid_spatial_narrow.json,7.905696416079687,49.84186975607493
scratch_cnn,Scratch CNN,id,scratch_bc_128,avoid_spatial_narrow,avoid_reach,Obstacle-aware reach,spatial_distribution,Spatial distribution,narrow_train,5,1,avoid_spatial_narrow,narrow_train,150,0,0,19,99,0.0,0.0,0.12666666666666668,0.66,0.045248211001356446,0.464232989748319,400.0,results/bc_128px_v1/metrics/id/metrics__scratch_bc_128__avoid_spatial_narrow__budget005__seed001__eval_avoid_spatial_narrow.json,4.524821100135645,46.4232989748319
scratch_cnn,Scratch CNN,id,scratch_bc_128,avoid_spatial_narrow,avoid_reach,Obstacle-aware reach,spatial_distribution,Spatial distribution,narrow_train,5,2,avoid_spatial_narrow,narrow_train,150,0,0,0,38,0.0,0.0,0.0,0.25333333333333335,0.08492179699242115,0.4997740411758423,400.0,results/bc_128px_v1/metrics/id/metrics__scratch_bc_128__avoid_spatial_narrow__budget005__seed002__eval_avoid_spatial_narrow.json,8.492179699242115,49.97740411758423
scratch_cnn,Scratch CNN,id,scratch_bc_128,avoid_spatial_narrow,avoid_reach,Obstacle-aware reach,spatial_distribution,Spatial distribution,narrow_train,20,0,avoid_spatial_narrow,narrow_train,150,0,0,0,58,0.0,0.0,0.0,0.38666666666666666,0.07088721252977848,0.2871422756711642,400.0,results/bc_128px_v1/metrics/id/metrics__scratch_bc_128__avoid_spatial_narrow__budget020__seed000__eval_avoid_spatial_narrow.json,7.088721252977848,28.714227567116417
scratch_cnn,Scratch CNN,id,scratch_bc_128,avoid_spatial_narrow,avoid_reach,Obstacle-aware reach,spatial_distribution,Spatial distribution,narrow_train,20,1,avoid_spatial_narrow,narrow_train,150,0,0,3,73,0.0,0.0,0.02,0.4866666666666667,0.05855808941026529,0.26722779820362724,400.0,results/bc_128px_v1/metrics/id/metrics__scratch_bc_128__avoid_spatial_narrow__budget020__seed001__eval_avoid_spatial_narrow.json,5.855808941026528,26.722779820362724
scratch_cnn,Scratch CNN,id,scratch_bc_128,avoid_spatial_narrow,avoid_reach,Obstacle-aware reach,spatial_distribution,Spatial distribution,narrow_train,20,2,avoid_spatial_narrow,narrow_train,150,0,0,12,77,0.0,0.0,0.08,0.5133333333333333,0.055309579434494174,0.4170228276650111,400.0,results/bc_128px_v1/metrics/id/metrics__scratch_bc_128__avoid_spatial_narrow__budget020__seed002__eval_avoid_spatial_narrow.json,5.530957943449417,41.702282766501106
scratch_cnn,Scratch CNN,id,scratch_bc_128,avoid_spatial_narrow,avoid_reach,Obstacle-aware reach,spatial_distribution,Spatial distribution,narrow_train,50,0,avoid_spatial_narrow,narrow_train,150,0,0,5,105,0.0,0.0,0.03333333333333333,0.7,0.04648464418947697,0.24131274660428365,400.0,results/bc_128px_v1/metrics/id/metrics__scratch_bc_128__avoid_spatial_narrow__budget050__seed000__eval_avoid_spatial_narrow.json,4.648464418947697,24.131274660428364
scratch_cnn,Scratch CNN,id,scratch_bc_128,avoid_spatial_narrow,avoid_reach,Obstacle-aware reach,spatial_distribution,Spatial distribution,narrow_train,50,1,avoid_spatial_narrow,narrow_train,150,6,10,20,54,0.04,0.06666666666666667,0.13333333333333333,0.36,0.06529370238694052,0.2065252361446619,400.0,results/bc_128px_v1/metrics/id/metrics__scratch_bc_128__avoid_spatial_narrow__budget050__seed001__eval_avoid_spatial_narrow.json,6.529370238694051,20.65252361446619
scratch_cnn,Scratch CNN,id,scratch_bc_128,avoid_spatial_narrow,avoid_reach,Obstacle-aware reach,spatial_distribution,Spatial distribution,narrow_train,50,2,avoid_spatial_narrow,narrow_train,150,0,0,1,40,0.0,0.0,0.006666666666666667,0.26666666666666666,0.1268300617982944,0.60635735993584,400.0,results/bc_128px_v1/metrics/id/metrics__scratch_bc_128__avoid_spatial_narrow__budget050__seed002__eval_avoid_spatial_narrow.json,12.68300617982944,60.63573599358399
scratch_cnn,Scratch CNN,id,scratch_bc_128,avoid_spatial_narrow,avoid_reach,Obstacle-aware reach,spatial_distribution,Spatial distribution,narrow_train,100,0,avoid_spatial_narrow,narrow_train,150,0,0,14,132,0.0,0.0,0.09333333333333334,0.88,0.03608044238761068,0.24866975913445155,400.0,results/bc_128px_v1/metrics/id/metrics__scratch_bc_128__avoid_spatial_narrow__budget100__seed000__eval_avoid_spatial_narrow.json,3.608044238761068,24.866975913445156
scratch_cnn,Scratch CNN,id,scratch_bc_128,avoid_spatial_narrow,avoid_reach,Obstacle-aware reach,spatial_distribution,Spatial distribution,narrow_train,200,0,avoid_spatial_narrow,narrow_train,150,0,0,95,141,0.0,0.0,0.6333333333333333,0.94,0.022797786456843216,0.2140086837609609,400.0,results/bc_128px_v1/metrics/id/metrics__scratch_bc_128__avoid_spatial_narrow__budget200__seed000__eval_avoid_spatial_narrow.json,2.2797786456843214,21.400868376096092
scratch_cnn,Scratch CNN,id,scratch_bc_128,avoid_spatial_wide,avoid_reach,Obstacle-aware reach,spatial_distribution,Spatial distribution,wide_train,5,0,avoid_spatial_wide,wide_train,150,2,4,18,46,0.013333333333333334,0.02666666666666667,0.12,0.30666666666666664,0.08639571631327271,0.36642361879348756,400.0,results/bc_128px_v1/metrics/id/metrics__scratch_bc_128__avoid_spatial_wide__budget005__seed000__eval_avoid_spatial_wide.json,8.639571631327271,36.642361879348755
scratch_cnn,Scratch CNN,id,scratch_bc_128,avoid_spatial_wide,avoid_reach,Obstacle-aware reach,spatial_distribution,Spatial distribution,wide_train,5,1,avoid_spatial_wide,wide_train,150,0,11,31,65,0.0,0.07333333333333333,0.20666666666666667,0.43333333333333335,0.079526377239575,0.296215698402375,400.0,results/bc_128px_v1/metrics/id/metrics__scratch_bc_128__avoid_spatial_wide__budget005__seed001__eval_avoid_spatial_wide.json,7.9526377239574995,29.6215698402375
scratch_cnn,Scratch CNN,id,scratch_bc_128,avoid_spatial_wide,avoid_reach,Obstacle-aware reach,spatial_distribution,Spatial distribution,wide_train,5,2,avoid_spatial_wide,wide_train,150,0,0,5,57,0.0,0.0,0.03333333333333333,0.38,0.08140177960197131,0.1892041543374459,400.0,results/bc_128px_v1/metrics/id/metrics__scratch_bc_128__avoid_spatial_wide__budget005__seed002__eval_avoid_spatial_wide.json,8.140177960197132,18.92041543374459
scratch_cnn,Scratch CNN,id,scratch_bc_128,avoid_spatial_wide,avoid_reach,Obstacle-aware reach,spatial_distribution,Spatial distribution,wide_train,20,0,avoid_spatial_wide,wide_train,150,0,1,16,68,0.0,0.006666666666666667,0.10666666666666667,0.4533333333333333,0.060027151461690666,0.4055930157005787,400.0,results/bc_128px_v1/metrics/id/metrics__scratch_bc_128__avoid_spatial_wide__budget020__seed000__eval_avoid_spatial_wide.json,6.002715146169066,40.55930157005787
scratch_cnn,Scratch CNN,id,scratch_bc_128,avoid_spatial_wide,avoid_reach,Obstacle-aware reach,spatial_distribution,Spatial distribution,wide_train,20,1,avoid_spatial_wide,wide_train,150,0,0,29,78,0.0,0.0,0.19333333333333333,0.52,0.0733280060129861,0.5361088692893584,400.0,results/bc_128px_v1/metrics/id/metrics__scratch_bc_128__avoid_spatial_wide__budget020__seed001__eval_avoid_spatial_wide.json,7.33280060129861,53.61088692893584
scratch_cnn,Scratch CNN,id,scratch_bc_128,avoid_spatial_wide,avoid_reach,Obstacle-aware reach,spatial_distribution,Spatial distribution,wide_train,20,2,avoid_spatial_wide,wide_train,150,0,4,21,73,0.0,0.02666666666666667,0.14,0.4866666666666667,0.06420235001482069,0.5283659771084785,400.0,results/bc_128px_v1/metrics/id/metrics__scratch_bc_128__avoid_spatial_wide__budget020__seed002__eval_avoid_spatial_wide.json,6.4202350014820695,52.836597710847855
scratch_cnn,Scratch CNN,id,scratch_bc_128,avoid_spatial_wide,avoid_reach,Obstacle-aware reach,spatial_distribution,Spatial distribution,wide_train,50,0,avoid_spatial_wide,wide_train,150,0,2,17,65,0.0,0.013333333333333334,0.11333333333333333,0.43333333333333335,0.06902389471729596,0.23978357528646788,400.0,results/bc_128px_v1/metrics/id/metrics__scratch_bc_128__avoid_spatial_wide__budget050__seed000__eval_avoid_spatial_wide.json,6.902389471729596,23.97835752864679
scratch_cnn,Scratch CNN,id,scratch_bc_128,avoid_spatial_wide,avoid_reach,Obstacle-aware reach,spatial_distribution,Spatial distribution,wide_train,50,1,avoid_spatial_wide,wide_train,150,0,5,30,63,0.0,0.03333333333333333,0.2,0.42,0.060152134175101915,0.26015092585235833,400.0,results/bc_128px_v1/metrics/id/metrics__scratch_bc_128__avoid_spatial_wide__budget050__seed001__eval_avoid_spatial_wide.json,6.015213417510192,26.015092585235834
scratch_cnn,Scratch CNN,id,scratch_bc_128,avoid_spatial_wide,avoid_reach,Obstacle-aware reach,spatial_distribution,Spatial distribution,wide_train,50,2,avoid_spatial_wide,wide_train,150,0,1,35,81,0.0,0.006666666666666667,0.23333333333333334,0.54,0.06557761748010914,0.3537874876956145,400.0,results/bc_128px_v1/metrics/id/metrics__scratch_bc_128__avoid_spatial_wide__budget050__seed002__eval_avoid_spatial_wide.json,6.557761748010914,35.378748769561454
scratch_cnn,Scratch CNN,id,scratch_bc_128,avoid_spatial_wide,avoid_reach,Obstacle-aware reach,spatial_distribution,Spatial distribution,wide_train,100,0,avoid_spatial_wide,wide_train,150,4,18,42,91,0.02666666666666667,0.12,0.28,0.6066666666666667,0.04945892311865464,0.2800941967739103,398.3,results/bc_128px_v1/metrics/id/metrics__scratch_bc_128__avoid_spatial_wide__budget100__seed000__eval_avoid_spatial_wide.json,4.945892311865464,28.00941967739103
scratch_cnn,Scratch CNN,id,scratch_bc_128,avoid_spatial_wide,avoid_reach,Obstacle-aware reach,spatial_distribution,Spatial distribution,wide_train,200,0,avoid_spatial_wide,wide_train,150,1,3,73,137,0.006666666666666667,0.02,0.4866666666666667,0.9133333333333333,0.02634437724482268,0.20010907442619402,400.0,results/bc_128px_v1/metrics/id/metrics__scratch_bc_128__avoid_spatial_wide__budget200__seed000__eval_avoid_spatial_wide.json,2.634437724482268,20.010907442619402
scratch_cnn,Scratch CNN,id,scratch_bc_128,camera_fixed,reach,Reach,camera_location_viewpoint,Camera viewpoint,fixed_train,5,0,camera_fixed,fixed_train,150,0,0,0,150,0.0,0.0,0.0,1.0,0.026786908507347107,0.26927095651626587,400.0,results/bc_128px_v1/metrics/id/metrics__scratch_bc_128__camera_fixed__budget005__seed000__eval_camera_fixed.json,2.6786908507347107,26.927095651626587
scratch_cnn,Scratch CNN,id,scratch_bc_128,camera_fixed,reach,Reach,camera_location_viewpoint,Camera viewpoint,fixed_train,5,1,camera_fixed,fixed_train,150,0,150,150,150,0.0,1.0,1.0,1.0,0.005293755792081356,0.3169441223144531,400.0,results/bc_128px_v1/metrics/id/metrics__scratch_bc_128__camera_fixed__budget005__seed001__eval_camera_fixed.json,0.5293755792081356,31.694412231445312
scratch_cnn,Scratch CNN,id,scratch_bc_128,camera_fixed,reach,Reach,camera_location_viewpoint,Camera viewpoint,fixed_train,5,2,camera_fixed,fixed_train,150,0,0,150,150,0.0,0.0,1.0,1.0,0.01185092143714428,0.27863049507141113,400.0,results/bc_128px_v1/metrics/id/metrics__scratch_bc_128__camera_fixed__budget005__seed002__eval_camera_fixed.json,1.185092143714428,27.863049507141113
scratch_cnn,Scratch CNN,id,scratch_bc_128,camera_fixed,reach,Reach,camera_location_viewpoint,Camera viewpoint,fixed_train,20,0,camera_fixed,fixed_train,150,0,150,150,150,0.0,1.0,1.0,1.0,0.00717098917812109,0.03005707636475563,400.0,results/bc_128px_v1/metrics/id/metrics__scratch_bc_128__camera_fixed__budget020__seed000__eval_camera_fixed.json,0.717098917812109,3.005707636475563
scratch_cnn,Scratch CNN,id,scratch_bc_128,camera_fixed,reach,Reach,camera_location_viewpoint,Camera viewpoint,fixed_train,20,1,camera_fixed,fixed_train,150,0,150,150,150,0.0,1.0,1.0,1.0,0.006896995473653078,0.02169713005423546,400.0,results/bc_128px_v1/metrics/id/metrics__scratch_bc_128__camera_fixed__budget020__seed001__eval_camera_fixed.json,0.6896995473653078,2.169713005423546
scratch_cnn,Scratch CNN,id,scratch_bc_128,camera_fixed,reach,Reach,camera_location_viewpoint,Camera viewpoint,fixed_train,20,2,camera_fixed,fixed_train,150,0,0,150,150,0.0,0.0,1.0,1.0,0.010054309852421284,0.02297358214855194,400.0,results/bc_128px_v1/metrics/id/metrics__scratch_bc_128__camera_fixed__budget020__seed002__eval_camera_fixed.json,1.0054309852421284,2.297358214855194
scratch_cnn,Scratch CNN,id,scratch_bc_128,camera_fixed,reach,Reach,camera_location_viewpoint,Camera viewpoint,fixed_train,50,0,camera_fixed,fixed_train,150,150,150,150,150,1.0,1.0,1.0,1.0,0.0012446660548448563,0.02286805957555771,400.0,results/bc_128px_v1/metrics/id/metrics__scratch_bc_128__camera_fixed__budget050__seed000__eval_camera_fixed.json,0.12446660548448563,2.286805957555771
scratch_cnn,Scratch CNN,id,scratch_bc_128,camera_fixed,reach,Reach,camera_location_viewpoint,Camera viewpoint,fixed_train,50,1,camera_fixed,fixed_train,150,150,150,150,150,1.0,1.0,1.0,1.0,0.004048858303576708,0.02429162710905075,400.0,results/bc_128px_v1/metrics/id/metrics__scratch_bc_128__camera_fixed__budget050__seed001__eval_camera_fixed.json,0.4048858303576708,2.429162710905075
scratch_cnn,Scratch CNN,id,scratch_bc_128,camera_fixed,reach,Reach,camera_location_viewpoint,Camera viewpoint,fixed_train,50,2,camera_fixed,fixed_train,150,0,150,150,150,0.0,1.0,1.0,1.0,0.006905296817421913,0.028007561340928078,400.0,results/bc_128px_v1/metrics/id/metrics__scratch_bc_128__camera_fixed__budget050__seed002__eval_camera_fixed.json,0.6905296817421913,2.8007561340928078
scratch_cnn,Scratch CNN,id,scratch_bc_128,camera_fixed,reach,Reach,camera_location_viewpoint,Camera viewpoint,fixed_train,100,0,camera_fixed,fixed_train,150,150,150,150,150,1.0,1.0,1.0,1.0,0.0019127503037452698,0.08627650141716003,400.0,results/bc_128px_v1/metrics/id/metrics__scratch_bc_128__camera_fixed__budget100__seed000__eval_camera_fixed.json,0.19127503037452698,8.627650141716003
scratch_cnn,Scratch CNN,id,scratch_bc_128,camera_fixed,reach,Reach,camera_location_viewpoint,Camera viewpoint,fixed_train,200,0,camera_fixed,fixed_train,150,150,150,150,150,1.0,1.0,1.0,1.0,0.0020772868301719427,0.015425360761582851,400.0,results/bc_128px_v1/metrics/id/metrics__scratch_bc_128__camera_fixed__budget200__seed000__eval_camera_fixed.json,0.20772868301719427,1.5425360761582851
scratch_cnn,Scratch CNN,id,scratch_bc_128,camera_multi_pose,reach,Reach,camera_location_viewpoint,Camera viewpoint,diverse_train,5,0,camera_multi_pose,diverse_train,150,0,150,150,150,0.0,1.0,1.0,1.0,0.008983899814387162,0.27034037093321484,400.0,results/bc_128px_v1/metrics/id/metrics__scratch_bc_128__camera_multi_pose__budget005__seed000__eval_camera_multi_pose.json,0.8983899814387162,27.034037093321484
scratch_cnn,Scratch CNN,id,scratch_bc_128,camera_multi_pose,reach,Reach,camera_location_viewpoint,Camera viewpoint,diverse_train,5,1,camera_multi_pose,diverse_train,150,0,150,150,150,0.0,1.0,1.0,1.0,0.008184698484838009,0.33550966262817383,400.0,results/bc_128px_v1/metrics/id/metrics__scratch_bc_128__camera_multi_pose__budget005__seed001__eval_camera_multi_pose.json,0.8184698484838009,33.55096626281738
scratch_cnn,Scratch CNN,id,scratch_bc_128,camera_multi_pose,reach,Reach,camera_location_viewpoint,Camera viewpoint,diverse_train,5,2,camera_multi_pose,diverse_train,150,0,0,0,150,0.0,0.0,0.0,1.0,0.029309344068169593,0.24041379163662593,400.0,results/bc_128px_v1/metrics/id/metrics__scratch_bc_128__camera_multi_pose__budget005__seed002__eval_camera_multi_pose.json,2.9309344068169594,24.041379163662594
scratch_cnn,Scratch CNN,id,scratch_bc_128,camera_multi_pose,reach,Reach,camera_location_viewpoint,Camera viewpoint,diverse_train,20,0,camera_multi_pose,diverse_train,150,0,150,150,150,0.0,1.0,1.0,1.0,0.006982331999267141,0.1705571620663007,400.0,results/bc_128px_v1/metrics/id/metrics__scratch_bc_128__camera_multi_pose__budget020__seed000__eval_camera_multi_pose.json,0.6982331999267141,17.05571620663007
scratch_cnn,Scratch CNN,id,scratch_bc_128,camera_multi_pose,reach,Reach,camera_location_viewpoint,Camera viewpoint,diverse_train,20,1,camera_multi_pose,diverse_train,150,0,150,150,150,0.0,1.0,1.0,1.0,0.009698718897998332,0.21648160606622696,400.0,results/bc_128px_v1/metrics/id/metrics__scratch_bc_128__camera_multi_pose__budget020__seed001__eval_camera_multi_pose.json,0.9698718897998332,21.648160606622696
scratch_cnn,Scratch CNN,id,scratch_bc_128,camera_multi_pose,reach,Reach,camera_location_viewpoint,Camera viewpoint,diverse_train,20,2,camera_multi_pose,diverse_train,150,0,10,150,150,0.0,0.06666666666666667,1.0,1.0,0.010653908848762512,0.025450930409133436,400.0,results/bc_128px_v1/metrics/id/metrics__scratch_bc_128__camera_multi_pose__budget020__seed002__eval_camera_multi_pose.json,1.0653908848762512,2.5450930409133434
scratch_cnn,Scratch CNN,id,scratch_bc_128,camera_multi_pose,reach,Reach,camera_location_viewpoint,Camera viewpoint,diverse_train,50,0,camera_multi_pose,diverse_train,150,150,150,150,150,1.0,1.0,1.0,1.0,0.004283860800787806,0.022720522445937,400.0,results/bc_128px_v1/metrics/id/metrics__scratch_bc_128__camera_multi_pose__budget050__seed000__eval_camera_multi_pose.json,0.42838608007878065,2.2720522445937
scratch_cnn,Scratch CNN,id,scratch_bc_128,camera_multi_pose,reach,Reach,camera_location_viewpoint,Camera viewpoint,diverse_train,50,1,camera_multi_pose,diverse_train,150,33,150,150,150,0.22,1.0,1.0,1.0,0.005112199615687132,0.02225174384812514,400.0,results/bc_128px_v1/metrics/id/metrics__scratch_bc_128__camera_multi_pose__budget050__seed001__eval_camera_multi_pose.json,0.5112199615687132,2.225174384812514
scratch_cnn,Scratch CNN,id,scratch_bc_128,camera_multi_pose,reach,Reach,camera_location_viewpoint,Camera viewpoint,diverse_train,50,2,camera_multi_pose,diverse_train,150,0,150,150,150,0.0,1.0,1.0,1.0,0.00641874346571664,0.0203250835587581,400.0,results/bc_128px_v1/metrics/id/metrics__scratch_bc_128__camera_multi_pose__budget050__seed002__eval_camera_multi_pose.json,0.641874346571664,2.03250835587581
scratch_cnn,Scratch CNN,id,scratch_bc_128,camera_multi_pose,reach,Reach,camera_location_viewpoint,Camera viewpoint,diverse_train,100,0,camera_multi_pose,diverse_train,150,150,150,150,150,1.0,1.0,1.0,1.0,0.001581077684337894,0.022518519374231497,400.0,results/bc_128px_v1/metrics/id/metrics__scratch_bc_128__camera_multi_pose__budget100__seed000__eval_camera_multi_pose.json,0.1581077684337894,2.2518519374231496
scratch_cnn,Scratch CNN,id,scratch_bc_128,camera_multi_pose,reach,Reach,camera_location_viewpoint,Camera viewpoint,diverse_train,200,0,camera_multi_pose,diverse_train,150,150,150,150,150,1.0,1.0,1.0,1.0,0.004935124386101961,0.015745531618595123,400.0,results/bc_128px_v1/metrics/id/metrics__scratch_bc_128__camera_multi_pose__budget200__seed000__eval_camera_multi_pose.json,0.4935124386101961,1.5745531618595123
scratch_cnn,Scratch CNN,id,scratch_bc_128,color_multi,reach,Reach,color,Color,diverse_train,5,0,color_multi,diverse_train,150,150,150,150,150,1.0,1.0,1.0,1.0,0.004229994670798381,0.2366793026526769,400.0,results/bc_128px_v1/metrics/id/metrics__scratch_bc_128__color_multi__budget005__seed000__eval_color_multi.json,0.4229994670798381,23.66793026526769
scratch_cnn,Scratch CNN,id,scratch_bc_128,color_multi,reach,Reach,color,Color,diverse_train,5,1,color_multi,diverse_train,150,0,150,150,150,0.0,1.0,1.0,1.0,0.00752389763481915,0.3385919723908106,400.0,results/bc_128px_v1/metrics/id/metrics__scratch_bc_128__color_multi__budget005__seed001__eval_color_multi.json,0.752389763481915,33.85919723908106
scratch_cnn,Scratch CNN,id,scratch_bc_128,color_multi,reach,Reach,color,Color,diverse_train,5,2,color_multi,diverse_train,150,0,0,150,150,0.0,0.0,1.0,1.0,0.01966935854405165,0.26104780654112497,400.0,results/bc_128px_v1/metrics/id/metrics__scratch_bc_128__color_multi__budget005__seed002__eval_color_multi.json,1.966935854405165,26.104780654112496
scratch_cnn,Scratch CNN,id,scratch_bc_128,color_multi,reach,Reach,color,Color,diverse_train,20,0,color_multi,diverse_train,150,150,150,150,150,1.0,1.0,1.0,1.0,0.004157958890621861,0.17500098953644436,400.0,results/bc_128px_v1/metrics/id/metrics__scratch_bc_128__color_multi__budget020__seed000__eval_color_multi.json,0.41579588906218606,17.500098953644436
scratch_cnn,Scratch CNN,id,scratch_bc_128,color_multi,reach,Reach,color,Color,diverse_train,20,1,color_multi,diverse_train,150,0,119,150,150,0.0,0.7933333333333333,1.0,1.0,0.009571887937684855,0.27360215385754905,400.0,results/bc_128px_v1/metrics/id/metrics__scratch_bc_128__color_multi__budget020__seed001__eval_color_multi.json,0.9571887937684854,27.360215385754906
scratch_cnn,Scratch CNN,id,scratch_bc_128,color_multi,reach,Reach,color,Color,diverse_train,20,2,color_multi,diverse_train,150,0,0,107,150,0.0,0.0,0.7133333333333334,1.0,0.019607047475874426,0.20782056828339895,400.0,results/bc_128px_v1/metrics/id/metrics__scratch_bc_128__color_multi__budget020__seed002__eval_color_multi.json,1.9607047475874426,20.782056828339897
scratch_cnn,Scratch CNN,id,scratch_bc_128,color_multi,reach,Reach,color,Color,diverse_train,50,0,color_multi,diverse_train,150,150,150,150,150,1.0,1.0,1.0,1.0,0.0017310482892207801,0.02125146210193634,400.0,results/bc_128px_v1/metrics/id/metrics__scratch_bc_128__color_multi__budget050__seed000__eval_color_multi.json,0.173104828922078,2.125146210193634
scratch_cnn,Scratch CNN,id,scratch_bc_128,color_multi,reach,Reach,color,Color,diverse_train,50,1,color_multi,diverse_train,150,150,150,150,150,1.0,1.0,1.0,1.0,0.0033534702425822615,0.02245368141680956,400.0,results/bc_128px_v1/metrics/id/metrics__scratch_bc_128__color_multi__budget050__seed001__eval_color_multi.json,0.33534702425822616,2.245368141680956
scratch_cnn,Scratch CNN,id,scratch_bc_128,color_multi,reach,Reach,color,Color,diverse_train,50,2,color_multi,diverse_train,150,150,150,150,150,1.0,1.0,1.0,1.0,0.004929018563901385,0.12119792575637499,400.0,results/bc_128px_v1/metrics/id/metrics__scratch_bc_128__color_multi__budget050__seed002__eval_color_multi.json,0.4929018563901385,12.119792575637499
scratch_cnn,Scratch CNN,id,scratch_bc_128,color_multi,reach,Reach,color,Color,diverse_train,100,0,color_multi,diverse_train,150,71,150,150,150,0.47333333333333333,1.0,1.0,1.0,0.004999153120443225,0.09549998074769973,400.0,results/bc_128px_v1/metrics/id/metrics__scratch_bc_128__color_multi__budget100__seed000__eval_color_multi.json,0.4999153120443225,9.549998074769974
scratch_cnn,Scratch CNN,id,scratch_bc_128,color_multi,reach,Reach,color,Color,diverse_train,200,0,color_multi,diverse_train,150,150,150,150,150,1.0,1.0,1.0,1.0,0.00047372174080616487,0.00047372174080616487,123.0,results/bc_128px_v1/metrics/id/metrics__scratch_bc_128__color_multi__budget200__seed000__eval_color_multi.json,0.04737217408061649,0.04737217408061649
scratch_cnn,Scratch CNN,id,scratch_bc_128,color_red_only,reach,Reach,color,Color,fixed_train,5,0,color_red_only,fixed_train,150,0,0,150,150,0.0,0.0,1.0,1.0,0.010178153403103352,0.26941579580307007,400.0,results/bc_128px_v1/metrics/id/metrics__scratch_bc_128__color_red_only__budget005__seed000__eval_color_red_only.json,1.0178153403103352,26.941579580307007
scratch_cnn,Scratch CNN,id,scratch_bc_128,color_red_only,reach,Reach,color,Color,fixed_train,5,1,color_red_only,fixed_train,150,150,150,150,150,1.0,1.0,1.0,1.0,0.00402351887896657,0.32107388973236084,400.0,results/bc_128px_v1/metrics/id/metrics__scratch_bc_128__color_red_only__budget005__seed001__eval_color_red_only.json,0.402351887896657,32.107388973236084
scratch_cnn,Scratch CNN,id,scratch_bc_128,color_red_only,reach,Reach,color,Color,fixed_train,5,2,color_red_only,fixed_train,150,0,0,150,150,0.0,0.0,1.0,1.0,0.013162764720618725,0.27907052636146545,400.0,results/bc_128px_v1/metrics/id/metrics__scratch_bc_128__color_red_only__budget005__seed002__eval_color_red_only.json,1.3162764720618725,27.907052636146545
scratch_cnn,Scratch CNN,id,scratch_bc_128,color_red_only,reach,Reach,color,Color,fixed_train,20,0,color_red_only,fixed_train,150,0,150,150,150,0.0,1.0,1.0,1.0,0.007083665579557419,0.032532673329114914,400.0,results/bc_128px_v1/metrics/id/metrics__scratch_bc_128__color_red_only__budget020__seed000__eval_color_red_only.json,0.7083665579557419,3.2532673329114914
scratch_cnn,Scratch CNN,id,scratch_bc_128,color_red_only,reach,Reach,color,Color,fixed_train,20,1,color_red_only,fixed_train,150,0,150,150,150,0.0,1.0,1.0,1.0,0.007402104791253805,0.16592617332935333,400.0,results/bc_128px_v1/metrics/id/metrics__scratch_bc_128__color_red_only__budget020__seed001__eval_color_red_only.json,0.7402104791253805,16.592617332935333
scratch_cnn,Scratch CNN,id,scratch_bc_128,color_red_only,reach,Reach,color,Color,fixed_train,20,2,color_red_only,fixed_train,150,0,0,150,150,0.0,0.0,1.0,1.0,0.010257340036332607,0.022915389388799667,400.0,results/bc_128px_v1/metrics/id/metrics__scratch_bc_128__color_red_only__budget020__seed002__eval_color_red_only.json,1.0257340036332607,2.2915389388799667
scratch_cnn,Scratch CNN,id,scratch_bc_128,color_red_only,reach,Reach,color,Color,fixed_train,50,0,color_red_only,fixed_train,150,150,150,150,150,1.0,1.0,1.0,1.0,0.0009739762754179537,0.0009739762754179537,125.0,results/bc_128px_v1/metrics/id/metrics__scratch_bc_128__color_red_only__budget050__seed000__eval_color_red_only.json,0.09739762754179537,0.09739762754179537
scratch_cnn,Scratch CNN,id,scratch_bc_128,color_red_only,reach,Reach,color,Color,fixed_train,50,1,color_red_only,fixed_train,150,150,150,150,150,1.0,1.0,1.0,1.0,0.004161610268056393,0.021980246528983116,400.0,results/bc_128px_v1/metrics/id/metrics__scratch_bc_128__color_red_only__budget050__seed001__eval_color_red_only.json,0.41616102680563927,2.1980246528983116
scratch_cnn,Scratch CNN,id,scratch_bc_128,color_red_only,reach,Reach,color,Color,fixed_train,50,2,color_red_only,fixed_train,150,0,150,150,150,0.0,1.0,1.0,1.0,0.006046975497156382,0.011065185070037842,400.0,results/bc_128px_v1/metrics/id/metrics__scratch_bc_128__color_red_only__budget050__seed002__eval_color_red_only.json,0.6046975497156382,1.1065185070037842
scratch_cnn,Scratch CNN,id,scratch_bc_128,color_red_only,reach,Reach,color,Color,fixed_train,100,0,color_red_only,fixed_train,150,150,150,150,150,1.0,1.0,1.0,1.0,0.0023904130794107914,0.10570871829986572,400.0,results/bc_128px_v1/metrics/id/metrics__scratch_bc_128__color_red_only__budget100__seed000__eval_color_red_only.json,0.23904130794107914,10.570871829986572
scratch_cnn,Scratch CNN,id,scratch_bc_128,color_red_only,reach,Reach,color,Color,fixed_train,200,0,color_red_only,fixed_train,150,150,150,150,150,1.0,1.0,1.0,1.0,0.0006748755695298314,0.0006748755695298314,124.0,results/bc_128px_v1/metrics/id/metrics__scratch_bc_128__color_red_only__budget200__seed000__eval_color_red_only.json,0.06748755695298314,0.06748755695298314
scratch_cnn,Scratch CNN,id,scratch_bc_128,lighting_diverse,reach,Reach,lighting_direction_intensity,Lighting,diverse_train,5,0,lighting_diverse,diverse_train,150,0,0,0,150,0.0,0.0,0.0,1.0,0.022639748168488343,0.27264286736647286,400.0,results/bc_128px_v1/metrics/id/metrics__scratch_bc_128__lighting_diverse__budget005__seed000__eval_lighting_diverse.json,2.263974816848834,27.264286736647286
scratch_cnn,Scratch CNN,id,scratch_bc_128,lighting_diverse,reach,Reach,lighting_direction_intensity,Lighting,diverse_train,5,1,lighting_diverse,diverse_train,150,0,0,150,150,0.0,0.0,1.0,1.0,0.01493311632424593,0.23179357486466567,400.0,results/bc_128px_v1/metrics/id/metrics__scratch_bc_128__lighting_diverse__budget005__seed001__eval_lighting_diverse.json,1.493311632424593,23.179357486466568
scratch_cnn,Scratch CNN,id,scratch_bc_128,lighting_diverse,reach,Reach,lighting_direction_intensity,Lighting,diverse_train,5,2,lighting_diverse,diverse_train,150,0,0,150,150,0.0,0.0,1.0,1.0,0.015249352362006903,0.24205786873896917,400.0,results/bc_128px_v1/metrics/id/metrics__scratch_bc_128__lighting_diverse__budget005__seed002__eval_lighting_diverse.json,1.5249352362006903,24.20578687389692
scratch_cnn,Scratch CNN,id,scratch_bc_128,lighting_diverse,reach,Reach,lighting_direction_intensity,Lighting,diverse_train,20,0,lighting_diverse,diverse_train,150,0,150,150,150,0.0,1.0,1.0,1.0,0.00887015093738834,0.1618152036269506,400.0,results/bc_128px_v1/metrics/id/metrics__scratch_bc_128__lighting_diverse__budget020__seed000__eval_lighting_diverse.json,0.8870150937388341,16.18152036269506
scratch_cnn,Scratch CNN,id,scratch_bc_128,lighting_diverse,reach,Reach,lighting_direction_intensity,Lighting,diverse_train,20,1,lighting_diverse,diverse_train,150,0,129,150,150,0.0,0.86,1.0,1.0,0.009642491328219573,0.03714057371020317,400.0,results/bc_128px_v1/metrics/id/metrics__scratch_bc_128__lighting_diverse__budget020__seed001__eval_lighting_diverse.json,0.9642491328219572,3.714057371020317
scratch_cnn,Scratch CNN,id,scratch_bc_128,lighting_diverse,reach,Reach,lighting_direction_intensity,Lighting,diverse_train,20,2,lighting_diverse,diverse_train,150,0,0,150,150,0.0,0.0,1.0,1.0,0.012311485192428032,0.07244539498041073,400.0,results/bc_128px_v1/metrics/id/metrics__scratch_bc_128__lighting_diverse__budget020__seed002__eval_lighting_diverse.json,1.2311485192428033,7.244539498041074
scratch_cnn,Scratch CNN,id,scratch_bc_128,lighting_diverse,reach,Reach,lighting_direction_intensity,Lighting,diverse_train,50,0,lighting_diverse,diverse_train,150,150,150,150,150,1.0,1.0,1.0,1.0,0.003139804328481356,0.12812285095453263,400.0,results/bc_128px_v1/metrics/id/metrics__scratch_bc_128__lighting_diverse__budget050__seed000__eval_lighting_diverse.json,0.3139804328481356,12.812285095453262
scratch_cnn,Scratch CNN,id,scratch_bc_128,lighting_diverse,reach,Reach,lighting_direction_intensity,Lighting,diverse_train,50,1,lighting_diverse,diverse_train,150,150,150,150,150,1.0,1.0,1.0,1.0,0.004598411507904529,0.022399115053315957,400.0,results/bc_128px_v1/metrics/id/metrics__scratch_bc_128__lighting_diverse__budget050__seed001__eval_lighting_diverse.json,0.45984115079045296,2.2399115053315954
scratch_cnn,Scratch CNN,id,scratch_bc_128,lighting_diverse,reach,Reach,lighting_direction_intensity,Lighting,diverse_train,50,2,lighting_diverse,diverse_train,150,0,150,150,150,0.0,1.0,1.0,1.0,0.007393909351279338,0.05372924512873093,400.0,results/bc_128px_v1/metrics/id/metrics__scratch_bc_128__lighting_diverse__budget050__seed002__eval_lighting_diverse.json,0.7393909351279337,5.372924512873093
scratch_cnn,Scratch CNN,id,scratch_bc_128,lighting_diverse,reach,Reach,lighting_direction_intensity,Lighting,diverse_train,100,0,lighting_diverse,diverse_train,150,0,150,150,150,0.0,1.0,1.0,1.0,0.006579664930080374,0.18664332191149394,400.0,results/bc_128px_v1/metrics/id/metrics__scratch_bc_128__lighting_diverse__budget100__seed000__eval_lighting_diverse.json,0.6579664930080373,18.664332191149395
scratch_cnn,Scratch CNN,id,scratch_bc_128,lighting_diverse,reach,Reach,lighting_direction_intensity,Lighting,diverse_train,200,0,lighting_diverse,diverse_train,150,71,150,150,150,0.47333333333333333,1.0,1.0,1.0,0.004984816142047445,0.0986643395324548,400.0,results/bc_128px_v1/metrics/id/metrics__scratch_bc_128__lighting_diverse__budget200__seed000__eval_lighting_diverse.json,0.4984816142047445,9.866433953245481
scratch_cnn,Scratch CNN,id,scratch_bc_128,lighting_fixed,reach,Reach,lighting_direction_intensity,Lighting,fixed_train,5,0,lighting_fixed,fixed_train,150,0,0,150,150,0.0,0.0,1.0,1.0,0.015287925489246845,0.26657435297966003,400.0,results/bc_128px_v1/metrics/id/metrics__scratch_bc_128__lighting_fixed__budget005__seed000__eval_lighting_fixed.json,1.5287925489246845,26.657435297966003
scratch_cnn,Scratch CNN,id,scratch_bc_128,lighting_fixed,reach,Reach,lighting_direction_intensity,Lighting,fixed_train,5,1,lighting_fixed,fixed_train,150,0,0,150,150,0.0,0.0,1.0,1.0,0.014219888485968113,0.024500032886862755,400.0,results/bc_128px_v1/metrics/id/metrics__scratch_bc_128__lighting_fixed__budget005__seed001__eval_lighting_fixed.json,1.4219888485968113,2.4500032886862755
scratch_cnn,Scratch CNN,id,scratch_bc_128,lighting_fixed,reach,Reach,lighting_direction_intensity,Lighting,fixed_train,5,2,lighting_fixed,fixed_train,150,0,0,150,150,0.0,0.0,1.0,1.0,0.019771553575992584,0.254643052816391,400.0,results/bc_128px_v1/metrics/id/metrics__scratch_bc_128__lighting_fixed__budget005__seed002__eval_lighting_fixed.json,1.9771553575992584,25.4643052816391
scratch_cnn,Scratch CNN,id,scratch_bc_128,lighting_fixed,reach,Reach,lighting_direction_intensity,Lighting,fixed_train,20,0,lighting_fixed,fixed_train,150,150,150,150,150,1.0,1.0,1.0,1.0,0.004891628865152597,0.14703458547592163,400.0,results/bc_128px_v1/metrics/id/metrics__scratch_bc_128__lighting_fixed__budget020__seed000__eval_lighting_fixed.json,0.48916288651525974,14.703458547592163
scratch_cnn,Scratch CNN,id,scratch_bc_128,lighting_fixed,reach,Reach,lighting_direction_intensity,Lighting,fixed_train,20,1,lighting_fixed,fixed_train,150,0,0,150,150,0.0,0.0,1.0,1.0,0.011165112257003784,0.20498676598072052,400.0,results/bc_128px_v1/metrics/id/metrics__scratch_bc_128__lighting_fixed__budget020__seed001__eval_lighting_fixed.json,1.1165112257003784,20.498676598072052
scratch_cnn,Scratch CNN,id,scratch_bc_128,lighting_fixed,reach,Reach,lighting_direction_intensity,Lighting,fixed_train,20,2,lighting_fixed,fixed_train,150,0,0,150,150,0.0,0.0,1.0,1.0,0.016255998983979225,0.2466086894273758,400.0,results/bc_128px_v1/metrics/id/metrics__scratch_bc_128__lighting_fixed__budget020__seed002__eval_lighting_fixed.json,1.6255998983979225,24.66086894273758
scratch_cnn,Scratch CNN,id,scratch_bc_128,lighting_fixed,reach,Reach,lighting_direction_intensity,Lighting,fixed_train,50,0,lighting_fixed,fixed_train,150,150,150,150,150,1.0,1.0,1.0,1.0,0.0012199819320812821,0.03676559403538704,400.0,results/bc_128px_v1/metrics/id/metrics__scratch_bc_128__lighting_fixed__budget050__seed000__eval_lighting_fixed.json,0.12199819320812821,3.676559403538704
scratch_cnn,Scratch CNN,id,scratch_bc_128,lighting_fixed,reach,Reach,lighting_direction_intensity,Lighting,fixed_train,50,1,lighting_fixed,fixed_train,150,150,150,150,150,1.0,1.0,1.0,1.0,0.0032531479373574257,0.022425184026360512,400.0,results/bc_128px_v1/metrics/id/metrics__scratch_bc_128__lighting_fixed__budget050__seed001__eval_lighting_fixed.json,0.32531479373574257,2.242518402636051
scratch_cnn,Scratch CNN,id,scratch_bc_128,lighting_fixed,reach,Reach,lighting_direction_intensity,Lighting,fixed_train,50,2,lighting_fixed,fixed_train,150,0,150,150,150,0.0,1.0,1.0,1.0,0.007178441621363163,0.1334300935268402,400.0,results/bc_128px_v1/metrics/id/metrics__scratch_bc_128__lighting_fixed__budget050__seed002__eval_lighting_fixed.json,0.7178441621363163,13.343009352684021
scratch_cnn,Scratch CNN,id,scratch_bc_128,lighting_fixed,reach,Reach,lighting_direction_intensity,Lighting,fixed_train,100,0,lighting_fixed,fixed_train,150,150,150,150,150,1.0,1.0,1.0,1.0,0.0025828396901488304,0.11054819077253342,400.0,results/bc_128px_v1/metrics/id/metrics__scratch_bc_128__lighting_fixed__budget100__seed000__eval_lighting_fixed.json,0.25828396901488304,11.054819077253342
scratch_cnn,Scratch CNN,id,scratch_bc_128,lighting_fixed,reach,Reach,lighting_direction_intensity,Lighting,fixed_train,200,0,lighting_fixed,fixed_train,150,150,150,150,150,1.0,1.0,1.0,1.0,0.001608266495168209,0.01746414601802826,400.0,results/bc_128px_v1/metrics/id/metrics__scratch_bc_128__lighting_fixed__budget200__seed000__eval_lighting_fixed.json,0.1608266495168209,1.746414601802826
scratch_cnn,Scratch CNN,id,scratch_bc_128,spatial_narrow,reach,Reach,spatial_distribution,Spatial distribution,narrow_train,5,0,spatial_narrow,narrow_train,150,3,9,33,82,0.02,0.06,0.22,0.5466666666666666,0.043575838385149834,0.2697682312130928,400.0,results/bc_128px_v1/metrics/id/metrics__scratch_bc_128__spatial_narrow__budget005__seed000__eval_spatial_narrow.json,4.357583838514984,26.97682312130928
scratch_cnn,Scratch CNN,id,scratch_bc_128,spatial_narrow,reach,Reach,spatial_distribution,Spatial distribution,narrow_train,5,1,spatial_narrow,narrow_train,150,1,10,39,84,0.006666666666666667,0.06666666666666667,0.26,0.56,0.05446849151980132,0.1589663542310397,400.0,results/bc_128px_v1/metrics/id/metrics__scratch_bc_128__spatial_narrow__budget005__seed001__eval_spatial_narrow.json,5.446849151980132,15.89663542310397
scratch_cnn,Scratch CNN,id,scratch_bc_128,spatial_narrow,reach,Reach,spatial_distribution,Spatial distribution,narrow_train,5,2,spatial_narrow,narrow_train,150,0,0,11,83,0.0,0.0,0.07333333333333333,0.5533333333333333,0.04850936019793153,0.2476387486855189,400.0,results/bc_128px_v1/metrics/id/metrics__scratch_bc_128__spatial_narrow__budget005__seed002__eval_spatial_narrow.json,4.850936019793153,24.76387486855189
scratch_cnn,Scratch CNN,id,scratch_bc_128,spatial_narrow,reach,Reach,spatial_distribution,Spatial distribution,narrow_train,20,0,spatial_narrow,narrow_train,150,4,10,28,72,0.02666666666666667,0.06666666666666667,0.18666666666666668,0.48,0.05871141510045466,0.16751373550039717,398.0933333333333,results/bc_128px_v1/metrics/id/metrics__scratch_bc_128__spatial_narrow__budget020__seed000__eval_spatial_narrow.json,5.871141510045466,16.751373550039716
scratch_cnn,Scratch CNN,id,scratch_bc_128,spatial_narrow,reach,Reach,spatial_distribution,Spatial distribution,narrow_train,20,1,spatial_narrow,narrow_train,150,3,8,48,111,0.02,0.05333333333333334,0.32,0.74,0.03668454807406912,0.13466917956868807,400.0,results/bc_128px_v1/metrics/id/metrics__scratch_bc_128__spatial_narrow__budget020__seed001__eval_spatial_narrow.json,3.6684548074069125,13.466917956868807
scratch_cnn,Scratch CNN,id,scratch_bc_128,spatial_narrow,reach,Reach,spatial_distribution,Spatial distribution,narrow_train,20,2,spatial_narrow,narrow_train,150,0,2,77,98,0.0,0.013333333333333334,0.5133333333333333,0.6533333333333333,0.03924393446184695,0.11568288044383128,400.0,results/bc_128px_v1/metrics/id/metrics__scratch_bc_128__spatial_narrow__budget020__seed002__eval_spatial_narrow.json,3.924393446184695,11.568288044383127
scratch_cnn,Scratch CNN,id,scratch_bc_128,spatial_narrow,reach,Reach,spatial_distribution,Spatial distribution,narrow_train,50,0,spatial_narrow,narrow_train,150,5,49,150,150,0.03333333333333333,0.32666666666666666,1.0,1.0,0.010719230094303688,0.024437019067505995,400.0,results/bc_128px_v1/metrics/id/metrics__scratch_bc_128__spatial_narrow__budget050__seed000__eval_spatial_narrow.json,1.071923009430369,2.4437019067505994
scratch_cnn,Scratch CNN,id,scratch_bc_128,spatial_narrow,reach,Reach,spatial_distribution,Spatial distribution,narrow_train,50,1,spatial_narrow,narrow_train,150,1,14,80,113,0.006666666666666667,0.09333333333333334,0.5333333333333333,0.7533333333333333,0.03249832324140395,0.07851348917388047,398.31333333333333,results/bc_128px_v1/metrics/id/metrics__scratch_bc_128__spatial_narrow__budget050__seed001__eval_spatial_narrow.json,3.249832324140395,7.851348917388047
scratch_cnn,Scratch CNN,id,scratch_bc_128,spatial_narrow,reach,Reach,spatial_distribution,Spatial distribution,narrow_train,50,2,spatial_narrow,narrow_train,150,8,23,55,90,0.05333333333333334,0.15333333333333332,0.36666666666666664,0.6,0.042588735154519476,0.21082882492492597,400.0,results/bc_128px_v1/metrics/id/metrics__scratch_bc_128__spatial_narrow__budget050__seed002__eval_spatial_narrow.json,4.258873515451947,21.082882492492597
scratch_cnn,Scratch CNN,id,scratch_bc_128,spatial_narrow,reach,Reach,spatial_distribution,Spatial distribution,narrow_train,100,0,spatial_narrow,narrow_train,150,54,122,149,150,0.36,0.8133333333333334,0.9933333333333333,1.0,0.006832443127641454,0.02527594723699925,393.17333333333335,results/bc_128px_v1/metrics/id/metrics__scratch_bc_128__spatial_narrow__budget100__seed000__eval_spatial_narrow.json,0.6832443127641454,2.527594723699925
scratch_cnn,Scratch CNN,id,scratch_bc_128,spatial_narrow,reach,Reach,spatial_distribution,Spatial distribution,narrow_train,200,0,spatial_narrow,narrow_train,150,49,124,150,150,0.32666666666666666,0.8266666666666667,1.0,1.0,0.006946482153531785,0.02350578786145585,394.7866666666667,results/bc_128px_v1/metrics/id/metrics__scratch_bc_128__spatial_narrow__budget200__seed000__eval_spatial_narrow.json,0.6946482153531784,2.350578786145585
scratch_cnn,Scratch CNN,id,scratch_bc_128,spatial_wide,reach,Reach,spatial_distribution,Spatial distribution,wide_train,5,0,spatial_wide,wide_train,150,1,2,9,24,0.006666666666666667,0.013333333333333334,0.06,0.16,0.10772376214154064,0.17353718808541696,400.0,results/bc_128px_v1/metrics/id/metrics__scratch_bc_128__spatial_wide__budget005__seed000__eval_spatial_wide.json,10.772376214154065,17.353718808541696
scratch_cnn,Scratch CNN,id,scratch_bc_128,spatial_wide,reach,Reach,spatial_distribution,Spatial distribution,wide_train,5,1,spatial_wide,wide_train,150,0,0,11,31,0.0,0.0,0.07333333333333333,0.20666666666666667,0.09818805021544298,0.3240450860808293,400.0,results/bc_128px_v1/metrics/id/metrics__scratch_bc_128__spatial_wide__budget005__seed001__eval_spatial_wide.json,9.818805021544298,32.404508608082935
scratch_cnn,Scratch CNN,id,scratch_bc_128,spatial_wide,reach,Reach,spatial_distribution,Spatial distribution,wide_train,5,2,spatial_wide,wide_train,150,0,0,0,22,0.0,0.0,0.0,0.14666666666666667,0.10594010176757972,0.4829850725332896,400.0,results/bc_128px_v1/metrics/id/metrics__scratch_bc_128__spatial_wide__budget005__seed002__eval_spatial_wide.json,10.59401017675797,48.29850725332896
scratch_cnn,Scratch CNN,id,scratch_bc_128,spatial_wide,reach,Reach,spatial_distribution,Spatial distribution,wide_train,20,0,spatial_wide,wide_train,150,2,6,27,52,0.013333333333333334,0.04,0.18,0.3466666666666667,0.10307806921812396,0.26081894282251594,400.0,results/bc_128px_v1/metrics/id/metrics__scratch_bc_128__spatial_wide__budget020__seed000__eval_spatial_wide.json,10.307806921812396,26.081894282251593
scratch_cnn,Scratch CNN,id,scratch_bc_128,spatial_wide,reach,Reach,spatial_distribution,Spatial distribution,wide_train,20,1,spatial_wide,wide_train,150,5,13,31,83,0.03333333333333333,0.08666666666666667,0.20666666666666667,0.5533333333333333,0.06660601797824105,0.19698633309453725,400.0,results/bc_128px_v1/metrics/id/metrics__scratch_bc_128__spatial_wide__budget020__seed001__eval_spatial_wide.json,6.660601797824104,19.698633309453726
scratch_cnn,Scratch CNN,id,scratch_bc_128,spatial_wide,reach,Reach,spatial_distribution,Spatial distribution,wide_train,20,2,spatial_wide,wide_train,150,3,9,50,74,0.02,0.06,0.3333333333333333,0.49333333333333335,0.06404872198201095,0.19406019980708758,400.0,results/bc_128px_v1/metrics/id/metrics__scratch_bc_128__spatial_wide__budget020__seed002__eval_spatial_wide.json,6.404872198201095,19.40601998070876
scratch_cnn,Scratch CNN,id,scratch_bc_128,spatial_wide,reach,Reach,spatial_distribution,Spatial distribution,wide_train,50,0,spatial_wide,wide_train,150,4,12,38,63,0.02666666666666667,0.08,0.25333333333333335,0.42,0.06599263455718755,0.18034275074799855,400.0,results/bc_128px_v1/metrics/id/metrics__scratch_bc_128__spatial_wide__budget050__seed000__eval_spatial_wide.json,6.599263455718756,18.034275074799854
scratch_cnn,Scratch CNN,id,scratch_bc_128,spatial_wide,reach,Reach,spatial_distribution,Spatial distribution,wide_train,50,1,spatial_wide,wide_train,150,4,14,65,119,0.02666666666666667,0.09333333333333334,0.43333333333333335,0.7933333333333333,0.0338127426779829,0.06532507132117947,400.0,results/bc_128px_v1/metrics/id/metrics__scratch_bc_128__spatial_wide__budget050__seed001__eval_spatial_wide.json,3.3812742677982897,6.532507132117947
scratch_cnn,Scratch CNN,id,scratch_bc_128,spatial_wide,reach,Reach,spatial_distribution,Spatial distribution,wide_train,50,2,spatial_wide,wide_train,150,0,6,26,76,0.0,0.04,0.17333333333333334,0.5066666666666667,0.056822356740012764,0.16748823856314024,400.0,results/bc_128px_v1/metrics/id/metrics__scratch_bc_128__spatial_wide__budget050__seed002__eval_spatial_wide.json,5.6822356740012765,16.748823856314026
scratch_cnn,Scratch CNN,id,scratch_bc_128,spatial_wide,reach,Reach,spatial_distribution,Spatial distribution,wide_train,100,0,spatial_wide,wide_train,150,8,28,63,99,0.05333333333333334,0.18666666666666668,0.42,0.66,0.04970239334972575,0.10968260067825517,400.0,results/bc_128px_v1/metrics/id/metrics__scratch_bc_128__spatial_wide__budget100__seed000__eval_spatial_wide.json,4.970239334972575,10.968260067825517
scratch_cnn,Scratch CNN,id,scratch_bc_128,spatial_wide,reach,Reach,spatial_distribution,Spatial distribution,wide_train,200,0,spatial_wide,wide_train,150,1,4,29,82,0.006666666666666667,0.02666666666666667,0.19333333333333333,0.5466666666666666,0.058795743032048146,0.17186215644081435,400.0,results/bc_128px_v1/metrics/id/metrics__scratch_bc_128__spatial_wide__budget200__seed000__eval_spatial_wide.json,5.879574303204815,17.186215644081436
scratch_cnn,Scratch CNN,ood,scratch_bc_128,avoid_camera_fixed,avoid_reach,Obstacle-aware reach,camera_location_viewpoint,Camera viewpoint,fixed_train,5,0,avoid_camera_extreme_ood_eval,extreme_ood_eval,150,0,150,150,150,0.0,1.0,1.0,1.0,0.00757176942192018,0.5465053272247314,400.0,results/bc_128px_v1/metrics/ood/metrics__scratch_bc_128__avoid_camera_fixed__budget005__seed000__eval_avoid_camera_extreme_ood_eval.json,0.757176942192018,54.650532722473145
scratch_cnn,Scratch CNN,ood,scratch_bc_128,avoid_camera_fixed,avoid_reach,Obstacle-aware reach,camera_location_viewpoint,Camera viewpoint,fixed_train,5,1,avoid_camera_extreme_ood_eval,extreme_ood_eval,150,0,0,150,150,0.0,0.0,1.0,1.0,0.01885125598559777,0.5466815304756164,400.0,results/bc_128px_v1/metrics/ood/metrics__scratch_bc_128__avoid_camera_fixed__budget005__seed001__eval_avoid_camera_extreme_ood_eval.json,1.885125598559777,54.66815304756164
scratch_cnn,Scratch CNN,ood,scratch_bc_128,avoid_camera_fixed,avoid_reach,Obstacle-aware reach,camera_location_viewpoint,Camera viewpoint,fixed_train,5,2,avoid_camera_extreme_ood_eval,extreme_ood_eval,150,0,0,150,150,0.0,0.0,1.0,1.0,0.011600252793480953,0.5195060006777446,400.0,results/bc_128px_v1/metrics/ood/metrics__scratch_bc_128__avoid_camera_fixed__budget005__seed002__eval_avoid_camera_extreme_ood_eval.json,1.1600252793480954,51.95060006777445
scratch_cnn,Scratch CNN,ood,scratch_bc_128,avoid_camera_fixed,avoid_reach,Obstacle-aware reach,camera_location_viewpoint,Camera viewpoint,fixed_train,20,0,avoid_camera_extreme_ood_eval,extreme_ood_eval,150,0,150,150,150,0.0,1.0,1.0,1.0,0.005233491885786255,0.7801018941402436,400.0,results/bc_128px_v1/metrics/ood/metrics__scratch_bc_128__avoid_camera_fixed__budget020__seed000__eval_avoid_camera_extreme_ood_eval.json,0.5233491885786254,78.01018941402435
scratch_cnn,Scratch CNN,ood,scratch_bc_128,avoid_camera_fixed,avoid_reach,Obstacle-aware reach,camera_location_viewpoint,Camera viewpoint,fixed_train,20,1,avoid_camera_extreme_ood_eval,extreme_ood_eval,150,0,0,0,150,0.0,0.0,0.0,1.0,0.028566049138704936,1.1571648319562275,400.0,results/bc_128px_v1/metrics/ood/metrics__scratch_bc_128__avoid_camera_fixed__budget020__seed001__eval_avoid_camera_extreme_ood_eval.json,2.8566049138704934,115.71648319562276
scratch_cnn,Scratch CNN,ood,scratch_bc_128,avoid_camera_fixed,avoid_reach,Obstacle-aware reach,camera_location_viewpoint,Camera viewpoint,fixed_train,20,2,avoid_camera_extreme_ood_eval,extreme_ood_eval,150,0,0,148,150,0.0,0.0,0.9866666666666667,1.0,0.01596644985799988,1.0973165432612102,400.0,results/bc_128px_v1/metrics/ood/metrics__scratch_bc_128__avoid_camera_fixed__budget020__seed002__eval_avoid_camera_extreme_ood_eval.json,1.596644985799988,109.73165432612102
scratch_cnn,Scratch CNN,ood,scratch_bc_128,avoid_camera_fixed,avoid_reach,Obstacle-aware reach,camera_location_viewpoint,Camera viewpoint,fixed_train,50,0,avoid_camera_extreme_ood_eval,extreme_ood_eval,150,17,56,138,150,0.11333333333333333,0.37333333333333335,0.92,1.0,0.012442361979434888,0.7763908090194066,400.0,results/bc_128px_v1/metrics/ood/metrics__scratch_bc_128__avoid_camera_fixed__budget050__seed000__eval_avoid_camera_extreme_ood_eval.json,1.2442361979434888,77.63908090194066
scratch_cnn,Scratch CNN,ood,scratch_bc_128,avoid_camera_fixed,avoid_reach,Obstacle-aware reach,camera_location_viewpoint,Camera viewpoint,fixed_train,50,1,avoid_camera_extreme_ood_eval,extreme_ood_eval,150,6,87,128,150,0.04,0.58,0.8533333333333334,1.0,0.011878672504487138,0.7489793477455775,400.0,results/bc_128px_v1/metrics/ood/metrics__scratch_bc_128__avoid_camera_fixed__budget050__seed001__eval_avoid_camera_extreme_ood_eval.json,1.1878672504487138,74.89793477455775
scratch_cnn,Scratch CNN,ood,scratch_bc_128,avoid_camera_fixed,avoid_reach,Obstacle-aware reach,camera_location_viewpoint,Camera viewpoint,fixed_train,50,2,avoid_camera_extreme_ood_eval,extreme_ood_eval,150,0,0,5,147,0.0,0.0,0.03333333333333333,0.98,0.036057455322394766,1.0514360256989796,400.0,results/bc_128px_v1/metrics/ood/metrics__scratch_bc_128__avoid_camera_fixed__budget050__seed002__eval_avoid_camera_extreme_ood_eval.json,3.6057455322394767,105.14360256989796
scratch_cnn,Scratch CNN,ood,scratch_bc_128,avoid_camera_fixed,avoid_reach,Obstacle-aware reach,camera_location_viewpoint,Camera viewpoint,fixed_train,100,0,avoid_camera_extreme_ood_eval,extreme_ood_eval,150,0,0,10,149,0.0,0.0,0.06666666666666667,0.9933333333333333,0.024198926351964474,0.3812191138789058,400.0,results/bc_128px_v1/metrics/ood/metrics__scratch_bc_128__avoid_camera_fixed__budget100__seed000__eval_avoid_camera_extreme_ood_eval.json,2.4198926351964474,38.12191138789058
scratch_cnn,Scratch CNN,ood,scratch_bc_128,avoid_camera_fixed,avoid_reach,Obstacle-aware reach,camera_location_viewpoint,Camera viewpoint,fixed_train,200,0,avoid_camera_extreme_ood_eval,extreme_ood_eval,150,24,70,113,149,0.16,0.4666666666666667,0.7533333333333333,0.9933333333333333,0.013921954584463188,0.7541937593619029,400.0,results/bc_128px_v1/metrics/ood/metrics__scratch_bc_128__avoid_camera_fixed__budget200__seed000__eval_avoid_camera_extreme_ood_eval.json,1.3921954584463188,75.41937593619029
scratch_cnn,Scratch CNN,ood,scratch_bc_128,avoid_camera_multi_pose,avoid_reach,Obstacle-aware reach,camera_location_viewpoint,Camera viewpoint,diverse_train,5,0,avoid_camera_extreme_ood_eval,extreme_ood_eval,150,0,0,150,150,0.0,0.0,1.0,1.0,0.01265231100221475,0.5809058233102162,400.0,results/bc_128px_v1/metrics/ood/metrics__scratch_bc_128__avoid_camera_multi_pose__budget005__seed000__eval_avoid_camera_extreme_ood_eval.json,1.2652311002214751,58.09058233102162
scratch_cnn,Scratch CNN,ood,scratch_bc_128,avoid_camera_multi_pose,avoid_reach,Obstacle-aware reach,camera_location_viewpoint,Camera viewpoint,diverse_train,5,1,avoid_camera_extreme_ood_eval,extreme_ood_eval,150,0,0,150,150,0.0,0.0,1.0,1.0,0.01833072072515885,0.580252874692281,400.0,results/bc_128px_v1/metrics/ood/metrics__scratch_bc_128__avoid_camera_multi_pose__budget005__seed001__eval_avoid_camera_extreme_ood_eval.json,1.833072072515885,58.025287469228104
scratch_cnn,Scratch CNN,ood,scratch_bc_128,avoid_camera_multi_pose,avoid_reach,Obstacle-aware reach,camera_location_viewpoint,Camera viewpoint,diverse_train,5,2,avoid_camera_extreme_ood_eval,extreme_ood_eval,150,0,0,0,150,0.0,0.0,0.0,1.0,0.036249841799338656,0.5164816776911417,400.0,results/bc_128px_v1/metrics/ood/metrics__scratch_bc_128__avoid_camera_multi_pose__budget005__seed002__eval_avoid_camera_extreme_ood_eval.json,3.6249841799338656,51.648167769114174
scratch_cnn,Scratch CNN,ood,scratch_bc_128,avoid_camera_multi_pose,avoid_reach,Obstacle-aware reach,camera_location_viewpoint,Camera viewpoint,diverse_train,20,0,avoid_camera_extreme_ood_eval,extreme_ood_eval,150,0,150,150,150,0.0,1.0,1.0,1.0,0.006007410955304901,1.080590524673462,400.0,results/bc_128px_v1/metrics/ood/metrics__scratch_bc_128__avoid_camera_multi_pose__budget020__seed000__eval_avoid_camera_extreme_ood_eval.json,0.60074109553049,108.05905246734619
scratch_cnn,Scratch CNN,ood,scratch_bc_128,avoid_camera_multi_pose,avoid_reach,Obstacle-aware reach,camera_location_viewpoint,Camera viewpoint,diverse_train,20,1,avoid_camera_extreme_ood_eval,extreme_ood_eval,150,0,0,0,150,0.0,0.0,0.0,1.0,0.024594786465168,1.1209011697769165,400.0,results/bc_128px_v1/metrics/ood/metrics__scratch_bc_128__avoid_camera_multi_pose__budget020__seed001__eval_avoid_camera_extreme_ood_eval.json,2.4594786465168,112.09011697769165
scratch_cnn,Scratch CNN,ood,scratch_bc_128,avoid_camera_multi_pose,avoid_reach,Obstacle-aware reach,camera_location_viewpoint,Camera viewpoint,diverse_train,20,2,avoid_camera_extreme_ood_eval,extreme_ood_eval,150,0,0,150,150,0.0,0.0,1.0,1.0,0.017408976008494694,1.0637349637349447,400.0,results/bc_128px_v1/metrics/ood/metrics__scratch_bc_128__avoid_camera_multi_pose__budget020__seed002__eval_avoid_camera_extreme_ood_eval.json,1.7408976008494694,106.37349637349448
scratch_cnn,Scratch CNN,ood,scratch_bc_128,avoid_camera_multi_pose,avoid_reach,Obstacle-aware reach,camera_location_viewpoint,Camera viewpoint,diverse_train,50,0,avoid_camera_extreme_ood_eval,extreme_ood_eval,150,0,0,0,0,0.0,0.0,0.0,0.0,0.21120596061150232,0.5118936312198639,400.0,results/bc_128px_v1/metrics/ood/metrics__scratch_bc_128__avoid_camera_multi_pose__budget050__seed000__eval_avoid_camera_extreme_ood_eval.json,21.12059606115023,51.18936312198639
scratch_cnn,Scratch CNN,ood,scratch_bc_128,avoid_camera_multi_pose,avoid_reach,Obstacle-aware reach,camera_location_viewpoint,Camera viewpoint,diverse_train,50,1,avoid_camera_extreme_ood_eval,extreme_ood_eval,150,0,0,150,150,0.0,0.0,1.0,1.0,0.019400071687996387,0.9052673780918121,400.0,results/bc_128px_v1/metrics/ood/metrics__scratch_bc_128__avoid_camera_multi_pose__budget050__seed001__eval_avoid_camera_extreme_ood_eval.json,1.9400071687996387,90.52673780918121
scratch_cnn,Scratch CNN,ood,scratch_bc_128,avoid_camera_multi_pose,avoid_reach,Obstacle-aware reach,camera_location_viewpoint,Camera viewpoint,diverse_train,50,2,avoid_camera_extreme_ood_eval,extreme_ood_eval,150,0,0,0,150,0.0,0.0,0.0,1.0,0.025257997065782547,1.1974048773447672,400.0,results/bc_128px_v1/metrics/ood/metrics__scratch_bc_128__avoid_camera_multi_pose__budget050__seed002__eval_avoid_camera_extreme_ood_eval.json,2.5257997065782547,119.74048773447672
scratch_cnn,Scratch CNN,ood,scratch_bc_128,avoid_camera_multi_pose,avoid_reach,Obstacle-aware reach,camera_location_viewpoint,Camera viewpoint,diverse_train,100,0,avoid_camera_extreme_ood_eval,extreme_ood_eval,150,0,0,150,150,0.0,0.0,1.0,1.0,0.01719719809790452,1.219411849975586,400.0,results/bc_128px_v1/metrics/ood/metrics__scratch_bc_128__avoid_camera_multi_pose__budget100__seed000__eval_avoid_camera_extreme_ood_eval.json,1.7197198097904522,121.9411849975586
scratch_cnn,Scratch CNN,ood,scratch_bc_128,avoid_camera_multi_pose,avoid_reach,Obstacle-aware reach,camera_location_viewpoint,Camera viewpoint,diverse_train,200,0,avoid_camera_extreme_ood_eval,extreme_ood_eval,150,0,0,0,150,0.0,0.0,0.0,1.0,0.02193902067840099,1.203750081062317,400.0,results/bc_128px_v1/metrics/ood/metrics__scratch_bc_128__avoid_camera_multi_pose__budget200__seed000__eval_avoid_camera_extreme_ood_eval.json,2.1939020678400993,120.37500810623169
scratch_cnn,Scratch CNN,ood,scratch_bc_128,avoid_color_multi,avoid_reach,Obstacle-aware reach,color,Color,diverse_train,5,0,avoid_color_ood_eval,ood_eval,150,0,150,150,150,0.0,1.0,1.0,1.0,0.007855951810876529,0.534056423107783,400.0,results/bc_128px_v1/metrics/ood/metrics__scratch_bc_128__avoid_color_multi__budget005__seed000__eval_avoid_color_ood_eval.json,0.7855951810876529,53.4056423107783
scratch_cnn,Scratch CNN,ood,scratch_bc_128,avoid_color_multi,avoid_reach,Obstacle-aware reach,color,Color,diverse_train,5,1,avoid_color_ood_eval,ood_eval,150,0,0,0,150,0.0,0.0,0.0,1.0,0.026247444252173107,0.5445195066928864,400.0,results/bc_128px_v1/metrics/ood/metrics__scratch_bc_128__avoid_color_multi__budget005__seed001__eval_avoid_color_ood_eval.json,2.624744425217311,54.45195066928864
scratch_cnn,Scratch CNN,ood,scratch_bc_128,avoid_color_multi,avoid_reach,Obstacle-aware reach,color,Color,diverse_train,5,2,avoid_color_ood_eval,ood_eval,150,0,0,0,150,0.0,0.0,0.0,1.0,0.03189548301200072,0.5301483607292176,400.0,results/bc_128px_v1/metrics/ood/metrics__scratch_bc_128__avoid_color_multi__budget005__seed002__eval_avoid_color_ood_eval.json,3.1895483012000723,53.01483607292175
scratch_cnn,Scratch CNN,ood,scratch_bc_128,avoid_color_multi,avoid_reach,Obstacle-aware reach,color,Color,diverse_train,20,0,avoid_color_ood_eval,ood_eval,150,0,0,0,150,0.0,0.0,0.0,1.0,0.024777107102175552,1.080284869670868,400.0,results/bc_128px_v1/metrics/ood/metrics__scratch_bc_128__avoid_color_multi__budget020__seed000__eval_avoid_color_ood_eval.json,2.477710710217555,108.0284869670868
scratch_cnn,Scratch CNN,ood,scratch_bc_128,avoid_color_multi,avoid_reach,Obstacle-aware reach,color,Color,diverse_train,20,1,avoid_color_ood_eval,ood_eval,150,0,0,150,150,0.0,0.0,1.0,1.0,0.012218830976635217,0.6204900391896566,400.0,results/bc_128px_v1/metrics/ood/metrics__scratch_bc_128__avoid_color_multi__budget020__seed001__eval_avoid_color_ood_eval.json,1.2218830976635218,62.04900391896566
scratch_cnn,Scratch CNN,ood,scratch_bc_128,avoid_color_multi,avoid_reach,Obstacle-aware reach,color,Color,diverse_train,20,2,avoid_color_ood_eval,ood_eval,150,0,0,150,150,0.0,0.0,1.0,1.0,0.01951845264683167,0.9045415461063385,400.0,results/bc_128px_v1/metrics/ood/metrics__scratch_bc_128__avoid_color_multi__budget020__seed002__eval_avoid_color_ood_eval.json,1.951845264683167,90.45415461063385
scratch_cnn,Scratch CNN,ood,scratch_bc_128,avoid_color_multi,avoid_reach,Obstacle-aware reach,color,Color,diverse_train,50,0,avoid_color_ood_eval,ood_eval,150,0,0,150,150,0.0,0.0,1.0,1.0,0.014695448360095422,0.9084550444285074,400.0,results/bc_128px_v1/metrics/ood/metrics__scratch_bc_128__avoid_color_multi__budget050__seed000__eval_avoid_color_ood_eval.json,1.4695448360095422,90.84550444285074
scratch_cnn,Scratch CNN,ood,scratch_bc_128,avoid_color_multi,avoid_reach,Obstacle-aware reach,color,Color,diverse_train,50,1,avoid_color_ood_eval,ood_eval,150,0,0,150,150,0.0,0.0,1.0,1.0,0.015209456166873376,0.9749394889672597,400.0,results/bc_128px_v1/metrics/ood/metrics__scratch_bc_128__avoid_color_multi__budget050__seed001__eval_avoid_color_ood_eval.json,1.5209456166873376,97.49394889672597
scratch_cnn,Scratch CNN,ood,scratch_bc_128,avoid_color_multi,avoid_reach,Obstacle-aware reach,color,Color,diverse_train,50,2,avoid_color_ood_eval,ood_eval,150,0,0,0,150,0.0,0.0,0.0,1.0,0.021107489677766957,0.9693386284510295,400.0,results/bc_128px_v1/metrics/ood/metrics__scratch_bc_128__avoid_color_multi__budget050__seed002__eval_avoid_color_ood_eval.json,2.1107489677766957,96.93386284510295
scratch_cnn,Scratch CNN,ood,scratch_bc_128,avoid_color_multi,avoid_reach,Obstacle-aware reach,color,Color,diverse_train,100,0,avoid_color_ood_eval,ood_eval,150,0,0,150,150,0.0,0.0,1.0,1.0,0.01835083434979121,0.7723874282836914,400.0,results/bc_128px_v1/metrics/ood/metrics__scratch_bc_128__avoid_color_multi__budget100__seed000__eval_avoid_color_ood_eval.json,1.835083434979121,77.23874282836914
scratch_cnn,Scratch CNN,ood,scratch_bc_128,avoid_color_multi,avoid_reach,Obstacle-aware reach,color,Color,diverse_train,200,0,avoid_color_ood_eval,ood_eval,150,0,0,150,150,0.0,0.0,1.0,1.0,0.01372728167101741,0.7613460886478424,400.0,results/bc_128px_v1/metrics/ood/metrics__scratch_bc_128__avoid_color_multi__budget200__seed000__eval_avoid_color_ood_eval.json,1.3727281671017408,76.13460886478424
scratch_cnn,Scratch CNN,ood,scratch_bc_128,avoid_color_red_only,avoid_reach,Obstacle-aware reach,color,Color,fixed_train,5,0,avoid_color_ood_eval,ood_eval,150,0,0,0,150,0.0,0.0,0.0,1.0,0.020499725316961606,0.5754557017485301,400.0,results/bc_128px_v1/metrics/ood/metrics__scratch_bc_128__avoid_color_red_only__budget005__seed000__eval_avoid_color_ood_eval.json,2.049972531696161,57.54557017485301
scratch_cnn,Scratch CNN,ood,scratch_bc_128,avoid_color_red_only,avoid_reach,Obstacle-aware reach,color,Color,fixed_train,5,1,avoid_color_ood_eval,ood_eval,150,0,0,150,150,0.0,0.0,1.0,1.0,0.01957290295511484,0.5130486710866292,400.0,results/bc_128px_v1/metrics/ood/metrics__scratch_bc_128__avoid_color_red_only__budget005__seed001__eval_avoid_color_ood_eval.json,1.9572902955114841,51.30486710866292
scratch_cnn,Scratch CNN,ood,scratch_bc_128,avoid_color_red_only,avoid_reach,Obstacle-aware reach,color,Color,fixed_train,5,2,avoid_color_ood_eval,ood_eval,150,0,0,0,150,0.0,0.0,0.0,1.0,0.03503141467769941,0.5299727110068003,400.0,results/bc_128px_v1/metrics/ood/metrics__scratch_bc_128__avoid_color_red_only__budget005__seed002__eval_avoid_color_ood_eval.json,3.503141467769941,52.99727110068003
scratch_cnn,Scratch CNN,ood,scratch_bc_128,avoid_color_red_only,avoid_reach,Obstacle-aware reach,color,Color,fixed_train,20,0,avoid_color_ood_eval,ood_eval,150,0,0,39,150,0.0,0.0,0.26,1.0,0.024540825399259725,0.46629448493321735,400.0,results/bc_128px_v1/metrics/ood/metrics__scratch_bc_128__avoid_color_red_only__budget020__seed000__eval_avoid_color_ood_eval.json,2.4540825399259725,46.62944849332173
scratch_cnn,Scratch CNN,ood,scratch_bc_128,avoid_color_red_only,avoid_reach,Obstacle-aware reach,color,Color,fixed_train,20,1,avoid_color_ood_eval,ood_eval,150,0,0,150,150,0.0,0.0,1.0,1.0,0.015040017341574034,0.7521345500151316,400.0,results/bc_128px_v1/metrics/ood/metrics__scratch_bc_128__avoid_color_red_only__budget020__seed001__eval_avoid_color_ood_eval.json,1.5040017341574035,75.21345500151317
scratch_cnn,Scratch CNN,ood,scratch_bc_128,avoid_color_red_only,avoid_reach,Obstacle-aware reach,color,Color,fixed_train,20,2,avoid_color_ood_eval,ood_eval,150,0,0,150,150,0.0,0.0,1.0,1.0,0.015175454951822757,1.0591814637184143,400.0,results/bc_128px_v1/metrics/ood/metrics__scratch_bc_128__avoid_color_red_only__budget020__seed002__eval_avoid_color_ood_eval.json,1.5175454951822758,105.91814637184143
scratch_cnn,Scratch CNN,ood,scratch_bc_128,avoid_color_red_only,avoid_reach,Obstacle-aware reach,color,Color,fixed_train,50,0,avoid_color_ood_eval,ood_eval,150,0,0,150,150,0.0,0.0,1.0,1.0,0.018333946553369364,1.002026469707489,400.0,results/bc_128px_v1/metrics/ood/metrics__scratch_bc_128__avoid_color_red_only__budget050__seed000__eval_avoid_color_ood_eval.json,1.8333946553369365,100.2026469707489
scratch_cnn,Scratch CNN,ood,scratch_bc_128,avoid_color_red_only,avoid_reach,Obstacle-aware reach,color,Color,fixed_train,50,1,avoid_color_ood_eval,ood_eval,150,0,0,150,150,0.0,0.0,1.0,1.0,0.01304326814909776,0.6413055753707886,400.0,results/bc_128px_v1/metrics/ood/metrics__scratch_bc_128__avoid_color_red_only__budget050__seed001__eval_avoid_color_ood_eval.json,1.304326814909776,64.13055753707886
scratch_cnn,Scratch CNN,ood,scratch_bc_128,avoid_color_red_only,avoid_reach,Obstacle-aware reach,color,Color,fixed_train,50,2,avoid_color_ood_eval,ood_eval,150,0,0,0,150,0.0,0.0,0.0,1.0,0.020512299140294392,0.963142971197764,400.0,results/bc_128px_v1/metrics/ood/metrics__scratch_bc_128__avoid_color_red_only__budget050__seed002__eval_avoid_color_ood_eval.json,2.051229914029439,96.3142971197764
scratch_cnn,Scratch CNN,ood,scratch_bc_128,avoid_color_red_only,avoid_reach,Obstacle-aware reach,color,Color,fixed_train,100,0,avoid_color_ood_eval,ood_eval,150,0,0,0,150,0.0,0.0,0.0,1.0,0.024371700125435988,1.200033925374349,400.0,results/bc_128px_v1/metrics/ood/metrics__scratch_bc_128__avoid_color_red_only__budget100__seed000__eval_avoid_color_ood_eval.json,2.4371700125435987,120.0033925374349
scratch_cnn,Scratch CNN,ood,scratch_bc_128,avoid_color_red_only,avoid_reach,Obstacle-aware reach,color,Color,fixed_train,200,0,avoid_color_ood_eval,ood_eval,150,0,42,150,150,0.0,0.28,1.0,1.0,0.011856939662247896,0.6457862957318624,400.0,results/bc_128px_v1/metrics/ood/metrics__scratch_bc_128__avoid_color_red_only__budget200__seed000__eval_avoid_color_ood_eval.json,1.1856939662247896,64.57862957318625
scratch_cnn,Scratch CNN,ood,scratch_bc_128,avoid_lighting_diverse,avoid_reach,Obstacle-aware reach,lighting_direction_intensity,Lighting,diverse_train,5,0,avoid_lighting_extreme_ood_eval,extreme_ood_eval,150,0,0,150,150,0.0,0.0,1.0,1.0,0.01047641657292843,0.567721487681071,400.0,results/bc_128px_v1/metrics/ood/metrics__scratch_bc_128__avoid_lighting_diverse__budget005__seed000__eval_avoid_lighting_extreme_ood_eval.json,1.0476416572928429,56.7721487681071
scratch_cnn,Scratch CNN,ood,scratch_bc_128,avoid_lighting_diverse,avoid_reach,Obstacle-aware reach,lighting_direction_intensity,Lighting,diverse_train,5,1,avoid_lighting_extreme_ood_eval,extreme_ood_eval,150,0,0,0,150,0.0,0.0,0.0,1.0,0.026964635315040748,0.5154277896881103,400.0,results/bc_128px_v1/metrics/ood/metrics__scratch_bc_128__avoid_lighting_diverse__budget005__seed001__eval_avoid_lighting_extreme_ood_eval.json,2.6964635315040746,51.542778968811035
scratch_cnn,Scratch CNN,ood,scratch_bc_128,avoid_lighting_diverse,avoid_reach,Obstacle-aware reach,lighting_direction_intensity,Lighting,diverse_train,5,2,avoid_lighting_extreme_ood_eval,extreme_ood_eval,150,0,0,0,150,0.0,0.0,0.0,1.0,0.025371961059669653,0.5436612345774968,400.0,results/bc_128px_v1/metrics/ood/metrics__scratch_bc_128__avoid_lighting_diverse__budget005__seed002__eval_avoid_lighting_extreme_ood_eval.json,2.537196105966965,54.36612345774968
scratch_cnn,Scratch CNN,ood,scratch_bc_128,avoid_lighting_diverse,avoid_reach,Obstacle-aware reach,lighting_direction_intensity,Lighting,diverse_train,20,0,avoid_lighting_extreme_ood_eval,extreme_ood_eval,150,0,0,0,150,0.0,0.0,0.0,1.0,0.02294073597838481,1.0462102595965068,400.0,results/bc_128px_v1/metrics/ood/metrics__scratch_bc_128__avoid_lighting_diverse__budget020__seed000__eval_avoid_lighting_extreme_ood_eval.json,2.294073597838481,104.62102595965068
scratch_cnn,Scratch CNN,ood,scratch_bc_128,avoid_lighting_diverse,avoid_reach,Obstacle-aware reach,lighting_direction_intensity,Lighting,diverse_train,20,1,avoid_lighting_extreme_ood_eval,extreme_ood_eval,150,0,0,0,150,0.0,0.0,0.0,1.0,0.02429163453479608,0.8711375200748444,400.0,results/bc_128px_v1/metrics/ood/metrics__scratch_bc_128__avoid_lighting_diverse__budget020__seed001__eval_avoid_lighting_extreme_ood_eval.json,2.429163453479608,87.11375200748444
scratch_cnn,Scratch CNN,ood,scratch_bc_128,avoid_lighting_diverse,avoid_reach,Obstacle-aware reach,lighting_direction_intensity,Lighting,diverse_train,20,2,avoid_lighting_extreme_ood_eval,extreme_ood_eval,150,0,0,150,150,0.0,0.0,1.0,1.0,0.014746385831385852,0.5616713770230611,400.0,results/bc_128px_v1/metrics/ood/metrics__scratch_bc_128__avoid_lighting_diverse__budget020__seed002__eval_avoid_lighting_extreme_ood_eval.json,1.474638583138585,56.167137702306114
scratch_cnn,Scratch CNN,ood,scratch_bc_128,avoid_lighting_diverse,avoid_reach,Obstacle-aware reach,lighting_direction_intensity,Lighting,diverse_train,50,0,avoid_lighting_extreme_ood_eval,extreme_ood_eval,150,0,0,35,150,0.0,0.0,0.23333333333333334,1.0,0.020648138349254927,0.9017038722832997,400.0,results/bc_128px_v1/metrics/ood/metrics__scratch_bc_128__avoid_lighting_diverse__budget050__seed000__eval_avoid_lighting_extreme_ood_eval.json,2.0648138349254928,90.17038722832997
scratch_cnn,Scratch CNN,ood,scratch_bc_128,avoid_lighting_diverse,avoid_reach,Obstacle-aware reach,lighting_direction_intensity,Lighting,diverse_train,50,1,avoid_lighting_extreme_ood_eval,extreme_ood_eval,150,0,0,108,150,0.0,0.0,0.72,1.0,0.019732584382096928,0.9038278643290202,400.0,results/bc_128px_v1/metrics/ood/metrics__scratch_bc_128__avoid_lighting_diverse__budget050__seed001__eval_avoid_lighting_extreme_ood_eval.json,1.9732584382096927,90.38278643290202
scratch_cnn,Scratch CNN,ood,scratch_bc_128,avoid_lighting_diverse,avoid_reach,Obstacle-aware reach,lighting_direction_intensity,Lighting,diverse_train,50,2,avoid_lighting_extreme_ood_eval,extreme_ood_eval,150,0,0,0,150,0.0,0.0,0.0,1.0,0.02179141250749429,0.6848760064442952,400.0,results/bc_128px_v1/metrics/ood/metrics__scratch_bc_128__avoid_lighting_diverse__budget050__seed002__eval_avoid_lighting_extreme_ood_eval.json,2.1791412507494288,68.48760064442952
scratch_cnn,Scratch CNN,ood,scratch_bc_128,avoid_lighting_diverse,avoid_reach,Obstacle-aware reach,lighting_direction_intensity,Lighting,diverse_train,100,0,avoid_lighting_extreme_ood_eval,extreme_ood_eval,150,0,0,150,150,0.0,0.0,1.0,1.0,0.01805312531689803,0.8412473448117574,400.0,results/bc_128px_v1/metrics/ood/metrics__scratch_bc_128__avoid_lighting_diverse__budget100__seed000__eval_avoid_lighting_extreme_ood_eval.json,1.8053125316898029,84.12473448117575
scratch_cnn,Scratch CNN,ood,scratch_bc_128,avoid_lighting_diverse,avoid_reach,Obstacle-aware reach,lighting_direction_intensity,Lighting,diverse_train,200,0,avoid_lighting_extreme_ood_eval,extreme_ood_eval,150,0,0,0,150,0.0,0.0,0.0,1.0,0.02189819887280464,0.8876648342609406,400.0,results/bc_128px_v1/metrics/ood/metrics__scratch_bc_128__avoid_lighting_diverse__budget200__seed000__eval_avoid_lighting_extreme_ood_eval.json,2.189819887280464,88.76648342609406
scratch_cnn,Scratch CNN,ood,scratch_bc_128,avoid_lighting_fixed,avoid_reach,Obstacle-aware reach,lighting_direction_intensity,Lighting,fixed_train,5,0,avoid_lighting_extreme_ood_eval,extreme_ood_eval,150,0,150,150,150,0.0,1.0,1.0,1.0,0.00887049786746502,0.6014273969332377,400.0,results/bc_128px_v1/metrics/ood/metrics__scratch_bc_128__avoid_lighting_fixed__budget005__seed000__eval_avoid_lighting_extreme_ood_eval.json,0.8870497867465019,60.14273969332377
scratch_cnn,Scratch CNN,ood,scratch_bc_128,avoid_lighting_fixed,avoid_reach,Obstacle-aware reach,lighting_direction_intensity,Lighting,fixed_train,5,1,avoid_lighting_extreme_ood_eval,extreme_ood_eval,150,0,0,150,150,0.0,0.0,1.0,1.0,0.011586501393467188,0.5392922699451447,400.0,results/bc_128px_v1/metrics/ood/metrics__scratch_bc_128__avoid_lighting_fixed__budget005__seed001__eval_avoid_lighting_extreme_ood_eval.json,1.1586501393467188,53.929226994514465
scratch_cnn,Scratch CNN,ood,scratch_bc_128,avoid_lighting_fixed,avoid_reach,Obstacle-aware reach,lighting_direction_intensity,Lighting,fixed_train,5,2,avoid_lighting_extreme_ood_eval,extreme_ood_eval,150,0,0,0,150,0.0,0.0,0.0,1.0,0.029529934351642927,0.5679697827498118,400.0,results/bc_128px_v1/metrics/ood/metrics__scratch_bc_128__avoid_lighting_fixed__budget005__seed002__eval_avoid_lighting_extreme_ood_eval.json,2.952993435164293,56.79697827498118
scratch_cnn,Scratch CNN,ood,scratch_bc_128,avoid_lighting_fixed,avoid_reach,Obstacle-aware reach,lighting_direction_intensity,Lighting,fixed_train,20,0,avoid_lighting_extreme_ood_eval,extreme_ood_eval,150,0,0,73,115,0.0,0.0,0.4866666666666667,0.7666666666666667,0.03564852027843396,0.7640895338853201,400.0,results/bc_128px_v1/metrics/ood/metrics__scratch_bc_128__avoid_lighting_fixed__budget020__seed000__eval_avoid_lighting_extreme_ood_eval.json,3.564852027843396,76.40895338853201
scratch_cnn,Scratch CNN,ood,scratch_bc_128,avoid_lighting_fixed,avoid_reach,Obstacle-aware reach,lighting_direction_intensity,Lighting,fixed_train,20,1,avoid_lighting_extreme_ood_eval,extreme_ood_eval,150,0,0,42,119,0.0,0.0,0.28,0.7933333333333333,0.05831260083864132,0.6287622745831808,400.0,results/bc_128px_v1/metrics/ood/metrics__scratch_bc_128__avoid_lighting_fixed__budget020__seed001__eval_avoid_lighting_extreme_ood_eval.json,5.831260083864132,62.87622745831808
scratch_cnn,Scratch CNN,ood,scratch_bc_128,avoid_lighting_fixed,avoid_reach,Obstacle-aware reach,lighting_direction_intensity,Lighting,fixed_train,20,2,avoid_lighting_extreme_ood_eval,extreme_ood_eval,150,0,0,77,150,0.0,0.0,0.5133333333333333,1.0,0.024679989566405613,0.5267526147762934,400.0,results/bc_128px_v1/metrics/ood/metrics__scratch_bc_128__avoid_lighting_fixed__budget020__seed002__eval_avoid_lighting_extreme_ood_eval.json,2.467998956640561,52.67526147762934
scratch_cnn,Scratch CNN,ood,scratch_bc_128,avoid_lighting_fixed,avoid_reach,Obstacle-aware reach,lighting_direction_intensity,Lighting,fixed_train,50,0,avoid_lighting_extreme_ood_eval,extreme_ood_eval,150,0,0,42,119,0.0,0.0,0.28,0.7933333333333333,0.05553145239750544,0.7255728081862132,400.0,results/bc_128px_v1/metrics/ood/metrics__scratch_bc_128__avoid_lighting_fixed__budget050__seed000__eval_avoid_lighting_extreme_ood_eval.json,5.553145239750544,72.55728081862132
scratch_cnn,Scratch CNN,ood,scratch_bc_128,avoid_lighting_fixed,avoid_reach,Obstacle-aware reach,lighting_direction_intensity,Lighting,fixed_train,50,1,avoid_lighting_extreme_ood_eval,extreme_ood_eval,150,0,0,77,150,0.0,0.0,0.5133333333333333,1.0,0.01998952134201924,0.6902050618330637,400.0,results/bc_128px_v1/metrics/ood/metrics__scratch_bc_128__avoid_lighting_fixed__budget050__seed001__eval_avoid_lighting_extreme_ood_eval.json,1.9989521342019239,69.02050618330637
scratch_cnn,Scratch CNN,ood,scratch_bc_128,avoid_lighting_fixed,avoid_reach,Obstacle-aware reach,lighting_direction_intensity,Lighting,fixed_train,50,2,avoid_lighting_extreme_ood_eval,extreme_ood_eval,150,0,0,77,150,0.0,0.0,0.5133333333333333,1.0,0.027906968717773754,0.5029578673839569,400.0,results/bc_128px_v1/metrics/ood/metrics__scratch_bc_128__avoid_lighting_fixed__budget050__seed002__eval_avoid_lighting_extreme_ood_eval.json,2.7906968717773752,50.295786738395684
scratch_cnn,Scratch CNN,ood,scratch_bc_128,avoid_lighting_fixed,avoid_reach,Obstacle-aware reach,lighting_direction_intensity,Lighting,fixed_train,100,0,avoid_lighting_extreme_ood_eval,extreme_ood_eval,150,0,0,0,77,0.0,0.0,0.0,0.5133333333333333,0.08754299140224854,0.6038632322351137,400.0,results/bc_128px_v1/metrics/ood/metrics__scratch_bc_128__avoid_lighting_fixed__budget100__seed000__eval_avoid_lighting_extreme_ood_eval.json,8.754299140224854,60.386323223511376
scratch_cnn,Scratch CNN,ood,scratch_bc_128,avoid_lighting_fixed,avoid_reach,Obstacle-aware reach,lighting_direction_intensity,Lighting,fixed_train,200,0,avoid_lighting_extreme_ood_eval,extreme_ood_eval,150,0,0,77,150,0.0,0.0,0.5133333333333333,1.0,0.021580241670211157,0.6653510789076488,400.0,results/bc_128px_v1/metrics/ood/metrics__scratch_bc_128__avoid_lighting_fixed__budget200__seed000__eval_avoid_lighting_extreme_ood_eval.json,2.1580241670211158,66.53510789076488
scratch_cnn,Scratch CNN,ood,scratch_bc_128,avoid_spatial_narrow,avoid_reach,Obstacle-aware reach,spatial_distribution,Spatial distribution,narrow_train,5,0,avoid_spatial_edge_ood_eval,edge_ood_eval,150,0,5,13,31,0.0,0.03333333333333333,0.08666666666666667,0.20666666666666667,0.13739748888959488,0.5213870318979025,400.0,results/bc_128px_v1/metrics/ood/metrics__scratch_bc_128__avoid_spatial_narrow__budget005__seed000__eval_avoid_spatial_edge_ood_eval.json,13.739748888959488,52.13870318979025
scratch_cnn,Scratch CNN,ood,scratch_bc_128,avoid_spatial_narrow,avoid_reach,Obstacle-aware reach,spatial_distribution,Spatial distribution,narrow_train,5,1,avoid_spatial_edge_ood_eval,edge_ood_eval,150,1,3,8,28,0.006666666666666667,0.02,0.05333333333333334,0.18666666666666668,0.1120799924309055,0.4929096766312917,400.0,results/bc_128px_v1/metrics/ood/metrics__scratch_bc_128__avoid_spatial_narrow__budget005__seed001__eval_avoid_spatial_edge_ood_eval.json,11.20799924309055,49.29096766312917
scratch_cnn,Scratch CNN,ood,scratch_bc_128,avoid_spatial_narrow,avoid_reach,Obstacle-aware reach,spatial_distribution,Spatial distribution,narrow_train,5,2,avoid_spatial_edge_ood_eval,edge_ood_eval,150,0,3,7,28,0.0,0.02,0.04666666666666667,0.18666666666666668,0.13456931959216795,0.5255971668163936,400.0,results/bc_128px_v1/metrics/ood/metrics__scratch_bc_128__avoid_spatial_narrow__budget005__seed002__eval_avoid_spatial_edge_ood_eval.json,13.456931959216794,52.55971668163936
scratch_cnn,Scratch CNN,ood,scratch_bc_128,avoid_spatial_narrow,avoid_reach,Obstacle-aware reach,spatial_distribution,Spatial distribution,narrow_train,20,0,avoid_spatial_edge_ood_eval,edge_ood_eval,150,0,5,11,34,0.0,0.03333333333333333,0.07333333333333333,0.22666666666666666,0.13204093292976418,0.3239188732703527,400.0,results/bc_128px_v1/metrics/ood/metrics__scratch_bc_128__avoid_spatial_narrow__budget020__seed000__eval_avoid_spatial_edge_ood_eval.json,13.204093292976419,32.39188732703527
scratch_cnn,Scratch CNN,ood,scratch_bc_128,avoid_spatial_narrow,avoid_reach,Obstacle-aware reach,spatial_distribution,Spatial distribution,narrow_train,20,1,avoid_spatial_edge_ood_eval,edge_ood_eval,150,0,0,0,18,0.0,0.0,0.0,0.12,0.13248880710452796,0.3214045744140943,400.0,results/bc_128px_v1/metrics/ood/metrics__scratch_bc_128__avoid_spatial_narrow__budget020__seed001__eval_avoid_spatial_edge_ood_eval.json,13.248880710452795,32.14045744140943
scratch_cnn,Scratch CNN,ood,scratch_bc_128,avoid_spatial_narrow,avoid_reach,Obstacle-aware reach,spatial_distribution,Spatial distribution,narrow_train,20,2,avoid_spatial_edge_ood_eval,edge_ood_eval,150,0,3,9,38,0.0,0.02,0.06,0.25333333333333335,0.12756559220763544,0.44979054023822146,400.0,results/bc_128px_v1/metrics/ood/metrics__scratch_bc_128__avoid_spatial_narrow__budget020__seed002__eval_avoid_spatial_edge_ood_eval.json,12.756559220763544,44.979054023822144
scratch_cnn,Scratch CNN,ood,scratch_bc_128,avoid_spatial_narrow,avoid_reach,Obstacle-aware reach,spatial_distribution,Spatial distribution,narrow_train,50,0,avoid_spatial_edge_ood_eval,edge_ood_eval,150,0,0,2,28,0.0,0.0,0.013333333333333334,0.18666666666666668,0.11684755499785145,0.2700908874471982,400.0,results/bc_128px_v1/metrics/ood/metrics__scratch_bc_128__avoid_spatial_narrow__budget050__seed000__eval_avoid_spatial_edge_ood_eval.json,11.684755499785144,27.009088744719822
scratch_cnn,Scratch CNN,ood,scratch_bc_128,avoid_spatial_narrow,avoid_reach,Obstacle-aware reach,spatial_distribution,Spatial distribution,narrow_train,50,1,avoid_spatial_edge_ood_eval,edge_ood_eval,150,0,3,9,34,0.0,0.02,0.06,0.22666666666666666,0.1312838376313448,0.24843577128524583,400.0,results/bc_128px_v1/metrics/ood/metrics__scratch_bc_128__avoid_spatial_narrow__budget050__seed001__eval_avoid_spatial_edge_ood_eval.json,13.12838376313448,24.843577128524583
scratch_cnn,Scratch CNN,ood,scratch_bc_128,avoid_spatial_narrow,avoid_reach,Obstacle-aware reach,spatial_distribution,Spatial distribution,narrow_train,50,2,avoid_spatial_edge_ood_eval,edge_ood_eval,150,0,0,1,22,0.0,0.0,0.006666666666666667,0.14666666666666667,0.13884876530617477,0.47608346161743004,400.0,results/bc_128px_v1/metrics/ood/metrics__scratch_bc_128__avoid_spatial_narrow__budget050__seed002__eval_avoid_spatial_edge_ood_eval.json,13.884876530617477,47.608346161743
scratch_cnn,Scratch CNN,ood,scratch_bc_128,avoid_spatial_narrow,avoid_reach,Obstacle-aware reach,spatial_distribution,Spatial distribution,narrow_train,100,0,avoid_spatial_edge_ood_eval,edge_ood_eval,150,2,6,14,32,0.013333333333333334,0.04,0.09333333333333334,0.21333333333333335,0.11595465094471971,0.27795160343249636,400.0,results/bc_128px_v1/metrics/ood/metrics__scratch_bc_128__avoid_spatial_narrow__budget100__seed000__eval_avoid_spatial_edge_ood_eval.json,11.59546509447197,27.795160343249638
scratch_cnn,Scratch CNN,ood,scratch_bc_128,avoid_spatial_narrow,avoid_reach,Obstacle-aware reach,spatial_distribution,Spatial distribution,narrow_train,200,0,avoid_spatial_edge_ood_eval,edge_ood_eval,150,0,1,13,41,0.0,0.006666666666666667,0.08666666666666667,0.2733333333333333,0.10841278851653138,0.26673948774735134,400.0,results/bc_128px_v1/metrics/ood/metrics__scratch_bc_128__avoid_spatial_narrow__budget200__seed000__eval_avoid_spatial_edge_ood_eval.json,10.841278851653138,26.673948774735134
scratch_cnn,Scratch CNN,ood,scratch_bc_128,avoid_spatial_wide,avoid_reach,Obstacle-aware reach,spatial_distribution,Spatial distribution,wide_train,5,0,avoid_spatial_edge_ood_eval,edge_ood_eval,150,0,3,10,32,0.0,0.02,0.06666666666666667,0.21333333333333335,0.1228993952119102,0.39614453464746474,400.0,results/bc_128px_v1/metrics/ood/metrics__scratch_bc_128__avoid_spatial_wide__budget005__seed000__eval_avoid_spatial_edge_ood_eval.json,12.289939521191021,39.614453464746475
scratch_cnn,Scratch CNN,ood,scratch_bc_128,avoid_spatial_wide,avoid_reach,Obstacle-aware reach,spatial_distribution,Spatial distribution,wide_train,5,1,avoid_spatial_edge_ood_eval,edge_ood_eval,150,1,10,25,42,0.006666666666666667,0.06666666666666667,0.16666666666666666,0.28,0.1112060075563689,0.3587111976991097,400.0,results/bc_128px_v1/metrics/ood/metrics__scratch_bc_128__avoid_spatial_wide__budget005__seed001__eval_avoid_spatial_edge_ood_eval.json,11.120600755636891,35.87111976991097
scratch_cnn,Scratch CNN,ood,scratch_bc_128,avoid_spatial_wide,avoid_reach,Obstacle-aware reach,spatial_distribution,Spatial distribution,wide_train,5,2,avoid_spatial_edge_ood_eval,edge_ood_eval,150,1,1,2,38,0.006666666666666667,0.006666666666666667,0.013333333333333334,0.25333333333333335,0.11946319389156997,0.23934300926824412,400.0,results/bc_128px_v1/metrics/ood/metrics__scratch_bc_128__avoid_spatial_wide__budget005__seed002__eval_avoid_spatial_edge_ood_eval.json,11.946319389156997,23.934300926824413
scratch_cnn,Scratch CNN,ood,scratch_bc_128,avoid_spatial_wide,avoid_reach,Obstacle-aware reach,spatial_distribution,Spatial distribution,wide_train,20,0,avoid_spatial_edge_ood_eval,edge_ood_eval,150,0,0,10,50,0.0,0.0,0.06666666666666667,0.3333333333333333,0.08077563887462019,0.42154050519069036,400.0,results/bc_128px_v1/metrics/ood/metrics__scratch_bc_128__avoid_spatial_wide__budget020__seed000__eval_avoid_spatial_edge_ood_eval.json,8.07756388746202,42.15405051906904
scratch_cnn,Scratch CNN,ood,scratch_bc_128,avoid_spatial_wide,avoid_reach,Obstacle-aware reach,spatial_distribution,Spatial distribution,wide_train,20,1,avoid_spatial_edge_ood_eval,edge_ood_eval,150,0,0,26,62,0.0,0.0,0.17333333333333334,0.41333333333333333,0.1033196557747821,0.6011351861308019,400.0,results/bc_128px_v1/metrics/ood/metrics__scratch_bc_128__avoid_spatial_wide__budget020__seed001__eval_avoid_spatial_edge_ood_eval.json,10.33196557747821,60.11351861308019
scratch_cnn,Scratch CNN,ood,scratch_bc_128,avoid_spatial_wide,avoid_reach,Obstacle-aware reach,spatial_distribution,Spatial distribution,wide_train,20,2,avoid_spatial_edge_ood_eval,edge_ood_eval,150,3,10,21,50,0.02,0.06666666666666667,0.14,0.3333333333333333,0.09405711656901986,0.5661244623859724,400.0,results/bc_128px_v1/metrics/ood/metrics__scratch_bc_128__avoid_spatial_wide__budget020__seed002__eval_avoid_spatial_edge_ood_eval.json,9.405711656901985,56.61244623859724
scratch_cnn,Scratch CNN,ood,scratch_bc_128,avoid_spatial_wide,avoid_reach,Obstacle-aware reach,spatial_distribution,Spatial distribution,wide_train,50,0,avoid_spatial_edge_ood_eval,edge_ood_eval,150,0,1,12,51,0.0,0.006666666666666667,0.08,0.34,0.09339098626747727,0.2881819357102116,400.0,results/bc_128px_v1/metrics/ood/metrics__scratch_bc_128__avoid_spatial_wide__budget050__seed000__eval_avoid_spatial_edge_ood_eval.json,9.339098626747727,28.818193571021162
scratch_cnn,Scratch CNN,ood,scratch_bc_128,avoid_spatial_wide,avoid_reach,Obstacle-aware reach,spatial_distribution,Spatial distribution,wide_train,50,1,avoid_spatial_edge_ood_eval,edge_ood_eval,150,1,3,14,44,0.006666666666666667,0.02,0.09333333333333334,0.29333333333333333,0.09302602143958211,0.28420148021231095,400.0,results/bc_128px_v1/metrics/ood/metrics__scratch_bc_128__avoid_spatial_wide__budget050__seed001__eval_avoid_spatial_edge_ood_eval.json,9.302602143958211,28.420148021231096
scratch_cnn,Scratch CNN,ood,scratch_bc_128,avoid_spatial_wide,avoid_reach,Obstacle-aware reach,spatial_distribution,Spatial distribution,wide_train,50,2,avoid_spatial_edge_ood_eval,edge_ood_eval,150,0,3,20,51,0.0,0.02,0.13333333333333333,0.34,0.10177869947006304,0.4306448878347874,400.0,results/bc_128px_v1/metrics/ood/metrics__scratch_bc_128__avoid_spatial_wide__budget050__seed002__eval_avoid_spatial_edge_ood_eval.json,10.177869947006304,43.06448878347874
scratch_cnn,Scratch CNN,ood,scratch_bc_128,avoid_spatial_wide,avoid_reach,Obstacle-aware reach,spatial_distribution,Spatial distribution,wide_train,100,0,avoid_spatial_edge_ood_eval,edge_ood_eval,150,5,16,35,68,0.03333333333333333,0.10666666666666667,0.23333333333333334,0.4533333333333333,0.06740958095372965,0.3960619203125437,400.0,results/bc_128px_v1/metrics/ood/metrics__scratch_bc_128__avoid_spatial_wide__budget100__seed000__eval_avoid_spatial_edge_ood_eval.json,6.740958095372965,39.60619203125437
scratch_cnn,Scratch CNN,ood,scratch_bc_128,avoid_spatial_wide,avoid_reach,Obstacle-aware reach,spatial_distribution,Spatial distribution,wide_train,200,0,avoid_spatial_edge_ood_eval,edge_ood_eval,150,0,1,48,103,0.0,0.006666666666666667,0.32,0.6866666666666666,0.055321706564476096,0.23457827565570671,400.0,results/bc_128px_v1/metrics/ood/metrics__scratch_bc_128__avoid_spatial_wide__budget200__seed000__eval_avoid_spatial_edge_ood_eval.json,5.53217065644761,23.45782756557067
scratch_cnn,Scratch CNN,ood,scratch_bc_128,camera_fixed,reach,Reach,camera_location_viewpoint,Camera viewpoint,fixed_train,5,0,camera_extreme_ood_eval,extreme_ood_eval,150,0,0,0,150,0.0,0.0,0.0,1.0,0.026684602523843446,0.26903769075870515,400.0,results/bc_128px_v1/metrics/ood/metrics__scratch_bc_128__camera_fixed__budget005__seed000__eval_camera_extreme_ood_eval.json,2.6684602523843446,26.903769075870514
scratch_cnn,Scratch CNN,ood,scratch_bc_128,camera_fixed,reach,Reach,camera_location_viewpoint,Camera viewpoint,fixed_train,5,1,camera_extreme_ood_eval,extreme_ood_eval,150,43,150,150,150,0.2866666666666667,1.0,1.0,1.0,0.005626662606373429,0.31435497999191286,400.0,results/bc_128px_v1/metrics/ood/metrics__scratch_bc_128__camera_fixed__budget005__seed001__eval_camera_extreme_ood_eval.json,0.5626662606373429,31.435497999191288
scratch_cnn,Scratch CNN,ood,scratch_bc_128,camera_fixed,reach,Reach,camera_location_viewpoint,Camera viewpoint,fixed_train,5,2,camera_extreme_ood_eval,extreme_ood_eval,150,0,0,150,150,0.0,0.0,1.0,1.0,0.011853602069119612,0.2786582060654958,400.0,results/bc_128px_v1/metrics/ood/metrics__scratch_bc_128__camera_fixed__budget005__seed002__eval_camera_extreme_ood_eval.json,1.1853602069119613,27.86582060654958
scratch_cnn,Scratch CNN,ood,scratch_bc_128,camera_fixed,reach,Reach,camera_location_viewpoint,Camera viewpoint,fixed_train,20,0,camera_extreme_ood_eval,extreme_ood_eval,150,0,150,150,150,0.0,1.0,1.0,1.0,0.0065500673496474825,0.028493716915448507,400.0,results/bc_128px_v1/metrics/ood/metrics__scratch_bc_128__camera_fixed__budget020__seed000__eval_camera_extreme_ood_eval.json,0.6550067349647483,2.849371691544851
scratch_cnn,Scratch CNN,ood,scratch_bc_128,camera_fixed,reach,Reach,camera_location_viewpoint,Camera viewpoint,fixed_train,20,1,camera_extreme_ood_eval,extreme_ood_eval,150,13,150,150,150,0.08666666666666667,1.0,1.0,1.0,0.0065087832013765974,0.13442751747866472,400.0,results/bc_128px_v1/metrics/ood/metrics__scratch_bc_128__camera_fixed__budget020__seed001__eval_camera_extreme_ood_eval.json,0.6508783201376598,13.442751747866472
scratch_cnn,Scratch CNN,ood,scratch_bc_128,camera_fixed,reach,Reach,camera_location_viewpoint,Camera viewpoint,fixed_train,20,2,camera_extreme_ood_eval,extreme_ood_eval,150,0,64,150,150,0.0,0.4266666666666667,1.0,1.0,0.01001227849473556,0.02305184313406547,400.0,results/bc_128px_v1/metrics/ood/metrics__scratch_bc_128__camera_fixed__budget020__seed002__eval_camera_extreme_ood_eval.json,1.001227849473556,2.305184313406547
scratch_cnn,Scratch CNN,ood,scratch_bc_128,camera_fixed,reach,Reach,camera_location_viewpoint,Camera viewpoint,fixed_train,50,0,camera_extreme_ood_eval,extreme_ood_eval,150,150,150,150,150,1.0,1.0,1.0,1.0,0.000990607154672034,0.01168646612961311,260.8,results/bc_128px_v1/metrics/ood/metrics__scratch_bc_128__camera_fixed__budget050__seed000__eval_camera_extreme_ood_eval.json,0.0990607154672034,1.168646612961311
scratch_cnn,Scratch CNN,ood,scratch_bc_128,camera_fixed,reach,Reach,camera_location_viewpoint,Camera viewpoint,fixed_train,50,1,camera_extreme_ood_eval,extreme_ood_eval,150,148,150,150,150,0.9866666666666667,1.0,1.0,1.0,0.0034551023117577037,0.023557968131887416,394.46,results/bc_128px_v1/metrics/ood/metrics__scratch_bc_128__camera_fixed__budget050__seed001__eval_camera_extreme_ood_eval.json,0.34551023117577034,2.3557968131887415
scratch_cnn,Scratch CNN,ood,scratch_bc_128,camera_fixed,reach,Reach,camera_location_viewpoint,Camera viewpoint,fixed_train,50,2,camera_extreme_ood_eval,extreme_ood_eval,150,0,150,150,150,0.0,1.0,1.0,1.0,0.006898143099000056,0.02758839312940836,400.0,results/bc_128px_v1/metrics/ood/metrics__scratch_bc_128__camera_fixed__budget050__seed002__eval_camera_extreme_ood_eval.json,0.6898143099000056,2.758839312940836
scratch_cnn,Scratch CNN,ood,scratch_bc_128,camera_fixed,reach,Reach,camera_location_viewpoint,Camera viewpoint,fixed_train,100,0,camera_extreme_ood_eval,extreme_ood_eval,150,150,150,150,150,1.0,1.0,1.0,1.0,0.0008581152711606895,0.013650034975532133,169.07333333333332,results/bc_128px_v1/metrics/ood/metrics__scratch_bc_128__camera_fixed__budget100__seed000__eval_camera_extreme_ood_eval.json,0.08581152711606894,1.3650034975532133
scratch_cnn,Scratch CNN,ood,scratch_bc_128,camera_fixed,reach,Reach,camera_location_viewpoint,Camera viewpoint,fixed_train,200,0,camera_extreme_ood_eval,extreme_ood_eval,150,150,150,150,150,1.0,1.0,1.0,1.0,0.003260935771589478,0.013958169172207515,400.0,results/bc_128px_v1/metrics/ood/metrics__scratch_bc_128__camera_fixed__budget200__seed000__eval_camera_extreme_ood_eval.json,0.3260935771589478,1.3958169172207515
scratch_cnn,Scratch CNN,ood,scratch_bc_128,camera_multi_pose,reach,Reach,camera_location_viewpoint,Camera viewpoint,diverse_train,5,0,camera_extreme_ood_eval,extreme_ood_eval,150,0,150,150,150,0.0,1.0,1.0,1.0,0.008921452549596627,0.270599049727122,400.0,results/bc_128px_v1/metrics/ood/metrics__scratch_bc_128__camera_multi_pose__budget005__seed000__eval_camera_extreme_ood_eval.json,0.8921452549596627,27.0599049727122
scratch_cnn,Scratch CNN,ood,scratch_bc_128,camera_multi_pose,reach,Reach,camera_location_viewpoint,Camera viewpoint,diverse_train,5,1,camera_extreme_ood_eval,extreme_ood_eval,150,0,150,150,150,0.0,1.0,1.0,1.0,0.00795576000896593,0.3351690425475438,400.0,results/bc_128px_v1/metrics/ood/metrics__scratch_bc_128__camera_multi_pose__budget005__seed001__eval_camera_extreme_ood_eval.json,0.795576000896593,33.51690425475438
scratch_cnn,Scratch CNN,ood,scratch_bc_128,camera_multi_pose,reach,Reach,camera_location_viewpoint,Camera viewpoint,diverse_train,5,2,camera_extreme_ood_eval,extreme_ood_eval,150,0,0,0,150,0.0,0.0,0.0,1.0,0.02924487297733625,0.24050631920496623,400.0,results/bc_128px_v1/metrics/ood/metrics__scratch_bc_128__camera_multi_pose__budget005__seed002__eval_camera_extreme_ood_eval.json,2.924487297733625,24.050631920496624
scratch_cnn,Scratch CNN,ood,scratch_bc_128,camera_multi_pose,reach,Reach,camera_location_viewpoint,Camera viewpoint,diverse_train,20,0,camera_extreme_ood_eval,extreme_ood_eval,150,0,150,150,150,0.0,1.0,1.0,1.0,0.006949001482377449,0.1703321890036265,400.0,results/bc_128px_v1/metrics/ood/metrics__scratch_bc_128__camera_multi_pose__budget020__seed000__eval_camera_extreme_ood_eval.json,0.6949001482377449,17.03321890036265
scratch_cnn,Scratch CNN,ood,scratch_bc_128,camera_multi_pose,reach,Reach,camera_location_viewpoint,Camera viewpoint,diverse_train,20,1,camera_extreme_ood_eval,extreme_ood_eval,150,0,150,150,150,0.0,1.0,1.0,1.0,0.0096353180706501,0.21660688350598017,400.0,results/bc_128px_v1/metrics/ood/metrics__scratch_bc_128__camera_multi_pose__budget020__seed001__eval_camera_extreme_ood_eval.json,0.9635318070650101,21.66068835059802
scratch_cnn,Scratch CNN,ood,scratch_bc_128,camera_multi_pose,reach,Reach,camera_location_viewpoint,Camera viewpoint,diverse_train,20,2,camera_extreme_ood_eval,extreme_ood_eval,150,0,38,150,150,0.0,0.25333333333333335,1.0,1.0,0.010522467574725549,0.02538833849132061,400.0,results/bc_128px_v1/metrics/ood/metrics__scratch_bc_128__camera_multi_pose__budget020__seed002__eval_camera_extreme_ood_eval.json,1.052246757472555,2.538833849132061
scratch_cnn,Scratch CNN,ood,scratch_bc_128,camera_multi_pose,reach,Reach,camera_location_viewpoint,Camera viewpoint,diverse_train,50,0,camera_extreme_ood_eval,extreme_ood_eval,150,150,150,150,150,1.0,1.0,1.0,1.0,0.004231517822481692,0.022727527990937232,400.0,results/bc_128px_v1/metrics/ood/metrics__scratch_bc_128__camera_multi_pose__budget050__seed000__eval_camera_extreme_ood_eval.json,0.4231517822481692,2.2727527990937233
scratch_cnn,Scratch CNN,ood,scratch_bc_128,camera_multi_pose,reach,Reach,camera_location_viewpoint,Camera viewpoint,diverse_train,50,1,camera_extreme_ood_eval,extreme_ood_eval,150,65,150,150,150,0.43333333333333335,1.0,1.0,1.0,0.004982469553748766,0.022236722745001315,400.0,results/bc_128px_v1/metrics/ood/metrics__scratch_bc_128__camera_multi_pose__budget050__seed001__eval_camera_extreme_ood_eval.json,0.4982469553748766,2.2236722745001316
scratch_cnn,Scratch CNN,ood,scratch_bc_128,camera_multi_pose,reach,Reach,camera_location_viewpoint,Camera viewpoint,diverse_train,50,2,camera_extreme_ood_eval,extreme_ood_eval,150,0,150,150,150,0.0,1.0,1.0,1.0,0.006410871176049113,0.020324951137105623,400.0,results/bc_128px_v1/metrics/ood/metrics__scratch_bc_128__camera_multi_pose__budget050__seed002__eval_camera_extreme_ood_eval.json,0.6410871176049113,2.0324951137105622
scratch_cnn,Scratch CNN,ood,scratch_bc_128,camera_multi_pose,reach,Reach,camera_location_viewpoint,Camera viewpoint,diverse_train,100,0,camera_extreme_ood_eval,extreme_ood_eval,150,150,150,150,150,1.0,1.0,1.0,1.0,0.0015689544488365452,0.02252706273148457,400.0,results/bc_128px_v1/metrics/ood/metrics__scratch_bc_128__camera_multi_pose__budget100__seed000__eval_camera_extreme_ood_eval.json,0.15689544488365453,2.252706273148457
scratch_cnn,Scratch CNN,ood,scratch_bc_128,camera_multi_pose,reach,Reach,camera_location_viewpoint,Camera viewpoint,diverse_train,200,0,camera_extreme_ood_eval,extreme_ood_eval,150,150,150,150,150,1.0,1.0,1.0,1.0,0.004937083624924223,0.015741794655720395,400.0,results/bc_128px_v1/metrics/ood/metrics__scratch_bc_128__camera_multi_pose__budget200__seed000__eval_camera_extreme_ood_eval.json,0.4937083624924223,1.5741794655720394
scratch_cnn,Scratch CNN,ood,scratch_bc_128,color_multi,reach,Reach,color,Color,diverse_train,5,0,color_ood_eval,ood_eval,150,150,150,150,150,1.0,1.0,1.0,1.0,0.004244275065138936,0.2347258191307386,400.0,results/bc_128px_v1/metrics/ood/metrics__scratch_bc_128__color_multi__budget005__seed000__eval_color_ood_eval.json,0.42442750651389366,23.47258191307386
scratch_cnn,Scratch CNN,ood,scratch_bc_128,color_multi,reach,Reach,color,Color,diverse_train,5,1,color_ood_eval,ood_eval,150,0,150,150,150,0.0,1.0,1.0,1.0,0.007529037287458778,0.3379889003435771,400.0,results/bc_128px_v1/metrics/ood/metrics__scratch_bc_128__color_multi__budget005__seed001__eval_color_ood_eval.json,0.7529037287458777,33.79889003435771
scratch_cnn,Scratch CNN,ood,scratch_bc_128,color_multi,reach,Reach,color,Color,diverse_train,5,2,color_ood_eval,ood_eval,150,0,0,150,150,0.0,0.0,1.0,1.0,0.019669725075364113,0.261068847378095,400.0,results/bc_128px_v1/metrics/ood/metrics__scratch_bc_128__color_multi__budget005__seed002__eval_color_ood_eval.json,1.9669725075364113,26.106884737809498
scratch_cnn,Scratch CNN,ood,scratch_bc_128,color_multi,reach,Reach,color,Color,diverse_train,20,0,color_ood_eval,ood_eval,150,150,150,150,150,1.0,1.0,1.0,1.0,0.004085170660788814,0.174041877190272,400.0,results/bc_128px_v1/metrics/ood/metrics__scratch_bc_128__color_multi__budget020__seed000__eval_color_ood_eval.json,0.40851706607888144,17.4041877190272
scratch_cnn,Scratch CNN,ood,scratch_bc_128,color_multi,reach,Reach,color,Color,diverse_train,20,1,color_ood_eval,ood_eval,150,0,150,150,150,0.0,1.0,1.0,1.0,0.009346953524897495,0.2739026939868927,400.0,results/bc_128px_v1/metrics/ood/metrics__scratch_bc_128__color_multi__budget020__seed001__eval_color_ood_eval.json,0.9346953524897496,27.39026939868927
scratch_cnn,Scratch CNN,ood,scratch_bc_128,color_multi,reach,Reach,color,Color,diverse_train,20,2,color_ood_eval,ood_eval,150,0,0,150,150,0.0,0.0,1.0,1.0,0.019439375263949236,0.20798652549584706,400.0,results/bc_128px_v1/metrics/ood/metrics__scratch_bc_128__color_multi__budget020__seed002__eval_color_ood_eval.json,1.9439375263949237,20.798652549584705
scratch_cnn,Scratch CNN,ood,scratch_bc_128,color_multi,reach,Reach,color,Color,diverse_train,50,0,color_ood_eval,ood_eval,150,150,150,150,150,1.0,1.0,1.0,1.0,0.002630862155929208,0.019247257622579735,400.0,results/bc_128px_v1/metrics/ood/metrics__scratch_bc_128__color_multi__budget050__seed000__eval_color_ood_eval.json,0.2630862155929208,1.9247257622579734
scratch_cnn,Scratch CNN,ood,scratch_bc_128,color_multi,reach,Reach,color,Color,diverse_train,50,1,color_ood_eval,ood_eval,150,118,150,150,150,0.7866666666666666,1.0,1.0,1.0,0.0041168465030690035,0.052494954926272236,400.0,results/bc_128px_v1/metrics/ood/metrics__scratch_bc_128__color_multi__budget050__seed001__eval_color_ood_eval.json,0.4116846503069004,5.249495492627224
scratch_cnn,Scratch CNN,ood,scratch_bc_128,color_multi,reach,Reach,color,Color,diverse_train,50,2,color_ood_eval,ood_eval,150,150,150,150,150,1.0,1.0,1.0,1.0,0.004131696449282268,0.09401966740687688,400.0,results/bc_128px_v1/metrics/ood/metrics__scratch_bc_128__color_multi__budget050__seed002__eval_color_ood_eval.json,0.41316964492822683,9.401966740687689
scratch_cnn,Scratch CNN,ood,scratch_bc_128,color_multi,reach,Reach,color,Color,diverse_train,100,0,color_ood_eval,ood_eval,150,111,150,150,150,0.74,1.0,1.0,1.0,0.004977792138233781,0.09677851339181265,400.0,results/bc_128px_v1/metrics/ood/metrics__scratch_bc_128__color_multi__budget100__seed000__eval_color_ood_eval.json,0.49777921382337814,9.677851339181265
scratch_cnn,Scratch CNN,ood,scratch_bc_128,color_multi,reach,Reach,color,Color,diverse_train,200,0,color_ood_eval,ood_eval,150,150,150,150,150,1.0,1.0,1.0,1.0,0.0012259894737508149,0.008007141783600673,257.8066666666667,results/bc_128px_v1/metrics/ood/metrics__scratch_bc_128__color_multi__budget200__seed000__eval_color_ood_eval.json,0.12259894737508148,0.8007141783600673
scratch_cnn,Scratch CNN,ood,scratch_bc_128,color_red_only,reach,Reach,color,Color,fixed_train,5,0,color_ood_eval,ood_eval,150,0,0,150,150,0.0,0.0,1.0,1.0,0.010812457278370857,0.27308039883772534,400.0,results/bc_128px_v1/metrics/ood/metrics__scratch_bc_128__color_red_only__budget005__seed000__eval_color_ood_eval.json,1.0812457278370857,27.308039883772533
scratch_cnn,Scratch CNN,ood,scratch_bc_128,color_red_only,reach,Reach,color,Color,fixed_train,5,1,color_ood_eval,ood_eval,150,150,150,150,150,1.0,1.0,1.0,1.0,0.0032829259258384505,0.329444667895635,400.0,results/bc_128px_v1/metrics/ood/metrics__scratch_bc_128__color_red_only__budget005__seed001__eval_color_ood_eval.json,0.3282925925838451,32.9444667895635
scratch_cnn,Scratch CNN,ood,scratch_bc_128,color_red_only,reach,Reach,color,Color,fixed_train,5,2,color_ood_eval,ood_eval,150,0,0,150,150,0.0,0.0,1.0,1.0,0.013162512605388959,0.2790565409262975,400.0,results/bc_128px_v1/metrics/ood/metrics__scratch_bc_128__color_red_only__budget005__seed002__eval_color_ood_eval.json,1.3162512605388959,27.90565409262975
scratch_cnn,Scratch CNN,ood,scratch_bc_128,color_red_only,reach,Reach,color,Color,fixed_train,20,0,color_ood_eval,ood_eval,150,0,150,150,150,0.0,1.0,1.0,1.0,0.006928109374518196,0.12870371942718825,400.0,results/bc_128px_v1/metrics/ood/metrics__scratch_bc_128__color_red_only__budget020__seed000__eval_color_ood_eval.json,0.6928109374518197,12.870371942718824
scratch_cnn,Scratch CNN,ood,scratch_bc_128,color_red_only,reach,Reach,color,Color,fixed_train,20,1,color_ood_eval,ood_eval,150,0,0,150,150,0.0,0.0,1.0,1.0,0.016055721106628576,0.16797207574049633,400.0,results/bc_128px_v1/metrics/ood/metrics__scratch_bc_128__color_red_only__budget020__seed001__eval_color_ood_eval.json,1.6055721106628575,16.797207574049633
scratch_cnn,Scratch CNN,ood,scratch_bc_128,color_red_only,reach,Reach,color,Color,fixed_train,20,2,color_ood_eval,ood_eval,150,0,0,150,150,0.0,0.0,1.0,1.0,0.01392239843805631,0.06945003293454648,400.0,results/bc_128px_v1/metrics/ood/metrics__scratch_bc_128__color_red_only__budget020__seed002__eval_color_ood_eval.json,1.3922398438056311,6.945003293454648
scratch_cnn,Scratch CNN,ood,scratch_bc_128,color_red_only,reach,Reach,color,Color,fixed_train,50,0,color_ood_eval,ood_eval,150,70,150,150,150,0.4666666666666667,1.0,1.0,1.0,0.005738282739184797,0.023360347805234292,330.08,results/bc_128px_v1/metrics/ood/metrics__scratch_bc_128__color_red_only__budget050__seed000__eval_color_ood_eval.json,0.5738282739184797,2.336034780523429
scratch_cnn,Scratch CNN,ood,scratch_bc_128,color_red_only,reach,Reach,color,Color,fixed_train,50,1,color_ood_eval,ood_eval,150,0,70,150,150,0.0,0.4666666666666667,1.0,1.0,0.012589033966263135,0.04039576591302951,400.0,results/bc_128px_v1/metrics/ood/metrics__scratch_bc_128__color_red_only__budget050__seed001__eval_color_ood_eval.json,1.2589033966263135,4.039576591302952
scratch_cnn,Scratch CNN,ood,scratch_bc_128,color_red_only,reach,Reach,color,Color,fixed_train,50,2,color_ood_eval,ood_eval,150,0,70,150,150,0.0,0.4666666666666667,1.0,1.0,0.012612995008627574,0.07429952302326759,400.0,results/bc_128px_v1/metrics/ood/metrics__scratch_bc_128__color_red_only__budget050__seed002__eval_color_ood_eval.json,1.2612995008627574,7.429952302326759
scratch_cnn,Scratch CNN,ood,scratch_bc_128,color_red_only,reach,Reach,color,Color,fixed_train,100,0,color_ood_eval,ood_eval,150,150,150,150,150,1.0,1.0,1.0,1.0,0.0008763250072176258,0.027649381505325435,199.89333333333335,results/bc_128px_v1/metrics/ood/metrics__scratch_bc_128__color_red_only__budget100__seed000__eval_color_ood_eval.json,0.08763250072176258,2.7649381505325437
scratch_cnn,Scratch CNN,ood,scratch_bc_128,color_red_only,reach,Reach,color,Color,fixed_train,200,0,color_ood_eval,ood_eval,150,38,150,150,150,0.25333333333333335,1.0,1.0,1.0,0.00653435565220813,0.022022151425480842,400.0,results/bc_128px_v1/metrics/ood/metrics__scratch_bc_128__color_red_only__budget200__seed000__eval_color_ood_eval.json,0.653435565220813,2.2022151425480843
scratch_cnn,Scratch CNN,ood,scratch_bc_128,lighting_diverse,reach,Reach,lighting_direction_intensity,Lighting,diverse_train,5,0,lighting_extreme_ood_eval,extreme_ood_eval,150,0,0,88,150,0.0,0.0,0.5866666666666667,1.0,0.014443768163522084,0.2721513787905375,400.0,results/bc_128px_v1/metrics/ood/metrics__scratch_bc_128__lighting_diverse__budget005__seed000__eval_lighting_extreme_ood_eval.json,1.4443768163522084,27.215137879053753
scratch_cnn,Scratch CNN,ood,scratch_bc_128,lighting_diverse,reach,Reach,lighting_direction_intensity,Lighting,diverse_train,5,1,lighting_extreme_ood_eval,extreme_ood_eval,150,0,88,150,150,0.0,0.5866666666666667,1.0,1.0,0.009699651263654232,0.20202206681172052,400.0,results/bc_128px_v1/metrics/ood/metrics__scratch_bc_128__lighting_diverse__budget005__seed001__eval_lighting_extreme_ood_eval.json,0.9699651263654232,20.20220668117205
scratch_cnn,Scratch CNN,ood,scratch_bc_128,lighting_diverse,reach,Reach,lighting_direction_intensity,Lighting,diverse_train,5,2,lighting_extreme_ood_eval,extreme_ood_eval,150,0,88,150,150,0.0,0.5866666666666667,1.0,1.0,0.010334529330333074,0.24555875976880392,400.0,results/bc_128px_v1/metrics/ood/metrics__scratch_bc_128__lighting_diverse__budget005__seed002__eval_lighting_extreme_ood_eval.json,1.0334529330333073,24.555875976880394
scratch_cnn,Scratch CNN,ood,scratch_bc_128,lighting_diverse,reach,Reach,lighting_direction_intensity,Lighting,diverse_train,20,0,lighting_extreme_ood_eval,extreme_ood_eval,150,0,62,150,150,0.0,0.41333333333333333,1.0,1.0,0.01071952293937405,0.16076672017574312,400.0,results/bc_128px_v1/metrics/ood/metrics__scratch_bc_128__lighting_diverse__budget020__seed000__eval_lighting_extreme_ood_eval.json,1.0719522939374049,16.07667201757431
scratch_cnn,Scratch CNN,ood,scratch_bc_128,lighting_diverse,reach,Reach,lighting_direction_intensity,Lighting,diverse_train,20,1,lighting_extreme_ood_eval,extreme_ood_eval,150,0,62,62,150,0.0,0.41333333333333333,0.41333333333333333,1.0,0.021127394698560238,0.07119553645451863,400.0,results/bc_128px_v1/metrics/ood/metrics__scratch_bc_128__lighting_diverse__budget020__seed001__eval_lighting_extreme_ood_eval.json,2.112739469856024,7.119553645451863
scratch_cnn,Scratch CNN,ood,scratch_bc_128,lighting_diverse,reach,Reach,lighting_direction_intensity,Lighting,diverse_train,20,2,lighting_extreme_ood_eval,extreme_ood_eval,150,88,88,150,150,0.5866666666666667,0.5866666666666667,1.0,1.0,0.005751820591588815,0.021959327881534894,400.0,results/bc_128px_v1/metrics/ood/metrics__scratch_bc_128__lighting_diverse__budget020__seed002__eval_lighting_extreme_ood_eval.json,0.5751820591588814,2.1959327881534896
scratch_cnn,Scratch CNN,ood,scratch_bc_128,lighting_diverse,reach,Reach,lighting_direction_intensity,Lighting,diverse_train,50,0,lighting_extreme_ood_eval,extreme_ood_eval,150,62,62,62,62,0.41333333333333333,0.41333333333333333,0.41333333333333333,0.41333333333333333,0.07920647887513041,0.203499392469724,400.0,results/bc_128px_v1/metrics/ood/metrics__scratch_bc_128__lighting_diverse__budget050__seed000__eval_lighting_extreme_ood_eval.json,7.920647887513041,20.3499392469724
scratch_cnn,Scratch CNN,ood,scratch_bc_128,lighting_diverse,reach,Reach,lighting_direction_intensity,Lighting,diverse_train,50,1,lighting_extreme_ood_eval,extreme_ood_eval,150,0,62,62,150,0.0,0.41333333333333333,0.41333333333333333,1.0,0.028308943392088014,0.03803094208240509,400.0,results/bc_128px_v1/metrics/ood/metrics__scratch_bc_128__lighting_diverse__budget050__seed001__eval_lighting_extreme_ood_eval.json,2.8308943392088013,3.8030942082405086
scratch_cnn,Scratch CNN,ood,scratch_bc_128,lighting_diverse,reach,Reach,lighting_direction_intensity,Lighting,diverse_train,50,2,lighting_extreme_ood_eval,extreme_ood_eval,150,0,34,150,150,0.0,0.22666666666666666,1.0,1.0,0.012188555573423703,0.05119112312793732,400.0,results/bc_128px_v1/metrics/ood/metrics__scratch_bc_128__lighting_diverse__budget050__seed002__eval_lighting_extreme_ood_eval.json,1.2188555573423703,5.119112312793732
scratch_cnn,Scratch CNN,ood,scratch_bc_128,lighting_diverse,reach,Reach,lighting_direction_intensity,Lighting,diverse_train,100,0,lighting_extreme_ood_eval,extreme_ood_eval,150,0,62,150,150,0.0,0.41333333333333333,1.0,1.0,0.010183663442730903,0.1953370507558187,400.0,results/bc_128px_v1/metrics/ood/metrics__scratch_bc_128__lighting_diverse__budget100__seed000__eval_lighting_extreme_ood_eval.json,1.0183663442730904,19.53370507558187
scratch_cnn,Scratch CNN,ood,scratch_bc_128,lighting_diverse,reach,Reach,lighting_direction_intensity,Lighting,diverse_train,200,0,lighting_extreme_ood_eval,extreme_ood_eval,150,28,150,150,150,0.18666666666666668,1.0,1.0,1.0,0.005193316855778297,0.10220931818087896,400.0,results/bc_128px_v1/metrics/ood/metrics__scratch_bc_128__lighting_diverse__budget200__seed000__eval_lighting_extreme_ood_eval.json,0.5193316855778297,10.220931818087896
scratch_cnn,Scratch CNN,ood,scratch_bc_128,lighting_fixed,reach,Reach,lighting_direction_intensity,Lighting,fixed_train,5,0,lighting_extreme_ood_eval,extreme_ood_eval,150,0,0,62,150,0.0,0.0,0.41333333333333333,1.0,0.030679573838909468,0.14025242229302723,400.0,results/bc_128px_v1/metrics/ood/metrics__scratch_bc_128__lighting_fixed__budget005__seed000__eval_lighting_extreme_ood_eval.json,3.067957383890947,14.025242229302723
scratch_cnn,Scratch CNN,ood,scratch_bc_128,lighting_fixed,reach,Reach,lighting_direction_intensity,Lighting,fixed_train,5,1,lighting_extreme_ood_eval,extreme_ood_eval,150,0,0,62,150,0.0,0.0,0.41333333333333333,1.0,0.03322949860244989,0.10530589898427327,400.0,results/bc_128px_v1/metrics/ood/metrics__scratch_bc_128__lighting_fixed__budget005__seed001__eval_lighting_extreme_ood_eval.json,3.3229498602449894,10.530589898427326
scratch_cnn,Scratch CNN,ood,scratch_bc_128,lighting_fixed,reach,Reach,lighting_direction_intensity,Lighting,fixed_train,5,2,lighting_extreme_ood_eval,extreme_ood_eval,150,0,0,88,150,0.0,0.0,0.5866666666666667,1.0,0.01966932845612367,0.25447205066680906,400.0,results/bc_128px_v1/metrics/ood/metrics__scratch_bc_128__lighting_fixed__budget005__seed002__eval_lighting_extreme_ood_eval.json,1.966932845612367,25.447205066680905
scratch_cnn,Scratch CNN,ood,scratch_bc_128,lighting_fixed,reach,Reach,lighting_direction_intensity,Lighting,fixed_train,20,0,lighting_extreme_ood_eval,extreme_ood_eval,150,0,88,88,150,0.0,0.5866666666666667,0.5866666666666667,1.0,0.015381167282660802,0.08085453793406487,400.0,results/bc_128px_v1/metrics/ood/metrics__scratch_bc_128__lighting_fixed__budget020__seed000__eval_lighting_extreme_ood_eval.json,1.5381167282660801,8.085453793406487
scratch_cnn,Scratch CNN,ood,scratch_bc_128,lighting_fixed,reach,Reach,lighting_direction_intensity,Lighting,fixed_train,20,1,lighting_extreme_ood_eval,extreme_ood_eval,150,88,88,88,122,0.5866666666666667,0.5866666666666667,0.5866666666666667,0.8133333333333334,0.03468232429896792,0.16061068058013916,400.0,results/bc_128px_v1/metrics/ood/metrics__scratch_bc_128__lighting_fixed__budget020__seed001__eval_lighting_extreme_ood_eval.json,3.468232429896792,16.061068058013916
scratch_cnn,Scratch CNN,ood,scratch_bc_128,lighting_fixed,reach,Reach,lighting_direction_intensity,Lighting,fixed_train,20,2,lighting_extreme_ood_eval,extreme_ood_eval,150,0,0,88,150,0.0,0.0,0.5866666666666667,1.0,0.015220192596316337,0.24250774423281352,400.0,results/bc_128px_v1/metrics/ood/metrics__scratch_bc_128__lighting_fixed__budget020__seed002__eval_lighting_extreme_ood_eval.json,1.5220192596316338,24.250774423281353
scratch_cnn,Scratch CNN,ood,scratch_bc_128,lighting_fixed,reach,Reach,lighting_direction_intensity,Lighting,fixed_train,50,0,lighting_extreme_ood_eval,extreme_ood_eval,150,0,62,62,110,0.0,0.41333333333333333,0.41333333333333333,0.7333333333333333,0.02942862225075563,0.12963780929644902,400.0,results/bc_128px_v1/metrics/ood/metrics__scratch_bc_128__lighting_fixed__budget050__seed000__eval_lighting_extreme_ood_eval.json,2.942862225075563,12.963780929644903
scratch_cnn,Scratch CNN,ood,scratch_bc_128,lighting_fixed,reach,Reach,lighting_direction_intensity,Lighting,fixed_train,50,1,lighting_extreme_ood_eval,extreme_ood_eval,150,62,62,62,150,0.41333333333333333,0.41333333333333333,0.41333333333333333,1.0,0.02180819649870197,0.03151929572224617,400.0,results/bc_128px_v1/metrics/ood/metrics__scratch_bc_128__lighting_fixed__budget050__seed001__eval_lighting_extreme_ood_eval.json,2.1808196498701973,3.151929572224617
scratch_cnn,Scratch CNN,ood,scratch_bc_128,lighting_fixed,reach,Reach,lighting_direction_intensity,Lighting,fixed_train,50,2,lighting_extreme_ood_eval,extreme_ood_eval,150,0,88,150,150,0.0,0.5866666666666667,1.0,1.0,0.010507714413106441,0.14990889728069307,400.0,results/bc_128px_v1/metrics/ood/metrics__scratch_bc_128__lighting_fixed__budget050__seed002__eval_lighting_extreme_ood_eval.json,1.0507714413106441,14.990889728069307
scratch_cnn,Scratch CNN,ood,scratch_bc_128,lighting_fixed,reach,Reach,lighting_direction_intensity,Lighting,fixed_train,100,0,lighting_extreme_ood_eval,extreme_ood_eval,150,0,34,62,62,0.0,0.22666666666666666,0.41333333333333333,0.41333333333333333,0.06156978273764253,0.2116329131523768,400.0,results/bc_128px_v1/metrics/ood/metrics__scratch_bc_128__lighting_fixed__budget100__seed000__eval_lighting_extreme_ood_eval.json,6.156978273764253,21.163291315237682
scratch_cnn,Scratch CNN,ood,scratch_bc_128,lighting_fixed,reach,Reach,lighting_direction_intensity,Lighting,fixed_train,200,0,lighting_extreme_ood_eval,extreme_ood_eval,150,150,150,150,150,1.0,1.0,1.0,1.0,0.002241270678738753,0.017481700231631595,400.0,results/bc_128px_v1/metrics/ood/metrics__scratch_bc_128__lighting_fixed__budget200__seed000__eval_lighting_extreme_ood_eval.json,0.22412706787387532,1.7481700231631596
scratch_cnn,Scratch CNN,ood,scratch_bc_128,spatial_narrow,reach,Reach,spatial_distribution,Spatial distribution,narrow_train,5,0,spatial_edge_ood_eval,edge_ood_eval,150,0,3,9,19,0.0,0.02,0.06,0.12666666666666668,0.1359711740196993,0.32459935029347736,400.0,results/bc_128px_v1/metrics/ood/metrics__scratch_bc_128__spatial_narrow__budget005__seed000__eval_spatial_edge_ood_eval.json,13.59711740196993,32.45993502934773
scratch_cnn,Scratch CNN,ood,scratch_bc_128,spatial_narrow,reach,Reach,spatial_distribution,Spatial distribution,narrow_train,5,1,spatial_edge_ood_eval,edge_ood_eval,150,0,0,3,12,0.0,0.0,0.02,0.08,0.13553938519830505,0.22946256039043267,400.0,results/bc_128px_v1/metrics/ood/metrics__scratch_bc_128__spatial_narrow__budget005__seed001__eval_spatial_edge_ood_eval.json,13.553938519830504,22.946256039043266
scratch_cnn,Scratch CNN,ood,scratch_bc_128,spatial_narrow,reach,Reach,spatial_distribution,Spatial distribution,narrow_train,5,2,spatial_edge_ood_eval,edge_ood_eval,150,0,1,5,19,0.0,0.006666666666666667,0.03333333333333333,0.12666666666666668,0.1380662131185333,0.3033962750931581,400.0,results/bc_128px_v1/metrics/ood/metrics__scratch_bc_128__spatial_narrow__budget005__seed002__eval_spatial_edge_ood_eval.json,13.806621311853329,30.339627509315807
scratch_cnn,Scratch CNN,ood,scratch_bc_128,spatial_narrow,reach,Reach,spatial_distribution,Spatial distribution,narrow_train,20,0,spatial_edge_ood_eval,edge_ood_eval,150,0,1,5,17,0.0,0.006666666666666667,0.03333333333333333,0.11333333333333333,0.1382186369597912,0.23740113196273646,400.0,results/bc_128px_v1/metrics/ood/metrics__scratch_bc_128__spatial_narrow__budget020__seed000__eval_spatial_edge_ood_eval.json,13.82186369597912,23.740113196273647
scratch_cnn,Scratch CNN,ood,scratch_bc_128,spatial_narrow,reach,Reach,spatial_distribution,Spatial distribution,narrow_train,20,1,spatial_edge_ood_eval,edge_ood_eval,150,0,3,11,24,0.0,0.02,0.07333333333333333,0.16,0.1310734391429772,0.29673493158072234,400.0,results/bc_128px_v1/metrics/ood/metrics__scratch_bc_128__spatial_narrow__budget020__seed001__eval_spatial_edge_ood_eval.json,13.10734391429772,29.673493158072233
scratch_cnn,Scratch CNN,ood,scratch_bc_128,spatial_narrow,reach,Reach,spatial_distribution,Spatial distribution,narrow_train,20,2,spatial_edge_ood_eval,edge_ood_eval,150,0,2,17,25,0.0,0.013333333333333334,0.11333333333333333,0.16666666666666666,0.13074152407857279,0.2741083927763005,400.0,results/bc_128px_v1/metrics/ood/metrics__scratch_bc_128__spatial_narrow__budget020__seed002__eval_spatial_edge_ood_eval.json,13.074152407857278,27.41083927763005
scratch_cnn,Scratch CNN,ood,scratch_bc_128,spatial_narrow,reach,Reach,spatial_distribution,Spatial distribution,narrow_train,50,0,spatial_edge_ood_eval,edge_ood_eval,150,3,11,24,40,0.02,0.07333333333333333,0.16,0.26666666666666666,0.13240731426049024,0.2230694815268119,400.0,results/bc_128px_v1/metrics/ood/metrics__scratch_bc_128__spatial_narrow__budget050__seed000__eval_spatial_edge_ood_eval.json,13.240731426049024,22.30694815268119
scratch_cnn,Scratch CNN,ood,scratch_bc_128,spatial_narrow,reach,Reach,spatial_distribution,Spatial distribution,narrow_train,50,1,spatial_edge_ood_eval,edge_ood_eval,150,1,3,16,26,0.006666666666666667,0.02,0.10666666666666667,0.17333333333333334,0.13881996637831132,0.3043729583049814,400.0,results/bc_128px_v1/metrics/ood/metrics__scratch_bc_128__spatial_narrow__budget050__seed001__eval_spatial_edge_ood_eval.json,13.881996637831131,30.43729583049814
scratch_cnn,Scratch CNN,ood,scratch_bc_128,spatial_narrow,reach,Reach,spatial_distribution,Spatial distribution,narrow_train,50,2,spatial_edge_ood_eval,edge_ood_eval,150,2,6,13,26,0.013333333333333334,0.04,0.08666666666666667,0.17333333333333334,0.13535456462142367,0.29966865309203666,400.0,results/bc_128px_v1/metrics/ood/metrics__scratch_bc_128__spatial_narrow__budget050__seed002__eval_spatial_edge_ood_eval.json,13.535456462142367,29.966865309203666
scratch_cnn,Scratch CNN,ood,scratch_bc_128,spatial_narrow,reach,Reach,spatial_distribution,Spatial distribution,narrow_train,100,0,spatial_edge_ood_eval,edge_ood_eval,150,6,17,44,53,0.04,0.11333333333333333,0.29333333333333333,0.35333333333333333,0.1279566861083731,0.17203257540240885,398.2866666666667,results/bc_128px_v1/metrics/ood/metrics__scratch_bc_128__spatial_narrow__budget100__seed000__eval_spatial_edge_ood_eval.json,12.79566861083731,17.203257540240884
scratch_cnn,Scratch CNN,ood,scratch_bc_128,spatial_narrow,reach,Reach,spatial_distribution,Spatial distribution,narrow_train,200,0,spatial_edge_ood_eval,edge_ood_eval,150,8,19,43,52,0.05333333333333334,0.12666666666666668,0.2866666666666667,0.3466666666666667,0.13076040510243425,0.15750700638629497,400.0,results/bc_128px_v1/metrics/ood/metrics__scratch_bc_128__spatial_narrow__budget200__seed000__eval_spatial_edge_ood_eval.json,13.076040510243425,15.750700638629498
scratch_cnn,Scratch CNN,ood,scratch_bc_128,spatial_wide,reach,Reach,spatial_distribution,Spatial distribution,wide_train,5,0,spatial_edge_ood_eval,edge_ood_eval,150,0,0,5,20,0.0,0.0,0.03333333333333333,0.13333333333333333,0.1381850759871304,0.2118525714923938,400.0,results/bc_128px_v1/metrics/ood/metrics__scratch_bc_128__spatial_wide__budget005__seed000__eval_spatial_edge_ood_eval.json,13.81850759871304,21.18525714923938
scratch_cnn,Scratch CNN,ood,scratch_bc_128,spatial_wide,reach,Reach,spatial_distribution,Spatial distribution,wide_train,5,1,spatial_edge_ood_eval,edge_ood_eval,150,0,1,5,28,0.0,0.006666666666666667,0.03333333333333333,0.18666666666666668,0.13161380637747547,0.35311876874417064,400.0,results/bc_128px_v1/metrics/ood/metrics__scratch_bc_128__spatial_wide__budget005__seed001__eval_spatial_edge_ood_eval.json,13.161380637747547,35.31187687441707
scratch_cnn,Scratch CNN,ood,scratch_bc_128,spatial_wide,reach,Reach,spatial_distribution,Spatial distribution,wide_train,5,2,spatial_edge_ood_eval,edge_ood_eval,150,0,0,0,18,0.0,0.0,0.0,0.12,0.1381099489082893,0.5003749716281891,400.0,results/bc_128px_v1/metrics/ood/metrics__scratch_bc_128__spatial_wide__budget005__seed002__eval_spatial_edge_ood_eval.json,13.810994890828928,50.03749716281891
scratch_cnn,Scratch CNN,ood,scratch_bc_128,spatial_wide,reach,Reach,spatial_distribution,Spatial distribution,wide_train,20,0,spatial_edge_ood_eval,edge_ood_eval,150,0,1,11,24,0.0,0.006666666666666667,0.07333333333333333,0.16,0.13809435039137802,0.3356489711875717,400.0,results/bc_128px_v1/metrics/ood/metrics__scratch_bc_128__spatial_wide__budget020__seed000__eval_spatial_edge_ood_eval.json,13.809435039137801,33.56489711875717
scratch_cnn,Scratch CNN,ood,scratch_bc_128,spatial_wide,reach,Reach,spatial_distribution,Spatial distribution,wide_train,20,1,spatial_edge_ood_eval,edge_ood_eval,150,1,7,19,58,0.006666666666666667,0.04666666666666667,0.12666666666666668,0.38666666666666666,0.09617996248571824,0.23909664439192663,398.12,results/bc_128px_v1/metrics/ood/metrics__scratch_bc_128__spatial_wide__budget020__seed001__eval_spatial_edge_ood_eval.json,9.617996248571824,23.909664439192664
scratch_cnn,Scratch CNN,ood,scratch_bc_128,spatial_wide,reach,Reach,spatial_distribution,Spatial distribution,wide_train,20,2,spatial_edge_ood_eval,edge_ood_eval,150,3,9,29,52,0.02,0.06,0.19333333333333333,0.3466666666666667,0.09289574386396755,0.24568719791481272,398.44666666666666,results/bc_128px_v1/metrics/ood/metrics__scratch_bc_128__spatial_wide__budget020__seed002__eval_spatial_edge_ood_eval.json,9.289574386396755,24.56871979148127
scratch_cnn,Scratch CNN,ood,scratch_bc_128,spatial_wide,reach,Reach,spatial_distribution,Spatial distribution,wide_train,50,0,spatial_edge_ood_eval,edge_ood_eval,150,2,3,21,52,0.013333333333333334,0.02,0.14,0.3466666666666667,0.09975557343025382,0.21395954066266618,400.0,results/bc_128px_v1/metrics/ood/metrics__scratch_bc_128__spatial_wide__budget050__seed000__eval_spatial_edge_ood_eval.json,9.975557343025383,21.39595406626662
scratch_cnn,Scratch CNN,ood,scratch_bc_128,spatial_wide,reach,Reach,spatial_distribution,Spatial distribution,wide_train,50,1,spatial_edge_ood_eval,edge_ood_eval,150,4,17,67,119,0.02666666666666667,0.11333333333333333,0.44666666666666666,0.7933333333333333,0.036097659079047544,0.07689362848798434,400.0,results/bc_128px_v1/metrics/ood/metrics__scratch_bc_128__spatial_wide__budget050__seed001__eval_spatial_edge_ood_eval.json,3.6097659079047544,7.689362848798434
scratch_cnn,Scratch CNN,ood,scratch_bc_128,spatial_wide,reach,Reach,spatial_distribution,Spatial distribution,wide_train,50,2,spatial_edge_ood_eval,edge_ood_eval,150,0,2,29,72,0.0,0.013333333333333334,0.19333333333333333,0.48,0.07635485964206358,0.1898403033055365,400.0,results/bc_128px_v1/metrics/ood/metrics__scratch_bc_128__spatial_wide__budget050__seed002__eval_spatial_edge_ood_eval.json,7.635485964206358,18.98403033055365
scratch_cnn,Scratch CNN,ood,scratch_bc_128,spatial_wide,reach,Reach,spatial_distribution,Spatial distribution,wide_train,100,0,spatial_edge_ood_eval,edge_ood_eval,150,6,21,51,76,0.04,0.14,0.34,0.5066666666666667,0.07407561510646095,0.12232842274010182,400.0,results/bc_128px_v1/metrics/ood/metrics__scratch_bc_128__spatial_wide__budget100__seed000__eval_spatial_edge_ood_eval.json,7.407561510646095,12.232842274010181
scratch_cnn,Scratch CNN,ood,scratch_bc_128,spatial_wide,reach,Reach,spatial_distribution,Spatial distribution,wide_train,200,0,spatial_edge_ood_eval,edge_ood_eval,150,2,10,34,83,0.013333333333333334,0.06666666666666667,0.22666666666666666,0.5533333333333333,0.061728623060820005,0.21174370621641478,400.0,results/bc_128px_v1/metrics/ood/metrics__scratch_bc_128__spatial_wide__budget200__seed000__eval_spatial_edge_ood_eval.json,6.172862306082001,21.17437062164148
frozen_resnet18,Frozen ResNet-18,id,frozen_resnet18_bc_128,avoid_camera_fixed,avoid_reach,Obstacle-aware reach,camera_location_viewpoint,Camera viewpoint,fixed_train,5,0,avoid_camera_fixed,fixed_train,150,0,0,0,150,0.0,0.0,0.0,1.0,0.039667580276727676,0.10172131657600403,400.0,results/frozen_resnet18_bc_128px_v1/metrics/id/metrics__frozen_resnet18_bc_128__avoid_camera_fixed__budget005__seed000__eval_avoid_camera_fixed.json,3.9667580276727676,10.172131657600403
frozen_resnet18,Frozen ResNet-18,id,frozen_resnet18_bc_128,avoid_camera_fixed,avoid_reach,Obstacle-aware reach,camera_location_viewpoint,Camera viewpoint,fixed_train,5,1,avoid_camera_fixed,fixed_train,150,0,0,0,0,0.0,0.0,0.0,0.0,0.05376845598220825,0.2082422822713852,400.0,results/frozen_resnet18_bc_128px_v1/metrics/id/metrics__frozen_resnet18_bc_128__avoid_camera_fixed__budget005__seed001__eval_avoid_camera_fixed.json,5.376845598220825,20.82422822713852
frozen_resnet18,Frozen ResNet-18,id,frozen_resnet18_bc_128,avoid_camera_fixed,avoid_reach,Obstacle-aware reach,camera_location_viewpoint,Camera viewpoint,fixed_train,5,2,avoid_camera_fixed,fixed_train,150,0,0,0,0,0.0,0.0,0.0,0.0,0.08497732877731323,0.15781144797801971,400.0,results/frozen_resnet18_bc_128px_v1/metrics/id/metrics__frozen_resnet18_bc_128__avoid_camera_fixed__budget005__seed002__eval_avoid_camera_fixed.json,8.497732877731323,15.781144797801971
frozen_resnet18,Frozen ResNet-18,id,frozen_resnet18_bc_128,avoid_camera_fixed,avoid_reach,Obstacle-aware reach,camera_location_viewpoint,Camera viewpoint,fixed_train,20,0,avoid_camera_fixed,fixed_train,150,0,0,0,150,0.0,0.0,0.0,1.0,0.03444170206785202,0.13703355193138123,400.0,results/frozen_resnet18_bc_128px_v1/metrics/id/metrics__frozen_resnet18_bc_128__avoid_camera_fixed__budget020__seed000__eval_avoid_camera_fixed.json,3.444170206785202,13.703355193138123
frozen_resnet18,Frozen ResNet-18,id,frozen_resnet18_bc_128,avoid_camera_fixed,avoid_reach,Obstacle-aware reach,camera_location_viewpoint,Camera viewpoint,fixed_train,20,1,avoid_camera_fixed,fixed_train,150,0,0,0,150,0.0,0.0,0.0,1.0,0.03231608495116234,0.13341867923736572,400.0,results/frozen_resnet18_bc_128px_v1/metrics/id/metrics__frozen_resnet18_bc_128__avoid_camera_fixed__budget020__seed001__eval_avoid_camera_fixed.json,3.231608495116234,13.341867923736572
frozen_resnet18,Frozen ResNet-18,id,frozen_resnet18_bc_128,avoid_camera_fixed,avoid_reach,Obstacle-aware reach,camera_location_viewpoint,Camera viewpoint,fixed_train,20,2,avoid_camera_fixed,fixed_train,150,0,0,0,150,0.0,0.0,0.0,1.0,0.038585495203733444,0.05549198016524315,400.0,results/frozen_resnet18_bc_128px_v1/metrics/id/metrics__frozen_resnet18_bc_128__avoid_camera_fixed__budget020__seed002__eval_avoid_camera_fixed.json,3.8585495203733444,5.549198016524315
frozen_resnet18,Frozen ResNet-18,id,frozen_resnet18_bc_128,avoid_camera_fixed,avoid_reach,Obstacle-aware reach,camera_location_viewpoint,Camera viewpoint,fixed_train,50,0,avoid_camera_fixed,fixed_train,150,0,0,0,150,0.0,0.0,0.0,1.0,0.03764408081769943,0.2656744122505188,400.0,results/frozen_resnet18_bc_128px_v1/metrics/id/metrics__frozen_resnet18_bc_128__avoid_camera_fixed__budget050__seed000__eval_avoid_camera_fixed.json,3.7644080817699432,26.56744122505188
frozen_resnet18,Frozen ResNet-18,id,frozen_resnet18_bc_128,avoid_camera_fixed,avoid_reach,Obstacle-aware reach,camera_location_viewpoint,Camera viewpoint,fixed_train,50,1,avoid_camera_fixed,fixed_train,150,0,0,0,150,0.0,0.0,0.0,1.0,0.03688683733344078,0.13101989030838013,400.0,results/frozen_resnet18_bc_128px_v1/metrics/id/metrics__frozen_resnet18_bc_128__avoid_camera_fixed__budget050__seed001__eval_avoid_camera_fixed.json,3.688683733344078,13.101989030838013
frozen_resnet18,Frozen ResNet-18,id,frozen_resnet18_bc_128,avoid_camera_fixed,avoid_reach,Obstacle-aware reach,camera_location_viewpoint,Camera viewpoint,fixed_train,50,2,avoid_camera_fixed,fixed_train,150,0,0,0,150,0.0,0.0,0.0,1.0,0.041951652616262436,0.054824765771627426,400.0,results/frozen_resnet18_bc_128px_v1/metrics/id/metrics__frozen_resnet18_bc_128__avoid_camera_fixed__budget050__seed002__eval_avoid_camera_fixed.json,4.195165261626244,5.482476577162743
frozen_resnet18,Frozen ResNet-18,id,frozen_resnet18_bc_128,avoid_camera_fixed,avoid_reach,Obstacle-aware reach,camera_location_viewpoint,Camera viewpoint,fixed_train,100,0,avoid_camera_fixed,fixed_train,150,0,0,0,150,0.0,0.0,0.0,1.0,0.03772420808672905,0.11383550614118576,400.0,results/frozen_resnet18_bc_128px_v1/metrics/id/metrics__frozen_resnet18_bc_128__avoid_camera_fixed__budget100__seed000__eval_avoid_camera_fixed.json,3.772420808672905,11.383550614118576
frozen_resnet18,Frozen ResNet-18,id,frozen_resnet18_bc_128,avoid_camera_fixed,avoid_reach,Obstacle-aware reach,camera_location_viewpoint,Camera viewpoint,fixed_train,200,0,avoid_camera_fixed,fixed_train,150,0,0,0,150,0.0,0.0,0.0,1.0,0.04135121777653694,0.14060896635055542,400.0,results/frozen_resnet18_bc_128px_v1/metrics/id/metrics__frozen_resnet18_bc_128__avoid_camera_fixed__budget200__seed000__eval_avoid_camera_fixed.json,4.135121777653694,14.060896635055542
frozen_resnet18,Frozen ResNet-18,id,frozen_resnet18_bc_128,avoid_camera_multi_pose,avoid_reach,Obstacle-aware reach,camera_location_viewpoint,Camera viewpoint,diverse_train,5,0,avoid_camera_multi_pose,diverse_train,150,0,0,0,16,0.0,0.0,0.0,0.10666666666666667,0.06204185776412487,0.17136339619755744,400.0,results/frozen_resnet18_bc_128px_v1/metrics/id/metrics__frozen_resnet18_bc_128__avoid_camera_multi_pose__budget005__seed000__eval_avoid_camera_multi_pose.json,6.204185776412487,17.136339619755745
frozen_resnet18,Frozen ResNet-18,id,frozen_resnet18_bc_128,avoid_camera_multi_pose,avoid_reach,Obstacle-aware reach,camera_location_viewpoint,Camera viewpoint,diverse_train,5,1,avoid_camera_multi_pose,diverse_train,150,0,0,0,108,0.0,0.0,0.0,0.72,0.054110778346657756,0.07060023059447607,400.0,results/frozen_resnet18_bc_128px_v1/metrics/id/metrics__frozen_resnet18_bc_128__avoid_camera_multi_pose__budget005__seed001__eval_avoid_camera_multi_pose.json,5.411077834665775,7.060023059447607
frozen_resnet18,Frozen ResNet-18,id,frozen_resnet18_bc_128,avoid_camera_multi_pose,avoid_reach,Obstacle-aware reach,camera_location_viewpoint,Camera viewpoint,diverse_train,5,2,avoid_camera_multi_pose,diverse_train,150,0,0,0,56,0.0,0.0,0.0,0.37333333333333335,0.051983371997872986,0.09475978285074234,400.0,results/frozen_resnet18_bc_128px_v1/metrics/id/metrics__frozen_resnet18_bc_128__avoid_camera_multi_pose__budget005__seed002__eval_avoid_camera_multi_pose.json,5.198337199787298,9.475978285074234
frozen_resnet18,Frozen ResNet-18,id,frozen_resnet18_bc_128,avoid_camera_multi_pose,avoid_reach,Obstacle-aware reach,camera_location_viewpoint,Camera viewpoint,diverse_train,20,0,avoid_camera_multi_pose,diverse_train,150,0,0,0,19,0.0,0.0,0.0,0.12666666666666668,0.17613999428848426,0.41855955101549625,400.0,results/frozen_resnet18_bc_128px_v1/metrics/id/metrics__frozen_resnet18_bc_128__avoid_camera_multi_pose__budget020__seed000__eval_avoid_camera_multi_pose.json,17.613999428848427,41.855955101549625
frozen_resnet18,Frozen ResNet-18,id,frozen_resnet18_bc_128,avoid_camera_multi_pose,avoid_reach,Obstacle-aware reach,camera_location_viewpoint,Camera viewpoint,diverse_train,20,1,avoid_camera_multi_pose,diverse_train,150,0,0,0,138,0.0,0.0,0.0,0.92,0.04379171053568522,0.12743129407366116,400.0,results/frozen_resnet18_bc_128px_v1/metrics/id/metrics__frozen_resnet18_bc_128__avoid_camera_multi_pose__budget020__seed001__eval_avoid_camera_multi_pose.json,4.379171053568522,12.743129407366116
frozen_resnet18,Frozen ResNet-18,id,frozen_resnet18_bc_128,avoid_camera_multi_pose,avoid_reach,Obstacle-aware reach,camera_location_viewpoint,Camera viewpoint,diverse_train,20,2,avoid_camera_multi_pose,diverse_train,150,0,0,0,146,0.0,0.0,0.0,0.9733333333333334,0.04316781163215637,0.10977542549371719,400.0,results/frozen_resnet18_bc_128px_v1/metrics/id/metrics__frozen_resnet18_bc_128__avoid_camera_multi_pose__budget020__seed002__eval_avoid_camera_multi_pose.json,4.316781163215637,10.97754254937172
frozen_resnet18,Frozen ResNet-18,id,frozen_resnet18_bc_128,avoid_camera_multi_pose,avoid_reach,Obstacle-aware reach,camera_location_viewpoint,Camera viewpoint,diverse_train,50,0,avoid_camera_multi_pose,diverse_train,150,0,0,0,150,0.0,0.0,0.0,1.0,0.0330635504797101,0.14439115981260936,400.0,results/frozen_resnet18_bc_128px_v1/metrics/id/metrics__frozen_resnet18_bc_128__avoid_camera_multi_pose__budget050__seed000__eval_avoid_camera_multi_pose.json,3.30635504797101,14.439115981260937
frozen_resnet18,Frozen ResNet-18,id,frozen_resnet18_bc_128,avoid_camera_multi_pose,avoid_reach,Obstacle-aware reach,camera_location_viewpoint,Camera viewpoint,diverse_train,50,1,avoid_camera_multi_pose,diverse_train,150,0,0,0,150,0.0,0.0,0.0,1.0,0.03863004726668199,0.1463322976231575,400.0,results/frozen_resnet18_bc_128px_v1/metrics/id/metrics__frozen_resnet18_bc_128__avoid_camera_multi_pose__budget050__seed001__eval_avoid_camera_multi_pose.json,3.863004726668199,14.63322976231575
frozen_resnet18,Frozen ResNet-18,id,frozen_resnet18_bc_128,avoid_camera_multi_pose,avoid_reach,Obstacle-aware reach,camera_location_viewpoint,Camera viewpoint,diverse_train,50,2,avoid_camera_multi_pose,diverse_train,150,0,0,0,150,0.0,0.0,0.0,1.0,0.0407276925444603,0.11588173277676106,400.0,results/frozen_resnet18_bc_128px_v1/metrics/id/metrics__frozen_resnet18_bc_128__avoid_camera_multi_pose__budget050__seed002__eval_avoid_camera_multi_pose.json,4.07276925444603,11.588173277676105
frozen_resnet18,Frozen ResNet-18,id,frozen_resnet18_bc_128,avoid_camera_multi_pose,avoid_reach,Obstacle-aware reach,camera_location_viewpoint,Camera viewpoint,diverse_train,100,0,avoid_camera_multi_pose,diverse_train,150,0,0,0,150,0.0,0.0,0.0,1.0,0.04218785134454568,0.15926751186450322,400.0,results/frozen_resnet18_bc_128px_v1/metrics/id/metrics__frozen_resnet18_bc_128__avoid_camera_multi_pose__budget100__seed000__eval_avoid_camera_multi_pose.json,4.218785134454568,15.926751186450321
frozen_resnet18,Frozen ResNet-18,id,frozen_resnet18_bc_128,avoid_camera_multi_pose,avoid_reach,Obstacle-aware reach,camera_location_viewpoint,Camera viewpoint,diverse_train,200,0,avoid_camera_multi_pose,diverse_train,150,0,0,0,150,0.0,0.0,0.0,1.0,0.038374604980150856,0.10949830460051696,400.0,results/frozen_resnet18_bc_128px_v1/metrics/id/metrics__frozen_resnet18_bc_128__avoid_camera_multi_pose__budget200__seed000__eval_avoid_camera_multi_pose.json,3.8374604980150857,10.949830460051697
frozen_resnet18,Frozen ResNet-18,id,frozen_resnet18_bc_128,avoid_color_multi,avoid_reach,Obstacle-aware reach,color,Color,diverse_train,5,0,avoid_color_multi,diverse_train,150,0,0,0,109,0.0,0.0,0.0,0.7266666666666667,0.08682786372800667,0.18474838614463807,400.0,results/frozen_resnet18_bc_128px_v1/metrics/id/metrics__frozen_resnet18_bc_128__avoid_color_multi__budget005__seed000__eval_avoid_color_multi.json,8.682786372800667,18.474838614463806
frozen_resnet18,Frozen ResNet-18,id,frozen_resnet18_bc_128,avoid_color_multi,avoid_reach,Obstacle-aware reach,color,Color,diverse_train,5,1,avoid_color_multi,diverse_train,150,0,0,0,150,0.0,0.0,0.0,1.0,0.04408722010751565,0.1274690789729357,400.0,results/frozen_resnet18_bc_128px_v1/metrics/id/metrics__frozen_resnet18_bc_128__avoid_color_multi__budget005__seed001__eval_avoid_color_multi.json,4.408722010751565,12.74690789729357
frozen_resnet18,Frozen ResNet-18,id,frozen_resnet18_bc_128,avoid_color_multi,avoid_reach,Obstacle-aware reach,color,Color,diverse_train,5,2,avoid_color_multi,diverse_train,150,0,0,0,150,0.0,0.0,0.0,1.0,0.047143443201979,0.04909081620474656,400.0,results/frozen_resnet18_bc_128px_v1/metrics/id/metrics__frozen_resnet18_bc_128__avoid_color_multi__budget005__seed002__eval_avoid_color_multi.json,4.714344320197901,4.909081620474656
frozen_resnet18,Frozen ResNet-18,id,frozen_resnet18_bc_128,avoid_color_multi,avoid_reach,Obstacle-aware reach,color,Color,diverse_train,20,0,avoid_color_multi,diverse_train,150,0,0,0,41,0.0,0.0,0.0,0.2733333333333333,0.15044748122493426,0.37229245776931447,400.0,results/frozen_resnet18_bc_128px_v1/metrics/id/metrics__frozen_resnet18_bc_128__avoid_color_multi__budget020__seed000__eval_avoid_color_multi.json,15.044748122493425,37.22924577693145
frozen_resnet18,Frozen ResNet-18,id,frozen_resnet18_bc_128,avoid_color_multi,avoid_reach,Obstacle-aware reach,color,Color,diverse_train,20,1,avoid_color_multi,diverse_train,150,0,0,0,150,0.0,0.0,0.0,1.0,0.04695645255347093,0.07750491507351398,400.0,results/frozen_resnet18_bc_128px_v1/metrics/id/metrics__frozen_resnet18_bc_128__avoid_color_multi__budget020__seed001__eval_avoid_color_multi.json,4.6956452553470935,7.7504915073513985
frozen_resnet18,Frozen ResNet-18,id,frozen_resnet18_bc_128,avoid_color_multi,avoid_reach,Obstacle-aware reach,color,Color,diverse_train,20,2,avoid_color_multi,diverse_train,150,0,0,0,150,0.0,0.0,0.0,1.0,0.03523136662940184,0.1428631365299225,400.0,results/frozen_resnet18_bc_128px_v1/metrics/id/metrics__frozen_resnet18_bc_128__avoid_color_multi__budget020__seed002__eval_avoid_color_multi.json,3.523136662940184,14.28631365299225
frozen_resnet18,Frozen ResNet-18,id,frozen_resnet18_bc_128,avoid_color_multi,avoid_reach,Obstacle-aware reach,color,Color,diverse_train,50,0,avoid_color_multi,diverse_train,150,0,0,0,150,0.0,0.0,0.0,1.0,0.04232588912049929,0.1669238168001175,400.0,results/frozen_resnet18_bc_128px_v1/metrics/id/metrics__frozen_resnet18_bc_128__avoid_color_multi__budget050__seed000__eval_avoid_color_multi.json,4.232588912049929,16.69238168001175
frozen_resnet18,Frozen ResNet-18,id,frozen_resnet18_bc_128,avoid_color_multi,avoid_reach,Obstacle-aware reach,color,Color,diverse_train,50,1,avoid_color_multi,diverse_train,150,0,0,0,150,0.0,0.0,0.0,1.0,0.04132925147811572,0.10357723101973533,400.0,results/frozen_resnet18_bc_128px_v1/metrics/id/metrics__frozen_resnet18_bc_128__avoid_color_multi__budget050__seed001__eval_avoid_color_multi.json,4.132925147811572,10.357723101973534
frozen_resnet18,Frozen ResNet-18,id,frozen_resnet18_bc_128,avoid_color_multi,avoid_reach,Obstacle-aware reach,color,Color,diverse_train,50,2,avoid_color_multi,diverse_train,150,0,0,0,150,0.0,0.0,0.0,1.0,0.04041924327611923,0.05620985006292661,400.0,results/frozen_resnet18_bc_128px_v1/metrics/id/metrics__frozen_resnet18_bc_128__avoid_color_multi__budget050__seed002__eval_avoid_color_multi.json,4.041924327611923,5.620985006292661
frozen_resnet18,Frozen ResNet-18,id,frozen_resnet18_bc_128,avoid_color_multi,avoid_reach,Obstacle-aware reach,color,Color,diverse_train,100,0,avoid_color_multi,diverse_train,150,0,0,0,150,0.0,0.0,0.0,1.0,0.03722782902419567,0.14210176289081575,400.0,results/frozen_resnet18_bc_128px_v1/metrics/id/metrics__frozen_resnet18_bc_128__avoid_color_multi__budget100__seed000__eval_avoid_color_multi.json,3.722782902419567,14.210176289081575
frozen_resnet18,Frozen ResNet-18,id,frozen_resnet18_bc_128,avoid_color_multi,avoid_reach,Obstacle-aware reach,color,Color,diverse_train,200,0,avoid_color_multi,diverse_train,150,0,0,0,150,0.0,0.0,0.0,1.0,0.0383701274295648,0.1381857427954674,400.0,results/frozen_resnet18_bc_128px_v1/metrics/id/metrics__frozen_resnet18_bc_128__avoid_color_multi__budget200__seed000__eval_avoid_color_multi.json,3.8370127429564795,13.81857427954674
frozen_resnet18,Frozen ResNet-18,id,frozen_resnet18_bc_128,avoid_color_red_only,avoid_reach,Obstacle-aware reach,color,Color,fixed_train,5,0,avoid_color_red_only,fixed_train,150,0,0,0,150,0.0,0.0,0.0,1.0,0.039667580276727676,0.10172131657600403,400.0,results/frozen_resnet18_bc_128px_v1/metrics/id/metrics__frozen_resnet18_bc_128__avoid_color_red_only__budget005__seed000__eval_avoid_color_red_only.json,3.9667580276727676,10.172131657600403
frozen_resnet18,Frozen ResNet-18,id,frozen_resnet18_bc_128,avoid_color_red_only,avoid_reach,Obstacle-aware reach,color,Color,fixed_train,5,1,avoid_color_red_only,fixed_train,150,0,0,0,0,0.0,0.0,0.0,0.0,0.05376845598220825,0.2082422822713852,400.0,results/frozen_resnet18_bc_128px_v1/metrics/id/metrics__frozen_resnet18_bc_128__avoid_color_red_only__budget005__seed001__eval_avoid_color_red_only.json,5.376845598220825,20.82422822713852
frozen_resnet18,Frozen ResNet-18,id,frozen_resnet18_bc_128,avoid_color_red_only,avoid_reach,Obstacle-aware reach,color,Color,fixed_train,5,2,avoid_color_red_only,fixed_train,150,0,0,0,0,0.0,0.0,0.0,0.0,0.08497732877731323,0.15781144797801971,400.0,results/frozen_resnet18_bc_128px_v1/metrics/id/metrics__frozen_resnet18_bc_128__avoid_color_red_only__budget005__seed002__eval_avoid_color_red_only.json,8.497732877731323,15.781144797801971
frozen_resnet18,Frozen ResNet-18,id,frozen_resnet18_bc_128,avoid_color_red_only,avoid_reach,Obstacle-aware reach,color,Color,fixed_train,20,0,avoid_color_red_only,fixed_train,150,0,0,0,150,0.0,0.0,0.0,1.0,0.03444170206785202,0.13703355193138123,400.0,results/frozen_resnet18_bc_128px_v1/metrics/id/metrics__frozen_resnet18_bc_128__avoid_color_red_only__budget020__seed000__eval_avoid_color_red_only.json,3.444170206785202,13.703355193138123
frozen_resnet18,Frozen ResNet-18,id,frozen_resnet18_bc_128,avoid_color_red_only,avoid_reach,Obstacle-aware reach,color,Color,fixed_train,20,1,avoid_color_red_only,fixed_train,150,0,0,0,150,0.0,0.0,0.0,1.0,0.03231608495116234,0.13341867923736572,400.0,results/frozen_resnet18_bc_128px_v1/metrics/id/metrics__frozen_resnet18_bc_128__avoid_color_red_only__budget020__seed001__eval_avoid_color_red_only.json,3.231608495116234,13.341867923736572
frozen_resnet18,Frozen ResNet-18,id,frozen_resnet18_bc_128,avoid_color_red_only,avoid_reach,Obstacle-aware reach,color,Color,fixed_train,20,2,avoid_color_red_only,fixed_train,150,0,0,0,150,0.0,0.0,0.0,1.0,0.038585495203733444,0.05549198016524315,400.0,results/frozen_resnet18_bc_128px_v1/metrics/id/metrics__frozen_resnet18_bc_128__avoid_color_red_only__budget020__seed002__eval_avoid_color_red_only.json,3.8585495203733444,5.549198016524315
frozen_resnet18,Frozen ResNet-18,id,frozen_resnet18_bc_128,avoid_color_red_only,avoid_reach,Obstacle-aware reach,color,Color,fixed_train,50,0,avoid_color_red_only,fixed_train,150,0,0,0,150,0.0,0.0,0.0,1.0,0.03764408081769943,0.2656744122505188,400.0,results/frozen_resnet18_bc_128px_v1/metrics/id/metrics__frozen_resnet18_bc_128__avoid_color_red_only__budget050__seed000__eval_avoid_color_red_only.json,3.7644080817699432,26.56744122505188
frozen_resnet18,Frozen ResNet-18,id,frozen_resnet18_bc_128,avoid_color_red_only,avoid_reach,Obstacle-aware reach,color,Color,fixed_train,50,1,avoid_color_red_only,fixed_train,150,0,0,0,150,0.0,0.0,0.0,1.0,0.03688683733344078,0.13101989030838013,400.0,results/frozen_resnet18_bc_128px_v1/metrics/id/metrics__frozen_resnet18_bc_128__avoid_color_red_only__budget050__seed001__eval_avoid_color_red_only.json,3.688683733344078,13.101989030838013
frozen_resnet18,Frozen ResNet-18,id,frozen_resnet18_bc_128,avoid_color_red_only,avoid_reach,Obstacle-aware reach,color,Color,fixed_train,50,2,avoid_color_red_only,fixed_train,150,0,0,0,150,0.0,0.0,0.0,1.0,0.041951652616262436,0.054824765771627426,400.0,results/frozen_resnet18_bc_128px_v1/metrics/id/metrics__frozen_resnet18_bc_128__avoid_color_red_only__budget050__seed002__eval_avoid_color_red_only.json,4.195165261626244,5.482476577162743
frozen_resnet18,Frozen ResNet-18,id,frozen_resnet18_bc_128,avoid_color_red_only,avoid_reach,Obstacle-aware reach,color,Color,fixed_train,100,0,avoid_color_red_only,fixed_train,150,0,0,0,150,0.0,0.0,0.0,1.0,0.03772420808672905,0.11383550614118576,400.0,results/frozen_resnet18_bc_128px_v1/metrics/id/metrics__frozen_resnet18_bc_128__avoid_color_red_only__budget100__seed000__eval_avoid_color_red_only.json,3.772420808672905,11.383550614118576
frozen_resnet18,Frozen ResNet-18,id,frozen_resnet18_bc_128,avoid_color_red_only,avoid_reach,Obstacle-aware reach,color,Color,fixed_train,200,0,avoid_color_red_only,fixed_train,150,0,0,0,150,0.0,0.0,0.0,1.0,0.04135121777653694,0.14060896635055542,400.0,results/frozen_resnet18_bc_128px_v1/metrics/id/metrics__frozen_resnet18_bc_128__avoid_color_red_only__budget200__seed000__eval_avoid_color_red_only.json,4.135121777653694,14.060896635055542
frozen_resnet18,Frozen ResNet-18,id,frozen_resnet18_bc_128,avoid_lighting_diverse,avoid_reach,Obstacle-aware reach,lighting_direction_intensity,Lighting,diverse_train,5,0,avoid_lighting_diverse,diverse_train,150,0,13,25,95,0.0,0.08666666666666667,0.16666666666666666,0.6333333333333333,0.039712863406166435,0.16900757908821107,400.0,results/frozen_resnet18_bc_128px_v1/metrics/id/metrics__frozen_resnet18_bc_128__avoid_lighting_diverse__budget005__seed000__eval_avoid_lighting_diverse.json,3.9712863406166434,16.900757908821106
frozen_resnet18,Frozen ResNet-18,id,frozen_resnet18_bc_128,avoid_lighting_diverse,avoid_reach,Obstacle-aware reach,lighting_direction_intensity,Lighting,diverse_train,5,1,avoid_lighting_diverse,diverse_train,150,0,0,0,34,0.0,0.0,0.0,0.22666666666666666,0.08980828752120336,0.1118804042538007,400.0,results/frozen_resnet18_bc_128px_v1/metrics/id/metrics__frozen_resnet18_bc_128__avoid_lighting_diverse__budget005__seed001__eval_avoid_lighting_diverse.json,8.980828752120336,11.18804042538007
frozen_resnet18,Frozen ResNet-18,id,frozen_resnet18_bc_128,avoid_lighting_diverse,avoid_reach,Obstacle-aware reach,lighting_direction_intensity,Lighting,diverse_train,5,2,avoid_lighting_diverse,diverse_train,150,14,39,54,90,0.09333333333333334,0.26,0.36,0.6,0.058469955657298366,0.268454020768404,400.0,results/frozen_resnet18_bc_128px_v1/metrics/id/metrics__frozen_resnet18_bc_128__avoid_lighting_diverse__budget005__seed002__eval_avoid_lighting_diverse.json,5.846995565729837,26.8454020768404
frozen_resnet18,Frozen ResNet-18,id,frozen_resnet18_bc_128,avoid_lighting_diverse,avoid_reach,Obstacle-aware reach,lighting_direction_intensity,Lighting,diverse_train,20,0,avoid_lighting_diverse,diverse_train,150,0,43,130,150,0.0,0.2866666666666667,0.8666666666666667,1.0,0.013557574916630984,0.37194204062223435,400.0,results/frozen_resnet18_bc_128px_v1/metrics/id/metrics__frozen_resnet18_bc_128__avoid_lighting_diverse__budget020__seed000__eval_avoid_lighting_diverse.json,1.3557574916630983,37.194204062223434
frozen_resnet18,Frozen ResNet-18,id,frozen_resnet18_bc_128,avoid_lighting_diverse,avoid_reach,Obstacle-aware reach,lighting_direction_intensity,Lighting,diverse_train,20,1,avoid_lighting_diverse,diverse_train,150,0,0,0,150,0.0,0.0,0.0,1.0,0.04143131156762441,0.09946468320985635,400.0,results/frozen_resnet18_bc_128px_v1/metrics/id/metrics__frozen_resnet18_bc_128__avoid_lighting_diverse__budget020__seed001__eval_avoid_lighting_diverse.json,4.143131156762441,9.946468320985636
frozen_resnet18,Frozen ResNet-18,id,frozen_resnet18_bc_128,avoid_lighting_diverse,avoid_reach,Obstacle-aware reach,lighting_direction_intensity,Lighting,diverse_train,20,2,avoid_lighting_diverse,diverse_train,150,0,63,80,150,0.0,0.42,0.5333333333333333,1.0,0.01801185249350965,0.19914996405442556,400.0,results/frozen_resnet18_bc_128px_v1/metrics/id/metrics__frozen_resnet18_bc_128__avoid_lighting_diverse__budget020__seed002__eval_avoid_lighting_diverse.json,1.8011852493509652,19.914996405442555
frozen_resnet18,Frozen ResNet-18,id,frozen_resnet18_bc_128,avoid_lighting_diverse,avoid_reach,Obstacle-aware reach,lighting_direction_intensity,Lighting,diverse_train,50,0,avoid_lighting_diverse,diverse_train,150,0,0,0,150,0.0,0.0,0.0,1.0,0.02997258783628543,0.12738804993530115,400.0,results/frozen_resnet18_bc_128px_v1/metrics/id/metrics__frozen_resnet18_bc_128__avoid_lighting_diverse__budget050__seed000__eval_avoid_lighting_diverse.json,2.9972587836285434,12.738804993530115
frozen_resnet18,Frozen ResNet-18,id,frozen_resnet18_bc_128,avoid_lighting_diverse,avoid_reach,Obstacle-aware reach,lighting_direction_intensity,Lighting,diverse_train,50,1,avoid_lighting_diverse,diverse_train,150,0,0,0,150,0.0,0.0,0.0,1.0,0.03956280987709761,0.13979202677806218,400.0,results/frozen_resnet18_bc_128px_v1/metrics/id/metrics__frozen_resnet18_bc_128__avoid_lighting_diverse__budget050__seed001__eval_avoid_lighting_diverse.json,3.9562809877097607,13.979202677806219
frozen_resnet18,Frozen ResNet-18,id,frozen_resnet18_bc_128,avoid_lighting_diverse,avoid_reach,Obstacle-aware reach,lighting_direction_intensity,Lighting,diverse_train,50,2,avoid_lighting_diverse,diverse_train,150,0,0,63,150,0.0,0.0,0.42,1.0,0.021555361213783424,0.1769959355890751,400.0,results/frozen_resnet18_bc_128px_v1/metrics/id/metrics__frozen_resnet18_bc_128__avoid_lighting_diverse__budget050__seed002__eval_avoid_lighting_diverse.json,2.155536121378342,17.69959355890751
frozen_resnet18,Frozen ResNet-18,id,frozen_resnet18_bc_128,avoid_lighting_diverse,avoid_reach,Obstacle-aware reach,lighting_direction_intensity,Lighting,diverse_train,100,0,avoid_lighting_diverse,diverse_train,150,0,31,84,150,0.0,0.20666666666666667,0.56,1.0,0.019320150973896187,0.16341631809870402,400.0,results/frozen_resnet18_bc_128px_v1/metrics/id/metrics__frozen_resnet18_bc_128__avoid_lighting_diverse__budget100__seed000__eval_avoid_lighting_diverse.json,1.9320150973896186,16.341631809870403
frozen_resnet18,Frozen ResNet-18,id,frozen_resnet18_bc_128,avoid_lighting_diverse,avoid_reach,Obstacle-aware reach,lighting_direction_intensity,Lighting,diverse_train,200,0,avoid_lighting_diverse,diverse_train,150,0,0,0,150,0.0,0.0,0.0,1.0,0.030749379619956017,0.10604320019483567,400.0,results/frozen_resnet18_bc_128px_v1/metrics/id/metrics__frozen_resnet18_bc_128__avoid_lighting_diverse__budget200__seed000__eval_avoid_lighting_diverse.json,3.0749379619956017,10.604320019483566
frozen_resnet18,Frozen ResNet-18,id,frozen_resnet18_bc_128,avoid_lighting_fixed,avoid_reach,Obstacle-aware reach,lighting_direction_intensity,Lighting,fixed_train,5,0,avoid_lighting_fixed,fixed_train,150,0,0,0,150,0.0,0.0,0.0,1.0,0.02834596298635006,0.21400417387485504,400.0,results/frozen_resnet18_bc_128px_v1/metrics/id/metrics__frozen_resnet18_bc_128__avoid_lighting_fixed__budget005__seed000__eval_avoid_lighting_fixed.json,2.834596298635006,21.400417387485504
frozen_resnet18,Frozen ResNet-18,id,frozen_resnet18_bc_128,avoid_lighting_fixed,avoid_reach,Obstacle-aware reach,lighting_direction_intensity,Lighting,fixed_train,5,1,avoid_lighting_fixed,fixed_train,150,0,0,0,150,0.0,0.0,0.0,1.0,0.025226926431059837,0.13499999046325684,400.0,results/frozen_resnet18_bc_128px_v1/metrics/id/metrics__frozen_resnet18_bc_128__avoid_lighting_fixed__budget005__seed001__eval_avoid_lighting_fixed.json,2.5226926431059837,13.499999046325684
frozen_resnet18,Frozen ResNet-18,id,frozen_resnet18_bc_128,avoid_lighting_fixed,avoid_reach,Obstacle-aware reach,lighting_direction_intensity,Lighting,fixed_train,5,2,avoid_lighting_fixed,fixed_train,150,0,0,0,150,0.0,0.0,0.0,1.0,0.028384365141391754,0.1359042078256607,400.0,results/frozen_resnet18_bc_128px_v1/metrics/id/metrics__frozen_resnet18_bc_128__avoid_lighting_fixed__budget005__seed002__eval_avoid_lighting_fixed.json,2.8384365141391754,13.59042078256607
frozen_resnet18,Frozen ResNet-18,id,frozen_resnet18_bc_128,avoid_lighting_fixed,avoid_reach,Obstacle-aware reach,lighting_direction_intensity,Lighting,fixed_train,20,0,avoid_lighting_fixed,fixed_train,150,0,0,0,150,0.0,0.0,0.0,1.0,0.03936286270618439,0.06737811863422394,400.0,results/frozen_resnet18_bc_128px_v1/metrics/id/metrics__frozen_resnet18_bc_128__avoid_lighting_fixed__budget020__seed000__eval_avoid_lighting_fixed.json,3.9362862706184387,6.737811863422394
frozen_resnet18,Frozen ResNet-18,id,frozen_resnet18_bc_128,avoid_lighting_fixed,avoid_reach,Obstacle-aware reach,lighting_direction_intensity,Lighting,fixed_train,20,1,avoid_lighting_fixed,fixed_train,150,0,0,0,150,0.0,0.0,0.0,1.0,0.041127920150756836,0.13610140979290009,400.0,results/frozen_resnet18_bc_128px_v1/metrics/id/metrics__frozen_resnet18_bc_128__avoid_lighting_fixed__budget020__seed001__eval_avoid_lighting_fixed.json,4.112792015075684,13.610140979290009
frozen_resnet18,Frozen ResNet-18,id,frozen_resnet18_bc_128,avoid_lighting_fixed,avoid_reach,Obstacle-aware reach,lighting_direction_intensity,Lighting,fixed_train,20,2,avoid_lighting_fixed,fixed_train,150,0,0,0,150,0.0,0.0,0.0,1.0,0.033166028559207916,0.06285559386014938,400.0,results/frozen_resnet18_bc_128px_v1/metrics/id/metrics__frozen_resnet18_bc_128__avoid_lighting_fixed__budget020__seed002__eval_avoid_lighting_fixed.json,3.3166028559207916,6.285559386014938
frozen_resnet18,Frozen ResNet-18,id,frozen_resnet18_bc_128,avoid_lighting_fixed,avoid_reach,Obstacle-aware reach,lighting_direction_intensity,Lighting,fixed_train,50,0,avoid_lighting_fixed,fixed_train,150,0,0,0,150,0.0,0.0,0.0,1.0,0.030263345688581467,0.13240504264831543,400.0,results/frozen_resnet18_bc_128px_v1/metrics/id/metrics__frozen_resnet18_bc_128__avoid_lighting_fixed__budget050__seed000__eval_avoid_lighting_fixed.json,3.0263345688581467,13.240504264831543
frozen_resnet18,Frozen ResNet-18,id,frozen_resnet18_bc_128,avoid_lighting_fixed,avoid_reach,Obstacle-aware reach,lighting_direction_intensity,Lighting,fixed_train,50,1,avoid_lighting_fixed,fixed_train,150,0,0,0,150,0.0,0.0,0.0,1.0,0.03394848480820656,0.1258329153060913,400.0,results/frozen_resnet18_bc_128px_v1/metrics/id/metrics__frozen_resnet18_bc_128__avoid_lighting_fixed__budget050__seed001__eval_avoid_lighting_fixed.json,3.394848480820656,12.58329153060913
frozen_resnet18,Frozen ResNet-18,id,frozen_resnet18_bc_128,avoid_lighting_fixed,avoid_reach,Obstacle-aware reach,lighting_direction_intensity,Lighting,fixed_train,50,2,avoid_lighting_fixed,fixed_train,150,0,0,0,150,0.0,0.0,0.0,1.0,0.04081495851278305,0.13519875705242157,400.0,results/frozen_resnet18_bc_128px_v1/metrics/id/metrics__frozen_resnet18_bc_128__avoid_lighting_fixed__budget050__seed002__eval_avoid_lighting_fixed.json,4.081495851278305,13.519875705242157
frozen_resnet18,Frozen ResNet-18,id,frozen_resnet18_bc_128,avoid_lighting_fixed,avoid_reach,Obstacle-aware reach,lighting_direction_intensity,Lighting,fixed_train,100,0,avoid_lighting_fixed,fixed_train,150,0,0,0,150,0.0,0.0,0.0,1.0,0.029623592272400856,0.09910475462675095,400.0,results/frozen_resnet18_bc_128px_v1/metrics/id/metrics__frozen_resnet18_bc_128__avoid_lighting_fixed__budget100__seed000__eval_avoid_lighting_fixed.json,2.9623592272400856,9.910475462675095
frozen_resnet18,Frozen ResNet-18,id,frozen_resnet18_bc_128,avoid_lighting_fixed,avoid_reach,Obstacle-aware reach,lighting_direction_intensity,Lighting,fixed_train,200,0,avoid_lighting_fixed,fixed_train,150,0,0,0,150,0.0,0.0,0.0,1.0,0.03221552073955536,0.10440917313098907,400.0,results/frozen_resnet18_bc_128px_v1/metrics/id/metrics__frozen_resnet18_bc_128__avoid_lighting_fixed__budget200__seed000__eval_avoid_lighting_fixed.json,3.221552073955536,10.440917313098907
frozen_resnet18,Frozen ResNet-18,id,frozen_resnet18_bc_128,avoid_spatial_narrow,avoid_reach,Obstacle-aware reach,spatial_distribution,Spatial distribution,narrow_train,5,0,avoid_spatial_narrow,narrow_train,150,0,0,4,26,0.0,0.0,0.02666666666666667,0.17333333333333334,0.09162498041366537,0.18918721531828245,400.0,results/frozen_resnet18_bc_128px_v1/metrics/id/metrics__frozen_resnet18_bc_128__avoid_spatial_narrow__budget005__seed000__eval_avoid_spatial_narrow.json,9.162498041366538,18.918721531828243
frozen_resnet18,Frozen ResNet-18,id,frozen_resnet18_bc_128,avoid_spatial_narrow,avoid_reach,Obstacle-aware reach,spatial_distribution,Spatial distribution,narrow_train,5,1,avoid_spatial_narrow,narrow_train,150,0,0,2,60,0.0,0.0,0.013333333333333334,0.4,0.06547815139094988,0.24394687769313653,400.0,results/frozen_resnet18_bc_128px_v1/metrics/id/metrics__frozen_resnet18_bc_128__avoid_spatial_narrow__budget005__seed001__eval_avoid_spatial_narrow.json,6.547815139094988,24.394687769313652
frozen_resnet18,Frozen ResNet-18,id,frozen_resnet18_bc_128,avoid_spatial_narrow,avoid_reach,Obstacle-aware reach,spatial_distribution,Spatial distribution,narrow_train,5,2,avoid_spatial_narrow,narrow_train,150,0,4,15,47,0.0,0.02666666666666667,0.1,0.31333333333333335,0.08604547745548188,0.27460354616244637,400.0,results/frozen_resnet18_bc_128px_v1/metrics/id/metrics__frozen_resnet18_bc_128__avoid_spatial_narrow__budget005__seed002__eval_avoid_spatial_narrow.json,8.604547745548189,27.460354616244636
frozen_resnet18,Frozen ResNet-18,id,frozen_resnet18_bc_128,avoid_spatial_narrow,avoid_reach,Obstacle-aware reach,spatial_distribution,Spatial distribution,narrow_train,20,0,avoid_spatial_narrow,narrow_train,150,0,0,0,7,0.0,0.0,0.0,0.04666666666666667,0.14486283252636592,0.31626236895720167,400.0,results/frozen_resnet18_bc_128px_v1/metrics/id/metrics__frozen_resnet18_bc_128__avoid_spatial_narrow__budget020__seed000__eval_avoid_spatial_narrow.json,14.486283252636593,31.626236895720165
frozen_resnet18,Frozen ResNet-18,id,frozen_resnet18_bc_128,avoid_spatial_narrow,avoid_reach,Obstacle-aware reach,spatial_distribution,Spatial distribution,narrow_train,20,1,avoid_spatial_narrow,narrow_train,150,2,3,14,78,0.013333333333333334,0.02,0.09333333333333334,0.52,0.05911277533043176,0.21879348573585353,400.0,results/frozen_resnet18_bc_128px_v1/metrics/id/metrics__frozen_resnet18_bc_128__avoid_spatial_narrow__budget020__seed001__eval_avoid_spatial_narrow.json,5.911277533043176,21.879348573585354
frozen_resnet18,Frozen ResNet-18,id,frozen_resnet18_bc_128,avoid_spatial_narrow,avoid_reach,Obstacle-aware reach,spatial_distribution,Spatial distribution,narrow_train,20,2,avoid_spatial_narrow,narrow_train,150,0,0,1,33,0.0,0.0,0.006666666666666667,0.22,0.11376184709370137,0.2308102751771609,400.0,results/frozen_resnet18_bc_128px_v1/metrics/id/metrics__frozen_resnet18_bc_128__avoid_spatial_narrow__budget020__seed002__eval_avoid_spatial_narrow.json,11.376184709370136,23.08102751771609
frozen_resnet18,Frozen ResNet-18,id,frozen_resnet18_bc_128,avoid_spatial_narrow,avoid_reach,Obstacle-aware reach,spatial_distribution,Spatial distribution,narrow_train,50,0,avoid_spatial_narrow,narrow_train,150,1,9,29,116,0.006666666666666667,0.06,0.19333333333333333,0.7733333333333333,0.03622144225053489,0.17298346315821012,400.0,results/frozen_resnet18_bc_128px_v1/metrics/id/metrics__frozen_resnet18_bc_128__avoid_spatial_narrow__budget050__seed000__eval_avoid_spatial_narrow.json,3.622144225053489,17.29834631582101
frozen_resnet18,Frozen ResNet-18,id,frozen_resnet18_bc_128,avoid_spatial_narrow,avoid_reach,Obstacle-aware reach,spatial_distribution,Spatial distribution,narrow_train,50,1,avoid_spatial_narrow,narrow_train,150,2,3,15,80,0.013333333333333334,0.02,0.1,0.5333333333333333,0.06521005562351395,0.2083614846567313,400.0,results/frozen_resnet18_bc_128px_v1/metrics/id/metrics__frozen_resnet18_bc_128__avoid_spatial_narrow__budget050__seed001__eval_avoid_spatial_narrow.json,6.521005562351395,20.83614846567313
frozen_resnet18,Frozen ResNet-18,id,frozen_resnet18_bc_128,avoid_spatial_narrow,avoid_reach,Obstacle-aware reach,spatial_distribution,Spatial distribution,narrow_train,50,2,avoid_spatial_narrow,narrow_train,150,2,11,28,96,0.013333333333333334,0.07333333333333333,0.18666666666666668,0.64,0.04180945536742608,0.1868373385320107,400.0,results/frozen_resnet18_bc_128px_v1/metrics/id/metrics__frozen_resnet18_bc_128__avoid_spatial_narrow__budget050__seed002__eval_avoid_spatial_narrow.json,4.180945536742608,18.68373385320107
frozen_resnet18,Frozen ResNet-18,id,frozen_resnet18_bc_128,avoid_spatial_narrow,avoid_reach,Obstacle-aware reach,spatial_distribution,Spatial distribution,narrow_train,100,0,avoid_spatial_narrow,narrow_train,150,4,10,27,92,0.02666666666666667,0.06666666666666667,0.18,0.6133333333333333,0.045380709014522534,0.1351038391639789,400.0,results/frozen_resnet18_bc_128px_v1/metrics/id/metrics__frozen_resnet18_bc_128__avoid_spatial_narrow__budget100__seed000__eval_avoid_spatial_narrow.json,4.538070901452254,13.510383916397888
frozen_resnet18,Frozen ResNet-18,id,frozen_resnet18_bc_128,avoid_spatial_narrow,avoid_reach,Obstacle-aware reach,spatial_distribution,Spatial distribution,narrow_train,200,0,avoid_spatial_narrow,narrow_train,150,4,12,23,60,0.02666666666666667,0.08,0.15333333333333332,0.4,0.05828248325735331,0.15990156094233196,400.0,results/frozen_resnet18_bc_128px_v1/metrics/id/metrics__frozen_resnet18_bc_128__avoid_spatial_narrow__budget200__seed000__eval_avoid_spatial_narrow.json,5.828248325735331,15.990156094233196
frozen_resnet18,Frozen ResNet-18,id,frozen_resnet18_bc_128,avoid_spatial_wide,avoid_reach,Obstacle-aware reach,spatial_distribution,Spatial distribution,wide_train,5,0,avoid_spatial_wide,wide_train,150,0,1,5,24,0.0,0.006666666666666667,0.03333333333333333,0.16,0.13534290007626018,0.2490737580259641,400.0,results/frozen_resnet18_bc_128px_v1/metrics/id/metrics__frozen_resnet18_bc_128__avoid_spatial_wide__budget005__seed000__eval_avoid_spatial_wide.json,13.534290007626018,24.90737580259641
frozen_resnet18,Frozen ResNet-18,id,frozen_resnet18_bc_128,avoid_spatial_wide,avoid_reach,Obstacle-aware reach,spatial_distribution,Spatial distribution,wide_train,5,1,avoid_spatial_wide,wide_train,150,0,2,12,42,0.0,0.013333333333333334,0.08,0.28,0.11677188925134639,0.30547877445816995,400.0,results/frozen_resnet18_bc_128px_v1/metrics/id/metrics__frozen_resnet18_bc_128__avoid_spatial_wide__budget005__seed001__eval_avoid_spatial_wide.json,11.677188925134638,30.547877445816994
frozen_resnet18,Frozen ResNet-18,id,frozen_resnet18_bc_128,avoid_spatial_wide,avoid_reach,Obstacle-aware reach,spatial_distribution,Spatial distribution,wide_train,5,2,avoid_spatial_wide,wide_train,150,0,0,10,28,0.0,0.0,0.06666666666666667,0.18666666666666668,0.10956550210093459,0.3122147119541963,400.0,results/frozen_resnet18_bc_128px_v1/metrics/id/metrics__frozen_resnet18_bc_128__avoid_spatial_wide__budget005__seed002__eval_avoid_spatial_wide.json,10.956550210093459,31.221471195419632
frozen_resnet18,Frozen ResNet-18,id,frozen_resnet18_bc_128,avoid_spatial_wide,avoid_reach,Obstacle-aware reach,spatial_distribution,Spatial distribution,wide_train,20,0,avoid_spatial_wide,wide_train,150,5,16,40,59,0.03333333333333333,0.10666666666666667,0.26666666666666666,0.3933333333333333,0.09318748793176686,0.208397388830781,400.0,results/frozen_resnet18_bc_128px_v1/metrics/id/metrics__frozen_resnet18_bc_128__avoid_spatial_wide__budget020__seed000__eval_avoid_spatial_wide.json,9.318748793176686,20.8397388830781
frozen_resnet18,Frozen ResNet-18,id,frozen_resnet18_bc_128,avoid_spatial_wide,avoid_reach,Obstacle-aware reach,spatial_distribution,Spatial distribution,wide_train,20,1,avoid_spatial_wide,wide_train,150,10,18,55,109,0.06666666666666667,0.12,0.36666666666666664,0.7266666666666667,0.0387740839451241,0.32646887600421903,400.0,results/frozen_resnet18_bc_128px_v1/metrics/id/metrics__frozen_resnet18_bc_128__avoid_spatial_wide__budget020__seed001__eval_avoid_spatial_wide.json,3.87740839451241,32.646887600421906
frozen_resnet18,Frozen ResNet-18,id,frozen_resnet18_bc_128,avoid_spatial_wide,avoid_reach,Obstacle-aware reach,spatial_distribution,Spatial distribution,wide_train,20,2,avoid_spatial_wide,wide_train,150,0,0,0,10,0.0,0.0,0.0,0.06666666666666667,0.19286121897399425,0.35621721506118775,400.0,results/frozen_resnet18_bc_128px_v1/metrics/id/metrics__frozen_resnet18_bc_128__avoid_spatial_wide__budget020__seed002__eval_avoid_spatial_wide.json,19.286121897399426,35.621721506118774
frozen_resnet18,Frozen ResNet-18,id,frozen_resnet18_bc_128,avoid_spatial_wide,avoid_reach,Obstacle-aware reach,spatial_distribution,Spatial distribution,wide_train,50,0,avoid_spatial_wide,wide_train,150,1,5,30,94,0.006666666666666667,0.03333333333333333,0.2,0.6266666666666667,0.05586273535775642,0.16295129594703514,400.0,results/frozen_resnet18_bc_128px_v1/metrics/id/metrics__frozen_resnet18_bc_128__avoid_spatial_wide__budget050__seed000__eval_avoid_spatial_wide.json,5.586273535775642,16.295129594703514
frozen_resnet18,Frozen ResNet-18,id,frozen_resnet18_bc_128,avoid_spatial_wide,avoid_reach,Obstacle-aware reach,spatial_distribution,Spatial distribution,wide_train,50,1,avoid_spatial_wide,wide_train,150,7,21,52,110,0.04666666666666667,0.14,0.3466666666666667,0.7333333333333333,0.04322355850134045,0.28234464839100837,400.0,results/frozen_resnet18_bc_128px_v1/metrics/id/metrics__frozen_resnet18_bc_128__avoid_spatial_wide__budget050__seed001__eval_avoid_spatial_wide.json,4.322355850134045,28.234464839100838
frozen_resnet18,Frozen ResNet-18,id,frozen_resnet18_bc_128,avoid_spatial_wide,avoid_reach,Obstacle-aware reach,spatial_distribution,Spatial distribution,wide_train,50,2,avoid_spatial_wide,wide_train,150,0,6,26,89,0.0,0.04,0.17333333333333334,0.5933333333333334,0.06312688335155447,0.1613573402414719,400.0,results/frozen_resnet18_bc_128px_v1/metrics/id/metrics__frozen_resnet18_bc_128__avoid_spatial_wide__budget050__seed002__eval_avoid_spatial_wide.json,6.312688335155448,16.13573402414719
frozen_resnet18,Frozen ResNet-18,id,frozen_resnet18_bc_128,avoid_spatial_wide,avoid_reach,Obstacle-aware reach,spatial_distribution,Spatial distribution,wide_train,100,0,avoid_spatial_wide,wide_train,150,2,8,23,58,0.013333333333333334,0.05333333333333334,0.15333333333333332,0.38666666666666666,0.08646881937049329,0.17202998097985983,400.0,results/frozen_resnet18_bc_128px_v1/metrics/id/metrics__frozen_resnet18_bc_128__avoid_spatial_wide__budget100__seed000__eval_avoid_spatial_wide.json,8.64688193704933,17.202998097985983
frozen_resnet18,Frozen ResNet-18,id,frozen_resnet18_bc_128,avoid_spatial_wide,avoid_reach,Obstacle-aware reach,spatial_distribution,Spatial distribution,wide_train,200,0,avoid_spatial_wide,wide_train,150,4,19,42,106,0.02666666666666667,0.12666666666666668,0.28,0.7066666666666667,0.04084539722496023,0.29736290872097015,400.0,results/frozen_resnet18_bc_128px_v1/metrics/id/metrics__frozen_resnet18_bc_128__avoid_spatial_wide__budget200__seed000__eval_avoid_spatial_wide.json,4.084539722496023,29.736290872097015
frozen_resnet18,Frozen ResNet-18,id,frozen_resnet18_bc_128,camera_fixed,reach,Reach,camera_location_viewpoint,Camera viewpoint,fixed_train,5,0,camera_fixed,fixed_train,150,0,150,150,150,0.0,1.0,1.0,1.0,0.009086246602237225,0.32771414518356323,400.0,results/frozen_resnet18_bc_128px_v1/metrics/id/metrics__frozen_resnet18_bc_128__camera_fixed__budget005__seed000__eval_camera_fixed.json,0.9086246602237225,32.77141451835632
frozen_resnet18,Frozen ResNet-18,id,frozen_resnet18_bc_128,camera_fixed,reach,Reach,camera_location_viewpoint,Camera viewpoint,fixed_train,5,1,camera_fixed,fixed_train,150,0,0,0,150,0.0,0.0,0.0,1.0,0.023156188428401947,0.28158190846443176,400.0,results/frozen_resnet18_bc_128px_v1/metrics/id/metrics__frozen_resnet18_bc_128__camera_fixed__budget005__seed001__eval_camera_fixed.json,2.3156188428401947,28.158190846443176
frozen_resnet18,Frozen ResNet-18,id,frozen_resnet18_bc_128,camera_fixed,reach,Reach,camera_location_viewpoint,Camera viewpoint,fixed_train,5,2,camera_fixed,fixed_train,150,0,0,150,150,0.0,0.0,1.0,1.0,0.015574891120195389,0.2810114324092865,400.0,results/frozen_resnet18_bc_128px_v1/metrics/id/metrics__frozen_resnet18_bc_128__camera_fixed__budget005__seed002__eval_camera_fixed.json,1.5574891120195389,28.10114324092865
frozen_resnet18,Frozen ResNet-18,id,frozen_resnet18_bc_128,camera_fixed,reach,Reach,camera_location_viewpoint,Camera viewpoint,fixed_train,20,0,camera_fixed,fixed_train,150,0,0,150,150,0.0,0.0,1.0,1.0,0.012816064059734344,0.3362908363342285,400.0,results/frozen_resnet18_bc_128px_v1/metrics/id/metrics__frozen_resnet18_bc_128__camera_fixed__budget020__seed000__eval_camera_fixed.json,1.2816064059734344,33.62908363342285
frozen_resnet18,Frozen ResNet-18,id,frozen_resnet18_bc_128,camera_fixed,reach,Reach,camera_location_viewpoint,Camera viewpoint,fixed_train,20,1,camera_fixed,fixed_train,150,0,150,150,150,0.0,1.0,1.0,1.0,0.007658759132027626,0.33831799030303955,400.0,results/frozen_resnet18_bc_128px_v1/metrics/id/metrics__frozen_resnet18_bc_128__camera_fixed__budget020__seed001__eval_camera_fixed.json,0.7658759132027626,33.831799030303955
frozen_resnet18,Frozen ResNet-18,id,frozen_resnet18_bc_128,camera_fixed,reach,Reach,camera_location_viewpoint,Camera viewpoint,fixed_train,20,2,camera_fixed,fixed_train,150,0,150,150,150,0.0,1.0,1.0,1.0,0.00835907831788063,0.34305521845817566,400.0,results/frozen_resnet18_bc_128px_v1/metrics/id/metrics__frozen_resnet18_bc_128__camera_fixed__budget020__seed002__eval_camera_fixed.json,0.835907831788063,34.305521845817566
frozen_resnet18,Frozen ResNet-18,id,frozen_resnet18_bc_128,camera_fixed,reach,Reach,camera_location_viewpoint,Camera viewpoint,fixed_train,50,0,camera_fixed,fixed_train,150,0,0,150,150,0.0,0.0,1.0,1.0,0.012723430059850216,0.34646010398864746,400.0,results/frozen_resnet18_bc_128px_v1/metrics/id/metrics__frozen_resnet18_bc_128__camera_fixed__budget050__seed000__eval_camera_fixed.json,1.2723430059850216,34.646010398864746
frozen_resnet18,Frozen ResNet-18,id,frozen_resnet18_bc_128,camera_fixed,reach,Reach,camera_location_viewpoint,Camera viewpoint,fixed_train,50,1,camera_fixed,fixed_train,150,0,150,150,150,0.0,1.0,1.0,1.0,0.007976791821420193,0.3362296223640442,400.0,results/frozen_resnet18_bc_128px_v1/metrics/id/metrics__frozen_resnet18_bc_128__camera_fixed__budget050__seed001__eval_camera_fixed.json,0.7976791821420193,33.62296223640442
frozen_resnet18,Frozen ResNet-18,id,frozen_resnet18_bc_128,camera_fixed,reach,Reach,camera_location_viewpoint,Camera viewpoint,fixed_train,50,2,camera_fixed,fixed_train,150,0,0,150,150,0.0,0.0,1.0,1.0,0.014850316569209099,0.296434223651886,400.0,results/frozen_resnet18_bc_128px_v1/metrics/id/metrics__frozen_resnet18_bc_128__camera_fixed__budget050__seed002__eval_camera_fixed.json,1.4850316569209099,29.6434223651886
frozen_resnet18,Frozen ResNet-18,id,frozen_resnet18_bc_128,camera_fixed,reach,Reach,camera_location_viewpoint,Camera viewpoint,fixed_train,100,0,camera_fixed,fixed_train,150,0,150,150,150,0.0,1.0,1.0,1.0,0.00984689500182867,0.3387063145637512,400.0,results/frozen_resnet18_bc_128px_v1/metrics/id/metrics__frozen_resnet18_bc_128__camera_fixed__budget100__seed000__eval_camera_fixed.json,0.984689500182867,33.87063145637512
frozen_resnet18,Frozen ResNet-18,id,frozen_resnet18_bc_128,camera_fixed,reach,Reach,camera_location_viewpoint,Camera viewpoint,fixed_train,200,0,camera_fixed,fixed_train,150,0,150,150,150,0.0,1.0,1.0,1.0,0.006921463180333376,0.3301149308681488,400.0,results/frozen_resnet18_bc_128px_v1/metrics/id/metrics__frozen_resnet18_bc_128__camera_fixed__budget200__seed000__eval_camera_fixed.json,0.6921463180333376,33.01149308681488
frozen_resnet18,Frozen ResNet-18,id,frozen_resnet18_bc_128,camera_multi_pose,reach,Reach,camera_location_viewpoint,Camera viewpoint,diverse_train,5,0,camera_multi_pose,diverse_train,150,3,29,87,150,0.02,0.19333333333333333,0.58,1.0,0.01908739039519181,0.29047384778658547,400.0,results/frozen_resnet18_bc_128px_v1/metrics/id/metrics__frozen_resnet18_bc_128__camera_multi_pose__budget005__seed000__eval_camera_multi_pose.json,1.908739039519181,29.047384778658547
frozen_resnet18,Frozen ResNet-18,id,frozen_resnet18_bc_128,camera_multi_pose,reach,Reach,camera_location_viewpoint,Camera viewpoint,diverse_train,5,1,camera_multi_pose,diverse_train,150,0,16,115,150,0.0,0.10666666666666667,0.7666666666666667,1.0,0.016225304376954835,0.3265546770890554,400.0,results/frozen_resnet18_bc_128px_v1/metrics/id/metrics__frozen_resnet18_bc_128__camera_multi_pose__budget005__seed001__eval_camera_multi_pose.json,1.6225304376954834,32.65546770890554
frozen_resnet18,Frozen ResNet-18,id,frozen_resnet18_bc_128,camera_multi_pose,reach,Reach,camera_location_viewpoint,Camera viewpoint,diverse_train,5,2,camera_multi_pose,diverse_train,150,59,115,149,150,0.3933333333333333,0.7666666666666667,0.9933333333333333,1.0,0.007124880072272693,0.3106400769316436,398.02,results/frozen_resnet18_bc_128px_v1/metrics/id/metrics__frozen_resnet18_bc_128__camera_multi_pose__budget005__seed002__eval_camera_multi_pose.json,0.7124880072272693,31.06400769316436
frozen_resnet18,Frozen ResNet-18,id,frozen_resnet18_bc_128,camera_multi_pose,reach,Reach,camera_location_viewpoint,Camera viewpoint,diverse_train,20,0,camera_multi_pose,diverse_train,150,10,75,133,150,0.06666666666666667,0.5,0.8866666666666667,1.0,0.01161494547035545,0.3031426965196927,400.0,results/frozen_resnet18_bc_128px_v1/metrics/id/metrics__frozen_resnet18_bc_128__camera_multi_pose__budget020__seed000__eval_camera_multi_pose.json,1.161494547035545,30.314269651969273
frozen_resnet18,Frozen ResNet-18,id,frozen_resnet18_bc_128,camera_multi_pose,reach,Reach,camera_location_viewpoint,Camera viewpoint,diverse_train,20,1,camera_multi_pose,diverse_train,150,0,7,135,150,0.0,0.04666666666666667,0.9,1.0,0.015456133196130395,0.3371505414446195,400.0,results/frozen_resnet18_bc_128px_v1/metrics/id/metrics__frozen_resnet18_bc_128__camera_multi_pose__budget020__seed001__eval_camera_multi_pose.json,1.5456133196130395,33.715054144461945
frozen_resnet18,Frozen ResNet-18,id,frozen_resnet18_bc_128,camera_multi_pose,reach,Reach,camera_location_viewpoint,Camera viewpoint,diverse_train,20,2,camera_multi_pose,diverse_train,150,0,4,98,150,0.0,0.02666666666666667,0.6533333333333333,1.0,0.01802443229282896,0.32058933198451994,400.0,results/frozen_resnet18_bc_128px_v1/metrics/id/metrics__frozen_resnet18_bc_128__camera_multi_pose__budget020__seed002__eval_camera_multi_pose.json,1.8024432292828958,32.058933198451996
frozen_resnet18,Frozen ResNet-18,id,frozen_resnet18_bc_128,camera_multi_pose,reach,Reach,camera_location_viewpoint,Camera viewpoint,diverse_train,50,0,camera_multi_pose,diverse_train,150,0,1,139,150,0.0,0.006666666666666667,0.9266666666666666,1.0,0.01647147225216031,0.33345966001351673,400.0,results/frozen_resnet18_bc_128px_v1/metrics/id/metrics__frozen_resnet18_bc_128__camera_multi_pose__budget050__seed000__eval_camera_multi_pose.json,1.647147225216031,33.34596600135168
frozen_resnet18,Frozen ResNet-18,id,frozen_resnet18_bc_128,camera_multi_pose,reach,Reach,camera_location_viewpoint,Camera viewpoint,diverse_train,50,1,camera_multi_pose,diverse_train,150,2,39,150,150,0.013333333333333334,0.26,1.0,1.0,0.01147752205375582,0.33712826351324715,400.0,results/frozen_resnet18_bc_128px_v1/metrics/id/metrics__frozen_resnet18_bc_128__camera_multi_pose__budget050__seed001__eval_camera_multi_pose.json,1.147752205375582,33.712826351324715
frozen_resnet18,Frozen ResNet-18,id,frozen_resnet18_bc_128,camera_multi_pose,reach,Reach,camera_location_viewpoint,Camera viewpoint,diverse_train,50,2,camera_multi_pose,diverse_train,150,2,98,150,150,0.013333333333333334,0.6533333333333333,1.0,1.0,0.009566910626987616,0.34421055714289345,400.0,results/frozen_resnet18_bc_128px_v1/metrics/id/metrics__frozen_resnet18_bc_128__camera_multi_pose__budget050__seed002__eval_camera_multi_pose.json,0.9566910626987616,34.421055714289345
frozen_resnet18,Frozen ResNet-18,id,frozen_resnet18_bc_128,camera_multi_pose,reach,Reach,camera_location_viewpoint,Camera viewpoint,diverse_train,100,0,camera_multi_pose,diverse_train,150,0,83,150,150,0.0,0.5533333333333333,1.0,1.0,0.009827889688313007,0.34217684745788574,400.0,results/frozen_resnet18_bc_128px_v1/metrics/id/metrics__frozen_resnet18_bc_128__camera_multi_pose__budget100__seed000__eval_camera_multi_pose.json,0.9827889688313006,34.217684745788574
frozen_resnet18,Frozen ResNet-18,id,frozen_resnet18_bc_128,camera_multi_pose,reach,Reach,camera_location_viewpoint,Camera viewpoint,diverse_train,200,0,camera_multi_pose,diverse_train,150,129,150,150,150,0.86,1.0,1.0,1.0,0.003998368905546765,0.32890322449306647,400.0,results/frozen_resnet18_bc_128px_v1/metrics/id/metrics__frozen_resnet18_bc_128__camera_multi_pose__budget200__seed000__eval_camera_multi_pose.json,0.39983689055467647,32.890322449306645
frozen_resnet18,Frozen ResNet-18,id,frozen_resnet18_bc_128,color_multi,reach,Reach,color,Color,diverse_train,5,0,color_multi,diverse_train,150,0,36,150,150,0.0,0.24,1.0,1.0,0.013592923289785782,0.3274608294169108,400.0,results/frozen_resnet18_bc_128px_v1/metrics/id/metrics__frozen_resnet18_bc_128__color_multi__budget005__seed000__eval_color_multi.json,1.359292328978578,32.74608294169108
frozen_resnet18,Frozen ResNet-18,id,frozen_resnet18_bc_128,color_multi,reach,Reach,color,Color,diverse_train,5,1,color_multi,diverse_train,150,79,150,150,150,0.5266666666666666,1.0,1.0,1.0,0.005043085062255462,0.32097949902216594,400.0,results/frozen_resnet18_bc_128px_v1/metrics/id/metrics__frozen_resnet18_bc_128__color_multi__budget005__seed001__eval_color_multi.json,0.5043085062255462,32.09794990221659
frozen_resnet18,Frozen ResNet-18,id,frozen_resnet18_bc_128,color_multi,reach,Reach,color,Color,diverse_train,5,2,color_multi,diverse_train,150,36,150,150,150,0.24,1.0,1.0,1.0,0.006252301416049401,0.2989713603258133,400.0,results/frozen_resnet18_bc_128px_v1/metrics/id/metrics__frozen_resnet18_bc_128__color_multi__budget005__seed002__eval_color_multi.json,0.6252301416049401,29.89713603258133
frozen_resnet18,Frozen ResNet-18,id,frozen_resnet18_bc_128,color_multi,reach,Reach,color,Color,diverse_train,20,0,color_multi,diverse_train,150,0,40,150,150,0.0,0.26666666666666666,1.0,1.0,0.010189523783822855,0.3565449651082357,400.0,results/frozen_resnet18_bc_128px_v1/metrics/id/metrics__frozen_resnet18_bc_128__color_multi__budget020__seed000__eval_color_multi.json,1.0189523783822854,35.65449651082357
frozen_resnet18,Frozen ResNet-18,id,frozen_resnet18_bc_128,color_multi,reach,Reach,color,Color,diverse_train,20,1,color_multi,diverse_train,150,0,110,150,150,0.0,0.7333333333333333,1.0,1.0,0.008384914249181747,0.2923634745677312,400.0,results/frozen_resnet18_bc_128px_v1/metrics/id/metrics__frozen_resnet18_bc_128__color_multi__budget020__seed001__eval_color_multi.json,0.8384914249181746,29.23634745677312
frozen_resnet18,Frozen ResNet-18,id,frozen_resnet18_bc_128,color_multi,reach,Reach,color,Color,diverse_train,20,2,color_multi,diverse_train,150,0,0,150,150,0.0,0.0,1.0,1.0,0.014271201658993959,0.35357989033063253,400.0,results/frozen_resnet18_bc_128px_v1/metrics/id/metrics__frozen_resnet18_bc_128__color_multi__budget020__seed002__eval_color_multi.json,1.427120165899396,35.357989033063255
frozen_resnet18,Frozen ResNet-18,id,frozen_resnet18_bc_128,color_multi,reach,Reach,color,Color,diverse_train,50,0,color_multi,diverse_train,150,0,67,150,150,0.0,0.44666666666666666,1.0,1.0,0.010044467772046725,0.2922444836298625,400.0,results/frozen_resnet18_bc_128px_v1/metrics/id/metrics__frozen_resnet18_bc_128__color_multi__budget050__seed000__eval_color_multi.json,1.0044467772046726,29.224448362986248
frozen_resnet18,Frozen ResNet-18,id,frozen_resnet18_bc_128,color_multi,reach,Reach,color,Color,diverse_train,50,1,color_multi,diverse_train,150,0,0,150,150,0.0,0.0,1.0,1.0,0.015823051035404205,0.3479487216472626,400.0,results/frozen_resnet18_bc_128px_v1/metrics/id/metrics__frozen_resnet18_bc_128__color_multi__budget050__seed001__eval_color_multi.json,1.5823051035404205,34.79487216472626
frozen_resnet18,Frozen ResNet-18,id,frozen_resnet18_bc_128,color_multi,reach,Reach,color,Color,diverse_train,50,2,color_multi,diverse_train,150,0,0,150,150,0.0,0.0,1.0,1.0,0.01747904104491075,0.32858886500199636,400.0,results/frozen_resnet18_bc_128px_v1/metrics/id/metrics__frozen_resnet18_bc_128__color_multi__budget050__seed002__eval_color_multi.json,1.747904104491075,32.85888650019964
frozen_resnet18,Frozen ResNet-18,id,frozen_resnet18_bc_128,color_multi,reach,Reach,color,Color,diverse_train,100,0,color_multi,diverse_train,150,150,150,150,150,1.0,1.0,1.0,1.0,0.0027247379207983612,0.29624050835768384,400.0,results/frozen_resnet18_bc_128px_v1/metrics/id/metrics__frozen_resnet18_bc_128__color_multi__budget100__seed000__eval_color_multi.json,0.27247379207983613,29.624050835768383
frozen_resnet18,Frozen ResNet-18,id,frozen_resnet18_bc_128,color_multi,reach,Reach,color,Color,diverse_train,200,0,color_multi,diverse_train,150,0,150,150,150,0.0,1.0,1.0,1.0,0.008788872255633275,0.29392394026120505,400.0,results/frozen_resnet18_bc_128px_v1/metrics/id/metrics__frozen_resnet18_bc_128__color_multi__budget200__seed000__eval_color_multi.json,0.8788872255633274,29.392394026120506
frozen_resnet18,Frozen ResNet-18,id,frozen_resnet18_bc_128,color_red_only,reach,Reach,color,Color,fixed_train,5,0,color_red_only,fixed_train,150,0,150,150,150,0.0,1.0,1.0,1.0,0.009086246602237225,0.32771414518356323,400.0,results/frozen_resnet18_bc_128px_v1/metrics/id/metrics__frozen_resnet18_bc_128__color_red_only__budget005__seed000__eval_color_red_only.json,0.9086246602237225,32.77141451835632
frozen_resnet18,Frozen ResNet-18,id,frozen_resnet18_bc_128,color_red_only,reach,Reach,color,Color,fixed_train,5,1,color_red_only,fixed_train,150,0,0,0,150,0.0,0.0,0.0,1.0,0.023156188428401947,0.28158190846443176,400.0,results/frozen_resnet18_bc_128px_v1/metrics/id/metrics__frozen_resnet18_bc_128__color_red_only__budget005__seed001__eval_color_red_only.json,2.3156188428401947,28.158190846443176
frozen_resnet18,Frozen ResNet-18,id,frozen_resnet18_bc_128,color_red_only,reach,Reach,color,Color,fixed_train,5,2,color_red_only,fixed_train,150,0,0,150,150,0.0,0.0,1.0,1.0,0.015574891120195389,0.2810114324092865,400.0,results/frozen_resnet18_bc_128px_v1/metrics/id/metrics__frozen_resnet18_bc_128__color_red_only__budget005__seed002__eval_color_red_only.json,1.5574891120195389,28.10114324092865
frozen_resnet18,Frozen ResNet-18,id,frozen_resnet18_bc_128,color_red_only,reach,Reach,color,Color,fixed_train,20,0,color_red_only,fixed_train,150,0,0,150,150,0.0,0.0,1.0,1.0,0.012816064059734344,0.3362908363342285,400.0,results/frozen_resnet18_bc_128px_v1/metrics/id/metrics__frozen_resnet18_bc_128__color_red_only__budget020__seed000__eval_color_red_only.json,1.2816064059734344,33.62908363342285
frozen_resnet18,Frozen ResNet-18,id,frozen_resnet18_bc_128,color_red_only,reach,Reach,color,Color,fixed_train,20,1,color_red_only,fixed_train,150,0,150,150,150,0.0,1.0,1.0,1.0,0.007658759132027626,0.33831799030303955,400.0,results/frozen_resnet18_bc_128px_v1/metrics/id/metrics__frozen_resnet18_bc_128__color_red_only__budget020__seed001__eval_color_red_only.json,0.7658759132027626,33.831799030303955
frozen_resnet18,Frozen ResNet-18,id,frozen_resnet18_bc_128,color_red_only,reach,Reach,color,Color,fixed_train,20,2,color_red_only,fixed_train,150,0,150,150,150,0.0,1.0,1.0,1.0,0.00835907831788063,0.34305521845817566,400.0,results/frozen_resnet18_bc_128px_v1/metrics/id/metrics__frozen_resnet18_bc_128__color_red_only__budget020__seed002__eval_color_red_only.json,0.835907831788063,34.305521845817566
frozen_resnet18,Frozen ResNet-18,id,frozen_resnet18_bc_128,color_red_only,reach,Reach,color,Color,fixed_train,50,0,color_red_only,fixed_train,150,0,0,150,150,0.0,0.0,1.0,1.0,0.012723430059850216,0.34646010398864746,400.0,results/frozen_resnet18_bc_128px_v1/metrics/id/metrics__frozen_resnet18_bc_128__color_red_only__budget050__seed000__eval_color_red_only.json,1.2723430059850216,34.646010398864746
frozen_resnet18,Frozen ResNet-18,id,frozen_resnet18_bc_128,color_red_only,reach,Reach,color,Color,fixed_train,50,1,color_red_only,fixed_train,150,0,150,150,150,0.0,1.0,1.0,1.0,0.007976791821420193,0.3362296223640442,400.0,results/frozen_resnet18_bc_128px_v1/metrics/id/metrics__frozen_resnet18_bc_128__color_red_only__budget050__seed001__eval_color_red_only.json,0.7976791821420193,33.62296223640442
frozen_resnet18,Frozen ResNet-18,id,frozen_resnet18_bc_128,color_red_only,reach,Reach,color,Color,fixed_train,50,2,color_red_only,fixed_train,150,0,0,150,150,0.0,0.0,1.0,1.0,0.014850316569209099,0.296434223651886,400.0,results/frozen_resnet18_bc_128px_v1/metrics/id/metrics__frozen_resnet18_bc_128__color_red_only__budget050__seed002__eval_color_red_only.json,1.4850316569209099,29.6434223651886
frozen_resnet18,Frozen ResNet-18,id,frozen_resnet18_bc_128,color_red_only,reach,Reach,color,Color,fixed_train,100,0,color_red_only,fixed_train,150,0,150,150,150,0.0,1.0,1.0,1.0,0.00984689500182867,0.3387063145637512,400.0,results/frozen_resnet18_bc_128px_v1/metrics/id/metrics__frozen_resnet18_bc_128__color_red_only__budget100__seed000__eval_color_red_only.json,0.984689500182867,33.87063145637512
frozen_resnet18,Frozen ResNet-18,id,frozen_resnet18_bc_128,color_red_only,reach,Reach,color,Color,fixed_train,200,0,color_red_only,fixed_train,150,0,150,150,150,0.0,1.0,1.0,1.0,0.006921463180333376,0.3301149308681488,400.0,results/frozen_resnet18_bc_128px_v1/metrics/id/metrics__frozen_resnet18_bc_128__color_red_only__budget200__seed000__eval_color_red_only.json,0.6921463180333376,33.01149308681488
frozen_resnet18,Frozen ResNet-18,id,frozen_resnet18_bc_128,lighting_diverse,reach,Reach,lighting_direction_intensity,Lighting,diverse_train,5,0,lighting_diverse,diverse_train,150,0,0,103,150,0.0,0.0,0.6866666666666666,1.0,0.017769663439442713,0.3225390062729518,400.0,results/frozen_resnet18_bc_128px_v1/metrics/id/metrics__frozen_resnet18_bc_128__lighting_diverse__budget005__seed000__eval_lighting_diverse.json,1.7769663439442713,32.25390062729518
frozen_resnet18,Frozen ResNet-18,id,frozen_resnet18_bc_128,lighting_diverse,reach,Reach,lighting_direction_intensity,Lighting,diverse_train,5,1,lighting_diverse,diverse_train,150,69,115,150,150,0.46,0.7666666666666667,1.0,1.0,0.006157092890546967,0.3603667179743449,400.0,results/frozen_resnet18_bc_128px_v1/metrics/id/metrics__frozen_resnet18_bc_128__lighting_diverse__budget005__seed001__eval_lighting_diverse.json,0.6157092890546967,36.03667179743449
frozen_resnet18,Frozen ResNet-18,id,frozen_resnet18_bc_128,lighting_diverse,reach,Reach,lighting_direction_intensity,Lighting,diverse_train,5,2,lighting_diverse,diverse_train,150,39,57,129,150,0.26,0.38,0.86,1.0,0.012172765748885771,0.2552673495312532,400.0,results/frozen_resnet18_bc_128px_v1/metrics/id/metrics__frozen_resnet18_bc_128__lighting_diverse__budget005__seed002__eval_lighting_diverse.json,1.2172765748885772,25.52673495312532
frozen_resnet18,Frozen ResNet-18,id,frozen_resnet18_bc_128,lighting_diverse,reach,Reach,lighting_direction_intensity,Lighting,diverse_train,20,0,lighting_diverse,diverse_train,150,0,43,150,150,0.0,0.2866666666666667,1.0,1.0,0.012078048872450987,0.32475875318050385,400.0,results/frozen_resnet18_bc_128px_v1/metrics/id/metrics__frozen_resnet18_bc_128__lighting_diverse__budget020__seed000__eval_lighting_diverse.json,1.2078048872450988,32.475875318050385
frozen_resnet18,Frozen ResNet-18,id,frozen_resnet18_bc_128,lighting_diverse,reach,Reach,lighting_direction_intensity,Lighting,diverse_train,20,1,lighting_diverse,diverse_train,150,39,150,150,150,0.26,1.0,1.0,1.0,0.005618967510138948,0.3586508729060491,400.0,results/frozen_resnet18_bc_128px_v1/metrics/id/metrics__frozen_resnet18_bc_128__lighting_diverse__budget020__seed001__eval_lighting_diverse.json,0.5618967510138948,35.865087290604905
frozen_resnet18,Frozen ResNet-18,id,frozen_resnet18_bc_128,lighting_diverse,reach,Reach,lighting_direction_intensity,Lighting,diverse_train,20,2,lighting_diverse,diverse_train,150,36,141,150,150,0.24,0.94,1.0,1.0,0.006898245572422941,0.3371433252096176,400.0,results/frozen_resnet18_bc_128px_v1/metrics/id/metrics__frozen_resnet18_bc_128__lighting_diverse__budget020__seed002__eval_lighting_diverse.json,0.6898245572422942,33.71433252096176
frozen_resnet18,Frozen ResNet-18,id,frozen_resnet18_bc_128,lighting_diverse,reach,Reach,lighting_direction_intensity,Lighting,diverse_train,50,0,lighting_diverse,diverse_train,150,0,114,150,150,0.0,0.76,1.0,1.0,0.007945712997267644,0.3498267936706543,400.0,results/frozen_resnet18_bc_128px_v1/metrics/id/metrics__frozen_resnet18_bc_128__lighting_diverse__budget050__seed000__eval_lighting_diverse.json,0.7945712997267644,34.98267936706543
frozen_resnet18,Frozen ResNet-18,id,frozen_resnet18_bc_128,lighting_diverse,reach,Reach,lighting_direction_intensity,Lighting,diverse_train,50,1,lighting_diverse,diverse_train,150,0,0,150,150,0.0,0.0,1.0,1.0,0.015706008970737456,0.3369951230287552,400.0,results/frozen_resnet18_bc_128px_v1/metrics/id/metrics__frozen_resnet18_bc_128__lighting_diverse__budget050__seed001__eval_lighting_diverse.json,1.5706008970737457,33.69951230287552
frozen_resnet18,Frozen ResNet-18,id,frozen_resnet18_bc_128,lighting_diverse,reach,Reach,lighting_direction_intensity,Lighting,diverse_train,50,2,lighting_diverse,diverse_train,150,0,139,150,150,0.0,0.9266666666666666,1.0,1.0,0.008263930923615893,0.35708967586358387,400.0,results/frozen_resnet18_bc_128px_v1/metrics/id/metrics__frozen_resnet18_bc_128__lighting_diverse__budget050__seed002__eval_lighting_diverse.json,0.8263930923615893,35.70896758635838
frozen_resnet18,Frozen ResNet-18,id,frozen_resnet18_bc_128,lighting_diverse,reach,Reach,lighting_direction_intensity,Lighting,diverse_train,100,0,lighting_diverse,diverse_train,150,11,150,150,150,0.07333333333333333,1.0,1.0,1.0,0.006948809803773959,0.3624408402045568,400.0,results/frozen_resnet18_bc_128px_v1/metrics/id/metrics__frozen_resnet18_bc_128__lighting_diverse__budget100__seed000__eval_lighting_diverse.json,0.6948809803773959,36.24408402045568
frozen_resnet18,Frozen ResNet-18,id,frozen_resnet18_bc_128,lighting_diverse,reach,Reach,lighting_direction_intensity,Lighting,diverse_train,200,0,lighting_diverse,diverse_train,150,0,86,150,150,0.0,0.5733333333333334,1.0,1.0,0.010487675567468007,0.3337248754501343,400.0,results/frozen_resnet18_bc_128px_v1/metrics/id/metrics__frozen_resnet18_bc_128__lighting_diverse__budget200__seed000__eval_lighting_diverse.json,1.0487675567468007,33.37248754501343
frozen_resnet18,Frozen ResNet-18,id,frozen_resnet18_bc_128,lighting_fixed,reach,Reach,lighting_direction_intensity,Lighting,fixed_train,5,0,lighting_fixed,fixed_train,150,150,150,150,150,1.0,1.0,1.0,1.0,0.0033197898883372545,0.006666900124400854,400.0,results/frozen_resnet18_bc_128px_v1/metrics/id/metrics__frozen_resnet18_bc_128__lighting_fixed__budget005__seed000__eval_lighting_fixed.json,0.33197898883372545,0.6666900124400854
frozen_resnet18,Frozen ResNet-18,id,frozen_resnet18_bc_128,lighting_fixed,reach,Reach,lighting_direction_intensity,Lighting,fixed_train,5,1,lighting_fixed,fixed_train,150,0,0,0,150,0.0,0.0,0.0,1.0,0.021803464740514755,0.3443676829338074,400.0,results/frozen_resnet18_bc_128px_v1/metrics/id/metrics__frozen_resnet18_bc_128__lighting_fixed__budget005__seed001__eval_lighting_fixed.json,2.1803464740514755,34.43676829338074
frozen_resnet18,Frozen ResNet-18,id,frozen_resnet18_bc_128,lighting_fixed,reach,Reach,lighting_direction_intensity,Lighting,fixed_train,5,2,lighting_fixed,fixed_train,150,0,0,150,150,0.0,0.0,1.0,1.0,0.01185727771371603,0.3111199736595154,400.0,results/frozen_resnet18_bc_128px_v1/metrics/id/metrics__frozen_resnet18_bc_128__lighting_fixed__budget005__seed002__eval_lighting_fixed.json,1.185727771371603,31.111997365951538
frozen_resnet18,Frozen ResNet-18,id,frozen_resnet18_bc_128,lighting_fixed,reach,Reach,lighting_direction_intensity,Lighting,fixed_train,20,0,lighting_fixed,fixed_train,150,0,0,150,150,0.0,0.0,1.0,1.0,0.010905795730650425,0.28637489676475525,400.0,results/frozen_resnet18_bc_128px_v1/metrics/id/metrics__frozen_resnet18_bc_128__lighting_fixed__budget020__seed000__eval_lighting_fixed.json,1.0905795730650425,28.637489676475525
frozen_resnet18,Frozen ResNet-18,id,frozen_resnet18_bc_128,lighting_fixed,reach,Reach,lighting_direction_intensity,Lighting,fixed_train,20,1,lighting_fixed,fixed_train,150,0,150,150,150,0.0,1.0,1.0,1.0,0.006062016822397709,0.2963692247867584,400.0,results/frozen_resnet18_bc_128px_v1/metrics/id/metrics__frozen_resnet18_bc_128__lighting_fixed__budget020__seed001__eval_lighting_fixed.json,0.6062016822397709,29.636922478675842
frozen_resnet18,Frozen ResNet-18,id,frozen_resnet18_bc_128,lighting_fixed,reach,Reach,lighting_direction_intensity,Lighting,fixed_train,20,2,lighting_fixed,fixed_train,150,0,0,150,150,0.0,0.0,1.0,1.0,0.018048448488116264,0.3239707946777344,400.0,results/frozen_resnet18_bc_128px_v1/metrics/id/metrics__frozen_resnet18_bc_128__lighting_fixed__budget020__seed002__eval_lighting_fixed.json,1.8048448488116264,32.39707946777344
frozen_resnet18,Frozen ResNet-18,id,frozen_resnet18_bc_128,lighting_fixed,reach,Reach,lighting_direction_intensity,Lighting,fixed_train,50,0,lighting_fixed,fixed_train,150,0,0,150,150,0.0,0.0,1.0,1.0,0.010791047476232052,0.2893231213092804,400.0,results/frozen_resnet18_bc_128px_v1/metrics/id/metrics__frozen_resnet18_bc_128__lighting_fixed__budget050__seed000__eval_lighting_fixed.json,1.0791047476232052,28.93231213092804
frozen_resnet18,Frozen ResNet-18,id,frozen_resnet18_bc_128,lighting_fixed,reach,Reach,lighting_direction_intensity,Lighting,fixed_train,50,1,lighting_fixed,fixed_train,150,0,150,150,150,0.0,1.0,1.0,1.0,0.006226223427802324,0.3309613764286041,400.0,results/frozen_resnet18_bc_128px_v1/metrics/id/metrics__frozen_resnet18_bc_128__lighting_fixed__budget050__seed001__eval_lighting_fixed.json,0.6226223427802324,33.09613764286041
frozen_resnet18,Frozen ResNet-18,id,frozen_resnet18_bc_128,lighting_fixed,reach,Reach,lighting_direction_intensity,Lighting,fixed_train,50,2,lighting_fixed,fixed_train,150,150,150,150,150,1.0,1.0,1.0,1.0,0.0036861940752714872,0.34353989362716675,400.0,results/frozen_resnet18_bc_128px_v1/metrics/id/metrics__frozen_resnet18_bc_128__lighting_fixed__budget050__seed002__eval_lighting_fixed.json,0.3686194075271487,34.353989362716675
frozen_resnet18,Frozen ResNet-18,id,frozen_resnet18_bc_128,lighting_fixed,reach,Reach,lighting_direction_intensity,Lighting,fixed_train,100,0,lighting_fixed,fixed_train,150,0,150,150,150,0.0,1.0,1.0,1.0,0.007208055816590786,0.2871477007865906,400.0,results/frozen_resnet18_bc_128px_v1/metrics/id/metrics__frozen_resnet18_bc_128__lighting_fixed__budget100__seed000__eval_lighting_fixed.json,0.7208055816590786,28.714770078659058
frozen_resnet18,Frozen ResNet-18,id,frozen_resnet18_bc_128,lighting_fixed,reach,Reach,lighting_direction_intensity,Lighting,fixed_train,200,0,lighting_fixed,fixed_train,150,0,150,150,150,0.0,1.0,1.0,1.0,0.008260090835392475,0.3022751212120056,400.0,results/frozen_resnet18_bc_128px_v1/metrics/id/metrics__frozen_resnet18_bc_128__lighting_fixed__budget200__seed000__eval_lighting_fixed.json,0.8260090835392475,30.22751212120056
frozen_resnet18,Frozen ResNet-18,id,frozen_resnet18_bc_128,spatial_narrow,reach,Reach,spatial_distribution,Spatial distribution,narrow_train,5,0,spatial_narrow,narrow_train,150,10,34,60,101,0.06666666666666667,0.22666666666666666,0.4,0.6733333333333333,0.03599493751147141,0.19259227295561382,400.0,results/frozen_resnet18_bc_128px_v1/metrics/id/metrics__frozen_resnet18_bc_128__spatial_narrow__budget005__seed000__eval_spatial_narrow.json,3.599493751147141,19.25922729556138
frozen_resnet18,Frozen ResNet-18,id,frozen_resnet18_bc_128,spatial_narrow,reach,Reach,spatial_distribution,Spatial distribution,narrow_train,5,1,spatial_narrow,narrow_train,150,4,11,32,62,0.02666666666666667,0.07333333333333333,0.21333333333333335,0.41333333333333333,0.062451943340711295,0.33709262907505033,400.0,results/frozen_resnet18_bc_128px_v1/metrics/id/metrics__frozen_resnet18_bc_128__spatial_narrow__budget005__seed001__eval_spatial_narrow.json,6.24519433407113,33.709262907505035
frozen_resnet18,Frozen ResNet-18,id,frozen_resnet18_bc_128,spatial_narrow,reach,Reach,spatial_distribution,Spatial distribution,narrow_train,5,2,spatial_narrow,narrow_train,150,4,6,18,98,0.02666666666666667,0.04,0.12,0.6533333333333333,0.04340423655075332,0.30176987588405607,400.0,results/frozen_resnet18_bc_128px_v1/metrics/id/metrics__frozen_resnet18_bc_128__spatial_narrow__budget005__seed002__eval_spatial_narrow.json,4.340423655075332,30.176987588405606
frozen_resnet18,Frozen ResNet-18,id,frozen_resnet18_bc_128,spatial_narrow,reach,Reach,spatial_distribution,Spatial distribution,narrow_train,20,0,spatial_narrow,narrow_train,150,3,5,48,141,0.02,0.03333333333333333,0.32,0.94,0.028028827679033082,0.1728791667521,400.0,results/frozen_resnet18_bc_128px_v1/metrics/id/metrics__frozen_resnet18_bc_128__spatial_narrow__budget020__seed000__eval_spatial_narrow.json,2.8028827679033084,17.28791667521
frozen_resnet18,Frozen ResNet-18,id,frozen_resnet18_bc_128,spatial_narrow,reach,Reach,spatial_distribution,Spatial distribution,narrow_train,20,1,spatial_narrow,narrow_train,150,0,2,19,141,0.0,0.013333333333333334,0.12666666666666668,0.94,0.03187150243048867,0.2713526266813278,400.0,results/frozen_resnet18_bc_128px_v1/metrics/id/metrics__frozen_resnet18_bc_128__spatial_narrow__budget020__seed001__eval_spatial_narrow.json,3.1871502430488667,27.135262668132782
frozen_resnet18,Frozen ResNet-18,id,frozen_resnet18_bc_128,spatial_narrow,reach,Reach,spatial_distribution,Spatial distribution,narrow_train,20,2,spatial_narrow,narrow_train,150,22,67,118,149,0.14666666666666667,0.44666666666666666,0.7866666666666666,0.9933333333333333,0.01522255569929257,0.20407014483818783,398.04,results/frozen_resnet18_bc_128px_v1/metrics/id/metrics__frozen_resnet18_bc_128__spatial_narrow__budget020__seed002__eval_spatial_narrow.json,1.522255569929257,20.407014483818784
frozen_resnet18,Frozen ResNet-18,id,frozen_resnet18_bc_128,spatial_narrow,reach,Reach,spatial_distribution,Spatial distribution,narrow_train,50,0,spatial_narrow,narrow_train,150,9,70,149,150,0.06,0.4666666666666667,0.9933333333333333,1.0,0.0100480963398392,0.1823814707932373,400.0,results/frozen_resnet18_bc_128px_v1/metrics/id/metrics__frozen_resnet18_bc_128__spatial_narrow__budget050__seed000__eval_spatial_narrow.json,1.0048096339839199,18.23814707932373
frozen_resnet18,Frozen ResNet-18,id,frozen_resnet18_bc_128,spatial_narrow,reach,Reach,spatial_distribution,Spatial distribution,narrow_train,50,1,spatial_narrow,narrow_train,150,0,17,123,149,0.0,0.11333333333333333,0.82,0.9933333333333333,0.016738904075076184,0.19244508286317188,400.0,results/frozen_resnet18_bc_128px_v1/metrics/id/metrics__frozen_resnet18_bc_128__spatial_narrow__budget050__seed001__eval_spatial_narrow.json,1.6738904075076184,19.24450828631719
frozen_resnet18,Frozen ResNet-18,id,frozen_resnet18_bc_128,spatial_narrow,reach,Reach,spatial_distribution,Spatial distribution,narrow_train,50,2,spatial_narrow,narrow_train,150,45,104,147,150,0.3,0.6933333333333334,0.98,1.0,0.008266466414788738,0.1597849308679967,396.18,results/frozen_resnet18_bc_128px_v1/metrics/id/metrics__frozen_resnet18_bc_128__spatial_narrow__budget050__seed002__eval_spatial_narrow.json,0.8266466414788738,15.97849308679967
frozen_resnet18,Frozen ResNet-18,id,frozen_resnet18_bc_128,spatial_narrow,reach,Reach,spatial_distribution,Spatial distribution,narrow_train,100,0,spatial_narrow,narrow_train,150,35,96,149,150,0.23333333333333334,0.64,0.9933333333333333,1.0,0.008575079860941817,0.1735859614610672,400.0,results/frozen_resnet18_bc_128px_v1/metrics/id/metrics__frozen_resnet18_bc_128__spatial_narrow__budget100__seed000__eval_spatial_narrow.json,0.8575079860941817,17.35859614610672
frozen_resnet18,Frozen ResNet-18,id,frozen_resnet18_bc_128,spatial_narrow,reach,Reach,spatial_distribution,Spatial distribution,narrow_train,200,0,spatial_narrow,narrow_train,150,71,147,150,150,0.47333333333333333,0.98,1.0,1.0,0.005060799228570735,0.16458688564947807,398.06,results/frozen_resnet18_bc_128px_v1/metrics/id/metrics__frozen_resnet18_bc_128__spatial_narrow__budget200__seed000__eval_spatial_narrow.json,0.5060799228570735,16.458688564947806
frozen_resnet18,Frozen ResNet-18,id,frozen_resnet18_bc_128,spatial_wide,reach,Reach,spatial_distribution,Spatial distribution,wide_train,5,0,spatial_wide,wide_train,150,1,2,9,29,0.006666666666666667,0.013333333333333334,0.06,0.19333333333333333,0.11786040860693901,0.3116068405906359,400.0,results/frozen_resnet18_bc_128px_v1/metrics/id/metrics__frozen_resnet18_bc_128__spatial_wide__budget005__seed000__eval_spatial_wide.json,11.786040860693902,31.16068405906359
frozen_resnet18,Frozen ResNet-18,id,frozen_resnet18_bc_128,spatial_wide,reach,Reach,spatial_distribution,Spatial distribution,wide_train,5,1,spatial_wide,wide_train,150,1,9,19,55,0.006666666666666667,0.06,0.12666666666666668,0.36666666666666664,0.07675967203608404,0.23256031100948651,400.0,results/frozen_resnet18_bc_128px_v1/metrics/id/metrics__frozen_resnet18_bc_128__spatial_wide__budget005__seed001__eval_spatial_wide.json,7.675967203608404,23.25603110094865
frozen_resnet18,Frozen ResNet-18,id,frozen_resnet18_bc_128,spatial_wide,reach,Reach,spatial_distribution,Spatial distribution,wide_train,5,2,spatial_wide,wide_train,150,1,2,10,42,0.006666666666666667,0.013333333333333334,0.06666666666666667,0.28,0.08901184714244058,0.2803942185407504,397.8466666666667,results/frozen_resnet18_bc_128px_v1/metrics/id/metrics__frozen_resnet18_bc_128__spatial_wide__budget005__seed002__eval_spatial_wide.json,8.901184714244058,28.03942185407504
frozen_resnet18,Frozen ResNet-18,id,frozen_resnet18_bc_128,spatial_wide,reach,Reach,spatial_distribution,Spatial distribution,wide_train,20,0,spatial_wide,wide_train,150,0,2,19,81,0.0,0.013333333333333334,0.12666666666666668,0.54,0.05976664339502653,0.24190780406196913,400.0,results/frozen_resnet18_bc_128px_v1/metrics/id/metrics__frozen_resnet18_bc_128__spatial_wide__budget020__seed000__eval_spatial_wide.json,5.976664339502653,24.190780406196914
frozen_resnet18,Frozen ResNet-18,id,frozen_resnet18_bc_128,spatial_wide,reach,Reach,spatial_distribution,Spatial distribution,wide_train,20,1,spatial_wide,wide_train,150,1,6,29,101,0.006666666666666667,0.04,0.19333333333333333,0.6733333333333333,0.04265200959518552,0.21116901542370517,400.0,results/frozen_resnet18_bc_128px_v1/metrics/id/metrics__frozen_resnet18_bc_128__spatial_wide__budget020__seed001__eval_spatial_wide.json,4.265200959518552,21.116901542370517
frozen_resnet18,Frozen ResNet-18,id,frozen_resnet18_bc_128,spatial_wide,reach,Reach,spatial_distribution,Spatial distribution,wide_train,20,2,spatial_wide,wide_train,150,0,2,29,85,0.0,0.013333333333333334,0.19333333333333333,0.5666666666666667,0.04741542973245184,0.16418738101919492,400.0,results/frozen_resnet18_bc_128px_v1/metrics/id/metrics__frozen_resnet18_bc_128__spatial_wide__budget020__seed002__eval_spatial_wide.json,4.741542973245184,16.41873810191949
frozen_resnet18,Frozen ResNet-18,id,frozen_resnet18_bc_128,spatial_wide,reach,Reach,spatial_distribution,Spatial distribution,wide_train,50,0,spatial_wide,wide_train,150,28,58,110,141,0.18666666666666668,0.38666666666666666,0.7333333333333333,0.94,0.017329537394301344,0.10279221535349886,400.0,results/frozen_resnet18_bc_128px_v1/metrics/id/metrics__frozen_resnet18_bc_128__spatial_wide__budget050__seed000__eval_spatial_wide.json,1.7329537394301344,10.279221535349887
frozen_resnet18,Frozen ResNet-18,id,frozen_resnet18_bc_128,spatial_wide,reach,Reach,spatial_distribution,Spatial distribution,wide_train,50,1,spatial_wide,wide_train,150,5,17,104,147,0.03333333333333333,0.11333333333333333,0.6933333333333334,0.98,0.019124730842498442,0.1585120772694548,400.0,results/frozen_resnet18_bc_128px_v1/metrics/id/metrics__frozen_resnet18_bc_128__spatial_wide__budget050__seed001__eval_spatial_wide.json,1.9124730842498443,15.851207726945479
frozen_resnet18,Frozen ResNet-18,id,frozen_resnet18_bc_128,spatial_wide,reach,Reach,spatial_distribution,Spatial distribution,wide_train,50,2,spatial_wide,wide_train,150,1,17,47,125,0.006666666666666667,0.11333333333333333,0.31333333333333335,0.8333333333333334,0.031239056307822467,0.20853224953015645,400.0,results/frozen_resnet18_bc_128px_v1/metrics/id/metrics__frozen_resnet18_bc_128__spatial_wide__budget050__seed002__eval_spatial_wide.json,3.1239056307822466,20.853224953015644
frozen_resnet18,Frozen ResNet-18,id,frozen_resnet18_bc_128,spatial_wide,reach,Reach,spatial_distribution,Spatial distribution,wide_train,100,0,spatial_wide,wide_train,150,6,32,89,149,0.04,0.21333333333333335,0.5933333333333334,0.9933333333333333,0.018564329880755393,0.15140025845340763,398.11333333333334,results/frozen_resnet18_bc_128px_v1/metrics/id/metrics__frozen_resnet18_bc_128__spatial_wide__budget100__seed000__eval_spatial_wide.json,1.8564329880755392,15.140025845340762
frozen_resnet18,Frozen ResNet-18,id,frozen_resnet18_bc_128,spatial_wide,reach,Reach,spatial_distribution,Spatial distribution,wide_train,200,0,spatial_wide,wide_train,150,26,78,133,149,0.17333333333333334,0.52,0.8866666666666667,0.9933333333333333,0.011200669036867717,0.12135950160678476,398.12666666666667,results/frozen_resnet18_bc_128px_v1/metrics/id/metrics__frozen_resnet18_bc_128__spatial_wide__budget200__seed000__eval_spatial_wide.json,1.1200669036867716,12.135950160678476
frozen_resnet18,Frozen ResNet-18,ood,frozen_resnet18_bc_128,avoid_camera_fixed,avoid_reach,Obstacle-aware reach,camera_location_viewpoint,Camera viewpoint,fixed_train,5,0,avoid_camera_extreme_ood_eval,extreme_ood_eval,150,0,2,6,95,0.0,0.013333333333333334,0.04,0.6333333333333333,0.05250800812306503,0.1938546018799146,400.0,results/frozen_resnet18_bc_128px_v1/metrics/ood/metrics__frozen_resnet18_bc_128__avoid_camera_fixed__budget005__seed000__eval_avoid_camera_extreme_ood_eval.json,5.250800812306503,19.38546018799146
frozen_resnet18,Frozen ResNet-18,ood,frozen_resnet18_bc_128,avoid_camera_fixed,avoid_reach,Obstacle-aware reach,camera_location_viewpoint,Camera viewpoint,fixed_train,5,1,avoid_camera_extreme_ood_eval,extreme_ood_eval,150,0,0,0,38,0.0,0.0,0.0,0.25333333333333335,0.05361347792049249,0.2074235484500726,400.0,results/frozen_resnet18_bc_128px_v1/metrics/ood/metrics__frozen_resnet18_bc_128__avoid_camera_fixed__budget005__seed001__eval_avoid_camera_extreme_ood_eval.json,5.361347792049249,20.74235484500726
frozen_resnet18,Frozen ResNet-18,ood,frozen_resnet18_bc_128,avoid_camera_fixed,avoid_reach,Obstacle-aware reach,camera_location_viewpoint,Camera viewpoint,fixed_train,5,2,avoid_camera_extreme_ood_eval,extreme_ood_eval,150,0,0,0,25,0.0,0.0,0.0,0.16666666666666666,0.061340225177506605,0.2008124619225661,400.0,results/frozen_resnet18_bc_128px_v1/metrics/ood/metrics__frozen_resnet18_bc_128__avoid_camera_fixed__budget005__seed002__eval_avoid_camera_extreme_ood_eval.json,6.134022517750661,20.08124619225661
frozen_resnet18,Frozen ResNet-18,ood,frozen_resnet18_bc_128,avoid_camera_fixed,avoid_reach,Obstacle-aware reach,camera_location_viewpoint,Camera viewpoint,fixed_train,20,0,avoid_camera_extreme_ood_eval,extreme_ood_eval,150,0,0,9,129,0.0,0.0,0.06,0.86,0.038791772350668906,0.2079512854417165,400.0,results/frozen_resnet18_bc_128px_v1/metrics/ood/metrics__frozen_resnet18_bc_128__avoid_camera_fixed__budget020__seed000__eval_avoid_camera_extreme_ood_eval.json,3.8791772350668907,20.79512854417165
frozen_resnet18,Frozen ResNet-18,ood,frozen_resnet18_bc_128,avoid_camera_fixed,avoid_reach,Obstacle-aware reach,camera_location_viewpoint,Camera viewpoint,fixed_train,20,1,avoid_camera_extreme_ood_eval,extreme_ood_eval,150,0,0,0,70,0.0,0.0,0.0,0.4666666666666667,0.06789510983973741,0.22032224595546723,400.0,results/frozen_resnet18_bc_128px_v1/metrics/ood/metrics__frozen_resnet18_bc_128__avoid_camera_fixed__budget020__seed001__eval_avoid_camera_extreme_ood_eval.json,6.7895109839737415,22.032224595546722
frozen_resnet18,Frozen ResNet-18,ood,frozen_resnet18_bc_128,avoid_camera_fixed,avoid_reach,Obstacle-aware reach,camera_location_viewpoint,Camera viewpoint,fixed_train,20,2,avoid_camera_extreme_ood_eval,extreme_ood_eval,150,0,0,0,60,0.0,0.0,0.0,0.4,0.0839748315513134,0.16904865883290768,400.0,results/frozen_resnet18_bc_128px_v1/metrics/ood/metrics__frozen_resnet18_bc_128__avoid_camera_fixed__budget020__seed002__eval_avoid_camera_extreme_ood_eval.json,8.39748315513134,16.904865883290768
frozen_resnet18,Frozen ResNet-18,ood,frozen_resnet18_bc_128,avoid_camera_fixed,avoid_reach,Obstacle-aware reach,camera_location_viewpoint,Camera viewpoint,fixed_train,50,0,avoid_camera_extreme_ood_eval,extreme_ood_eval,150,0,1,4,92,0.0,0.006666666666666667,0.02666666666666667,0.6133333333333333,0.09022071801436445,0.27551986681918306,400.0,results/frozen_resnet18_bc_128px_v1/metrics/ood/metrics__frozen_resnet18_bc_128__avoid_camera_fixed__budget050__seed000__eval_avoid_camera_extreme_ood_eval.json,9.022071801436445,27.551986681918304
frozen_resnet18,Frozen ResNet-18,ood,frozen_resnet18_bc_128,avoid_camera_fixed,avoid_reach,Obstacle-aware reach,camera_location_viewpoint,Camera viewpoint,fixed_train,50,1,avoid_camera_extreme_ood_eval,extreme_ood_eval,150,0,0,0,73,0.0,0.0,0.0,0.4866666666666667,0.07859549292673668,0.25347469456493854,400.0,results/frozen_resnet18_bc_128px_v1/metrics/ood/metrics__frozen_resnet18_bc_128__avoid_camera_fixed__budget050__seed001__eval_avoid_camera_extreme_ood_eval.json,7.859549292673668,25.347469456493855
frozen_resnet18,Frozen ResNet-18,ood,frozen_resnet18_bc_128,avoid_camera_fixed,avoid_reach,Obstacle-aware reach,camera_location_viewpoint,Camera viewpoint,fixed_train,50,2,avoid_camera_extreme_ood_eval,extreme_ood_eval,150,0,0,0,80,0.0,0.0,0.0,0.5333333333333333,0.0508161057283481,0.08031602596243223,400.0,results/frozen_resnet18_bc_128px_v1/metrics/ood/metrics__frozen_resnet18_bc_128__avoid_camera_fixed__budget050__seed002__eval_avoid_camera_extreme_ood_eval.json,5.081610572834809,8.031602596243223
frozen_resnet18,Frozen ResNet-18,ood,frozen_resnet18_bc_128,avoid_camera_fixed,avoid_reach,Obstacle-aware reach,camera_location_viewpoint,Camera viewpoint,fixed_train,100,0,avoid_camera_extreme_ood_eval,extreme_ood_eval,150,0,0,1,137,0.0,0.0,0.006666666666666667,0.9133333333333333,0.04443944543600083,0.14633119165897368,400.0,results/frozen_resnet18_bc_128px_v1/metrics/ood/metrics__frozen_resnet18_bc_128__avoid_camera_fixed__budget100__seed000__eval_avoid_camera_extreme_ood_eval.json,4.443944543600082,14.633119165897368
frozen_resnet18,Frozen ResNet-18,ood,frozen_resnet18_bc_128,avoid_camera_fixed,avoid_reach,Obstacle-aware reach,camera_location_viewpoint,Camera viewpoint,fixed_train,200,0,avoid_camera_extreme_ood_eval,extreme_ood_eval,150,0,0,0,132,0.0,0.0,0.0,0.88,0.050764453212420145,0.17596963547170164,400.0,results/frozen_resnet18_bc_128px_v1/metrics/ood/metrics__frozen_resnet18_bc_128__avoid_camera_fixed__budget200__seed000__eval_avoid_camera_extreme_ood_eval.json,5.076445321242015,17.596963547170162
frozen_resnet18,Frozen ResNet-18,ood,frozen_resnet18_bc_128,avoid_camera_multi_pose,avoid_reach,Obstacle-aware reach,camera_location_viewpoint,Camera viewpoint,diverse_train,5,0,avoid_camera_extreme_ood_eval,extreme_ood_eval,150,0,0,0,44,0.0,0.0,0.0,0.29333333333333333,0.06870166406035423,0.16084212894241015,400.0,results/frozen_resnet18_bc_128px_v1/metrics/ood/metrics__frozen_resnet18_bc_128__avoid_camera_multi_pose__budget005__seed000__eval_avoid_camera_extreme_ood_eval.json,6.870166406035423,16.084212894241016
frozen_resnet18,Frozen ResNet-18,ood,frozen_resnet18_bc_128,avoid_camera_multi_pose,avoid_reach,Obstacle-aware reach,camera_location_viewpoint,Camera viewpoint,diverse_train,5,1,avoid_camera_extreme_ood_eval,extreme_ood_eval,150,0,0,0,110,0.0,0.0,0.0,0.7333333333333333,0.054276323405404885,0.06665715328107277,400.0,results/frozen_resnet18_bc_128px_v1/metrics/ood/metrics__frozen_resnet18_bc_128__avoid_camera_multi_pose__budget005__seed001__eval_avoid_camera_extreme_ood_eval.json,5.427632340540488,6.665715328107277
frozen_resnet18,Frozen ResNet-18,ood,frozen_resnet18_bc_128,avoid_camera_multi_pose,avoid_reach,Obstacle-aware reach,camera_location_viewpoint,Camera viewpoint,diverse_train,5,2,avoid_camera_extreme_ood_eval,extreme_ood_eval,150,0,0,0,94,0.0,0.0,0.0,0.6266666666666667,0.04867564082145691,0.07427968561649323,400.0,results/frozen_resnet18_bc_128px_v1/metrics/ood/metrics__frozen_resnet18_bc_128__avoid_camera_multi_pose__budget005__seed002__eval_avoid_camera_extreme_ood_eval.json,4.867564082145691,7.4279685616493225
frozen_resnet18,Frozen ResNet-18,ood,frozen_resnet18_bc_128,avoid_camera_multi_pose,avoid_reach,Obstacle-aware reach,camera_location_viewpoint,Camera viewpoint,diverse_train,20,0,avoid_camera_extreme_ood_eval,extreme_ood_eval,150,0,0,0,30,0.0,0.0,0.0,0.2,0.1639211512853702,0.3544705936064323,400.0,results/frozen_resnet18_bc_128px_v1/metrics/ood/metrics__frozen_resnet18_bc_128__avoid_camera_multi_pose__budget020__seed000__eval_avoid_camera_extreme_ood_eval.json,16.392115128537018,35.44705936064323
frozen_resnet18,Frozen ResNet-18,ood,frozen_resnet18_bc_128,avoid_camera_multi_pose,avoid_reach,Obstacle-aware reach,camera_location_viewpoint,Camera viewpoint,diverse_train,20,1,avoid_camera_extreme_ood_eval,extreme_ood_eval,150,0,0,0,137,0.0,0.0,0.0,0.9133333333333333,0.0459822349747022,0.13324051156640052,400.0,results/frozen_resnet18_bc_128px_v1/metrics/ood/metrics__frozen_resnet18_bc_128__avoid_camera_multi_pose__budget020__seed001__eval_avoid_camera_extreme_ood_eval.json,4.59822349747022,13.324051156640051
frozen_resnet18,Frozen ResNet-18,ood,frozen_resnet18_bc_128,avoid_camera_multi_pose,avoid_reach,Obstacle-aware reach,camera_location_viewpoint,Camera viewpoint,diverse_train,20,2,avoid_camera_extreme_ood_eval,extreme_ood_eval,150,0,0,1,150,0.0,0.0,0.006666666666666667,1.0,0.039156775747736294,0.13225973457098006,400.0,results/frozen_resnet18_bc_128px_v1/metrics/ood/metrics__frozen_resnet18_bc_128__avoid_camera_multi_pose__budget020__seed002__eval_avoid_camera_extreme_ood_eval.json,3.915677574773629,13.225973457098005
frozen_resnet18,Frozen ResNet-18,ood,frozen_resnet18_bc_128,avoid_camera_multi_pose,avoid_reach,Obstacle-aware reach,camera_location_viewpoint,Camera viewpoint,diverse_train,50,0,avoid_camera_extreme_ood_eval,extreme_ood_eval,150,0,0,0,137,0.0,0.0,0.0,0.9133333333333333,0.04189369677255551,0.1530981264511744,400.0,results/frozen_resnet18_bc_128px_v1/metrics/ood/metrics__frozen_resnet18_bc_128__avoid_camera_multi_pose__budget050__seed000__eval_avoid_camera_extreme_ood_eval.json,4.18936967725555,15.309812645117441
frozen_resnet18,Frozen ResNet-18,ood,frozen_resnet18_bc_128,avoid_camera_multi_pose,avoid_reach,Obstacle-aware reach,camera_location_viewpoint,Camera viewpoint,diverse_train,50,1,avoid_camera_extreme_ood_eval,extreme_ood_eval,150,0,0,0,150,0.0,0.0,0.0,1.0,0.041574110922714076,0.15876416449745495,400.0,results/frozen_resnet18_bc_128px_v1/metrics/ood/metrics__frozen_resnet18_bc_128__avoid_camera_multi_pose__budget050__seed001__eval_avoid_camera_extreme_ood_eval.json,4.157411092271408,15.876416449745495
frozen_resnet18,Frozen ResNet-18,ood,frozen_resnet18_bc_128,avoid_camera_multi_pose,avoid_reach,Obstacle-aware reach,camera_location_viewpoint,Camera viewpoint,diverse_train,50,2,avoid_camera_extreme_ood_eval,extreme_ood_eval,150,0,0,0,148,0.0,0.0,0.0,0.9866666666666667,0.04129268904527028,0.10169821254909038,400.0,results/frozen_resnet18_bc_128px_v1/metrics/ood/metrics__frozen_resnet18_bc_128__avoid_camera_multi_pose__budget050__seed002__eval_avoid_camera_extreme_ood_eval.json,4.129268904527028,10.169821254909039
frozen_resnet18,Frozen ResNet-18,ood,frozen_resnet18_bc_128,avoid_camera_multi_pose,avoid_reach,Obstacle-aware reach,camera_location_viewpoint,Camera viewpoint,diverse_train,100,0,avoid_camera_extreme_ood_eval,extreme_ood_eval,150,0,0,0,149,0.0,0.0,0.0,0.9933333333333333,0.041467110129694146,0.15694179174800713,400.0,results/frozen_resnet18_bc_128px_v1/metrics/ood/metrics__frozen_resnet18_bc_128__avoid_camera_multi_pose__budget100__seed000__eval_avoid_camera_extreme_ood_eval.json,4.146711012969415,15.694179174800713
frozen_resnet18,Frozen ResNet-18,ood,frozen_resnet18_bc_128,avoid_camera_multi_pose,avoid_reach,Obstacle-aware reach,camera_location_viewpoint,Camera viewpoint,diverse_train,200,0,avoid_camera_extreme_ood_eval,extreme_ood_eval,150,0,0,0,150,0.0,0.0,0.0,1.0,0.039126434375842414,0.10790667856733004,400.0,results/frozen_resnet18_bc_128px_v1/metrics/ood/metrics__frozen_resnet18_bc_128__avoid_camera_multi_pose__budget200__seed000__eval_avoid_camera_extreme_ood_eval.json,3.9126434375842414,10.790667856733004
frozen_resnet18,Frozen ResNet-18,ood,frozen_resnet18_bc_128,avoid_color_multi,avoid_reach,Obstacle-aware reach,color,Color,diverse_train,5,0,avoid_color_ood_eval,ood_eval,150,0,0,0,39,0.0,0.0,0.0,0.26,0.15719738910595576,0.36610430081685386,400.0,results/frozen_resnet18_bc_128px_v1/metrics/ood/metrics__frozen_resnet18_bc_128__avoid_color_multi__budget005__seed000__eval_avoid_color_ood_eval.json,15.719738910595577,36.61043008168539
frozen_resnet18,Frozen ResNet-18,ood,frozen_resnet18_bc_128,avoid_color_multi,avoid_reach,Obstacle-aware reach,color,Color,diverse_train,5,1,avoid_color_ood_eval,ood_eval,150,0,0,0,150,0.0,0.0,0.0,1.0,0.04414241038262844,0.048885598083337145,400.0,results/frozen_resnet18_bc_128px_v1/metrics/ood/metrics__frozen_resnet18_bc_128__avoid_color_multi__budget005__seed001__eval_avoid_color_ood_eval.json,4.414241038262844,4.8885598083337145
frozen_resnet18,Frozen ResNet-18,ood,frozen_resnet18_bc_128,avoid_color_multi,avoid_reach,Obstacle-aware reach,color,Color,diverse_train,5,2,avoid_color_ood_eval,ood_eval,150,0,0,0,111,0.0,0.0,0.0,0.74,0.047328904668490095,0.050825873439510665,400.0,results/frozen_resnet18_bc_128px_v1/metrics/ood/metrics__frozen_resnet18_bc_128__avoid_color_multi__budget005__seed002__eval_avoid_color_ood_eval.json,4.7328904668490095,5.082587343951066
frozen_resnet18,Frozen ResNet-18,ood,frozen_resnet18_bc_128,avoid_color_multi,avoid_reach,Obstacle-aware reach,color,Color,diverse_train,20,0,avoid_color_ood_eval,ood_eval,150,0,0,0,0,0.0,0.0,0.0,0.0,0.19916083186864852,0.47274627685546877,400.0,results/frozen_resnet18_bc_128px_v1/metrics/ood/metrics__frozen_resnet18_bc_128__avoid_color_multi__budget020__seed000__eval_avoid_color_ood_eval.json,19.916083186864853,47.274627685546875
frozen_resnet18,Frozen ResNet-18,ood,frozen_resnet18_bc_128,avoid_color_multi,avoid_reach,Obstacle-aware reach,color,Color,diverse_train,20,1,avoid_color_ood_eval,ood_eval,150,0,0,0,150,0.0,0.0,0.0,1.0,0.047579680904746055,0.0794757001598676,400.0,results/frozen_resnet18_bc_128px_v1/metrics/ood/metrics__frozen_resnet18_bc_128__avoid_color_multi__budget020__seed001__eval_avoid_color_ood_eval.json,4.757968090474606,7.94757001598676
frozen_resnet18,Frozen ResNet-18,ood,frozen_resnet18_bc_128,avoid_color_multi,avoid_reach,Obstacle-aware reach,color,Color,diverse_train,20,2,avoid_color_ood_eval,ood_eval,150,0,0,0,150,0.0,0.0,0.0,1.0,0.03666907750070095,0.11339697435498237,400.0,results/frozen_resnet18_bc_128px_v1/metrics/ood/metrics__frozen_resnet18_bc_128__avoid_color_multi__budget020__seed002__eval_avoid_color_ood_eval.json,3.6669077500700946,11.339697435498238
frozen_resnet18,Frozen ResNet-18,ood,frozen_resnet18_bc_128,avoid_color_multi,avoid_reach,Obstacle-aware reach,color,Color,diverse_train,50,0,avoid_color_ood_eval,ood_eval,150,0,0,0,108,0.0,0.0,0.0,0.72,0.08516177684068679,0.22991339549422263,400.0,results/frozen_resnet18_bc_128px_v1/metrics/ood/metrics__frozen_resnet18_bc_128__avoid_color_multi__budget050__seed000__eval_avoid_color_ood_eval.json,8.51617768406868,22.991339549422264
frozen_resnet18,Frozen ResNet-18,ood,frozen_resnet18_bc_128,avoid_color_multi,avoid_reach,Obstacle-aware reach,color,Color,diverse_train,50,1,avoid_color_ood_eval,ood_eval,150,0,0,0,150,0.0,0.0,0.0,1.0,0.04099446098009745,0.07697903235753377,400.0,results/frozen_resnet18_bc_128px_v1/metrics/ood/metrics__frozen_resnet18_bc_128__avoid_color_multi__budget050__seed001__eval_avoid_color_ood_eval.json,4.099446098009745,7.697903235753377
frozen_resnet18,Frozen ResNet-18,ood,frozen_resnet18_bc_128,avoid_color_multi,avoid_reach,Obstacle-aware reach,color,Color,diverse_train,50,2,avoid_color_ood_eval,ood_eval,150,0,0,0,150,0.0,0.0,0.0,1.0,0.04064931017657121,0.05668687703708808,400.0,results/frozen_resnet18_bc_128px_v1/metrics/ood/metrics__frozen_resnet18_bc_128__avoid_color_multi__budget050__seed002__eval_avoid_color_ood_eval.json,4.064931017657121,5.668687703708808
frozen_resnet18,Frozen ResNet-18,ood,frozen_resnet18_bc_128,avoid_color_multi,avoid_reach,Obstacle-aware reach,color,Color,diverse_train,100,0,avoid_color_ood_eval,ood_eval,150,0,0,0,150,0.0,0.0,0.0,1.0,0.03751766043404738,0.12845419997970264,400.0,results/frozen_resnet18_bc_128px_v1/metrics/ood/metrics__frozen_resnet18_bc_128__avoid_color_multi__budget100__seed000__eval_avoid_color_ood_eval.json,3.7517660434047384,12.845419997970264
frozen_resnet18,Frozen ResNet-18,ood,frozen_resnet18_bc_128,avoid_color_multi,avoid_reach,Obstacle-aware reach,color,Color,diverse_train,200,0,avoid_color_ood_eval,ood_eval,150,0,0,0,150,0.0,0.0,0.0,1.0,0.037898463209470115,0.11374955072999,400.0,results/frozen_resnet18_bc_128px_v1/metrics/ood/metrics__frozen_resnet18_bc_128__avoid_color_multi__budget200__seed000__eval_avoid_color_ood_eval.json,3.7898463209470115,11.374955072999
frozen_resnet18,Frozen ResNet-18,ood,frozen_resnet18_bc_128,avoid_color_red_only,avoid_reach,Obstacle-aware reach,color,Color,fixed_train,5,0,avoid_color_ood_eval,ood_eval,150,0,0,0,150,0.0,0.0,0.0,1.0,0.04035903642574946,0.10278378879030546,400.0,results/frozen_resnet18_bc_128px_v1/metrics/ood/metrics__frozen_resnet18_bc_128__avoid_color_red_only__budget005__seed000__eval_avoid_color_ood_eval.json,4.0359036425749455,10.278378879030546
frozen_resnet18,Frozen ResNet-18,ood,frozen_resnet18_bc_128,avoid_color_red_only,avoid_reach,Obstacle-aware reach,color,Color,fixed_train,5,1,avoid_color_ood_eval,ood_eval,150,0,0,0,39,0.0,0.0,0.0,0.26,0.050966616372267404,0.20212180137634278,400.0,results/frozen_resnet18_bc_128px_v1/metrics/ood/metrics__frozen_resnet18_bc_128__avoid_color_red_only__budget005__seed001__eval_avoid_color_ood_eval.json,5.09666163722674,20.212180137634277
frozen_resnet18,Frozen ResNet-18,ood,frozen_resnet18_bc_128,avoid_color_red_only,avoid_reach,Obstacle-aware reach,color,Color,fixed_train,5,2,avoid_color_ood_eval,ood_eval,150,0,0,0,0,0.0,0.0,0.0,0.0,0.08192428727944692,0.18473062813282012,400.0,results/frozen_resnet18_bc_128px_v1/metrics/ood/metrics__frozen_resnet18_bc_128__avoid_color_red_only__budget005__seed002__eval_avoid_color_ood_eval.json,8.192428727944693,18.473062813282013
frozen_resnet18,Frozen ResNet-18,ood,frozen_resnet18_bc_128,avoid_color_red_only,avoid_reach,Obstacle-aware reach,color,Color,fixed_train,20,0,avoid_color_ood_eval,ood_eval,150,0,0,0,150,0.0,0.0,0.0,1.0,0.03729500425358613,0.13646309425433475,400.0,results/frozen_resnet18_bc_128px_v1/metrics/ood/metrics__frozen_resnet18_bc_128__avoid_color_red_only__budget020__seed000__eval_avoid_color_ood_eval.json,3.729500425358613,13.646309425433476
frozen_resnet18,Frozen ResNet-18,ood,frozen_resnet18_bc_128,avoid_color_red_only,avoid_reach,Obstacle-aware reach,color,Color,fixed_train,20,1,avoid_color_ood_eval,ood_eval,150,0,0,0,150,0.0,0.0,0.0,1.0,0.03774414154390494,0.11532299230496089,400.0,results/frozen_resnet18_bc_128px_v1/metrics/ood/metrics__frozen_resnet18_bc_128__avoid_color_red_only__budget020__seed001__eval_avoid_color_ood_eval.json,3.774414154390494,11.532299230496088
frozen_resnet18,Frozen ResNet-18,ood,frozen_resnet18_bc_128,avoid_color_red_only,avoid_reach,Obstacle-aware reach,color,Color,fixed_train,20,2,avoid_color_ood_eval,ood_eval,150,0,0,0,150,0.0,0.0,0.0,1.0,0.039492711797356604,0.05738909500340621,400.0,results/frozen_resnet18_bc_128px_v1/metrics/ood/metrics__frozen_resnet18_bc_128__avoid_color_red_only__budget020__seed002__eval_avoid_color_ood_eval.json,3.9492711797356606,5.738909500340621
frozen_resnet18,Frozen ResNet-18,ood,frozen_resnet18_bc_128,avoid_color_red_only,avoid_reach,Obstacle-aware reach,color,Color,fixed_train,50,0,avoid_color_ood_eval,ood_eval,150,0,0,0,150,0.0,0.0,0.0,1.0,0.03877751149237156,0.1581831873456637,400.0,results/frozen_resnet18_bc_128px_v1/metrics/ood/metrics__frozen_resnet18_bc_128__avoid_color_red_only__budget050__seed000__eval_avoid_color_ood_eval.json,3.877751149237156,15.81831873456637
frozen_resnet18,Frozen ResNet-18,ood,frozen_resnet18_bc_128,avoid_color_red_only,avoid_reach,Obstacle-aware reach,color,Color,fixed_train,50,1,avoid_color_ood_eval,ood_eval,150,0,0,0,150,0.0,0.0,0.0,1.0,0.037789519553383194,0.15787735293308894,400.0,results/frozen_resnet18_bc_128px_v1/metrics/ood/metrics__frozen_resnet18_bc_128__avoid_color_red_only__budget050__seed001__eval_avoid_color_ood_eval.json,3.7789519553383193,15.787735293308893
frozen_resnet18,Frozen ResNet-18,ood,frozen_resnet18_bc_128,avoid_color_red_only,avoid_reach,Obstacle-aware reach,color,Color,fixed_train,50,2,avoid_color_ood_eval,ood_eval,150,0,0,0,150,0.0,0.0,0.0,1.0,0.04372998071213563,0.05505817636847496,400.0,results/frozen_resnet18_bc_128px_v1/metrics/ood/metrics__frozen_resnet18_bc_128__avoid_color_red_only__budget050__seed002__eval_avoid_color_ood_eval.json,4.372998071213563,5.505817636847496
frozen_resnet18,Frozen ResNet-18,ood,frozen_resnet18_bc_128,avoid_color_red_only,avoid_reach,Obstacle-aware reach,color,Color,fixed_train,100,0,avoid_color_ood_eval,ood_eval,150,0,0,0,150,0.0,0.0,0.0,1.0,0.03903605592747529,0.12722166061401366,400.0,results/frozen_resnet18_bc_128px_v1/metrics/ood/metrics__frozen_resnet18_bc_128__avoid_color_red_only__budget100__seed000__eval_avoid_color_ood_eval.json,3.903605592747529,12.722166061401365
frozen_resnet18,Frozen ResNet-18,ood,frozen_resnet18_bc_128,avoid_color_red_only,avoid_reach,Obstacle-aware reach,color,Color,fixed_train,200,0,avoid_color_ood_eval,ood_eval,150,0,0,0,150,0.0,0.0,0.0,1.0,0.03992066986858845,0.1715170364578565,400.0,results/frozen_resnet18_bc_128px_v1/metrics/ood/metrics__frozen_resnet18_bc_128__avoid_color_red_only__budget200__seed000__eval_avoid_color_ood_eval.json,3.992066986858845,17.15170364578565
frozen_resnet18,Frozen ResNet-18,ood,frozen_resnet18_bc_128,avoid_lighting_diverse,avoid_reach,Obstacle-aware reach,lighting_direction_intensity,Lighting,diverse_train,5,0,avoid_lighting_extreme_ood_eval,extreme_ood_eval,150,0,42,42,115,0.0,0.28,0.28,0.7666666666666667,0.028697211934874456,0.2374988199273745,400.0,results/frozen_resnet18_bc_128px_v1/metrics/ood/metrics__frozen_resnet18_bc_128__avoid_lighting_diverse__budget005__seed000__eval_avoid_lighting_extreme_ood_eval.json,2.869721193487446,23.74988199273745
frozen_resnet18,Frozen ResNet-18,ood,frozen_resnet18_bc_128,avoid_lighting_diverse,avoid_reach,Obstacle-aware reach,lighting_direction_intensity,Lighting,diverse_train,5,1,avoid_lighting_extreme_ood_eval,extreme_ood_eval,150,0,0,0,108,0.0,0.0,0.0,0.72,0.047396188005805015,0.22349110742410025,400.0,results/frozen_resnet18_bc_128px_v1/metrics/ood/metrics__frozen_resnet18_bc_128__avoid_lighting_diverse__budget005__seed001__eval_avoid_lighting_extreme_ood_eval.json,4.739618800580502,22.349110742410026
frozen_resnet18,Frozen ResNet-18,ood,frozen_resnet18_bc_128,avoid_lighting_diverse,avoid_reach,Obstacle-aware reach,lighting_direction_intensity,Lighting,diverse_train,5,2,avoid_lighting_extreme_ood_eval,extreme_ood_eval,150,0,0,0,73,0.0,0.0,0.0,0.4866666666666667,0.08118463173508644,0.35266225576400756,400.0,results/frozen_resnet18_bc_128px_v1/metrics/ood/metrics__frozen_resnet18_bc_128__avoid_lighting_diverse__budget005__seed002__eval_avoid_lighting_extreme_ood_eval.json,8.118463173508644,35.26622557640076
frozen_resnet18,Frozen ResNet-18,ood,frozen_resnet18_bc_128,avoid_lighting_diverse,avoid_reach,Obstacle-aware reach,lighting_direction_intensity,Lighting,diverse_train,20,0,avoid_lighting_extreme_ood_eval,extreme_ood_eval,150,0,0,77,119,0.0,0.0,0.5133333333333333,0.7933333333333333,0.03104655411715309,0.4522972717881203,400.0,results/frozen_resnet18_bc_128px_v1/metrics/ood/metrics__frozen_resnet18_bc_128__avoid_lighting_diverse__budget020__seed000__eval_avoid_lighting_extreme_ood_eval.json,3.104655411715309,45.22972717881203
frozen_resnet18,Frozen ResNet-18,ood,frozen_resnet18_bc_128,avoid_lighting_diverse,avoid_reach,Obstacle-aware reach,lighting_direction_intensity,Lighting,diverse_train,20,1,avoid_lighting_extreme_ood_eval,extreme_ood_eval,150,0,0,31,115,0.0,0.0,0.20666666666666667,0.7666666666666667,0.04966731170192361,0.21914497122168541,400.0,results/frozen_resnet18_bc_128px_v1/metrics/ood/metrics__frozen_resnet18_bc_128__avoid_lighting_diverse__budget020__seed001__eval_avoid_lighting_extreme_ood_eval.json,4.966731170192361,21.91449712216854
frozen_resnet18,Frozen ResNet-18,ood,frozen_resnet18_bc_128,avoid_lighting_diverse,avoid_reach,Obstacle-aware reach,lighting_direction_intensity,Lighting,diverse_train,20,2,avoid_lighting_extreme_ood_eval,extreme_ood_eval,150,0,0,42,150,0.0,0.0,0.28,1.0,0.029490957111120222,0.2889008843898773,400.0,results/frozen_resnet18_bc_128px_v1/metrics/ood/metrics__frozen_resnet18_bc_128__avoid_lighting_diverse__budget020__seed002__eval_avoid_lighting_extreme_ood_eval.json,2.9490957111120224,28.890088438987732
frozen_resnet18,Frozen ResNet-18,ood,frozen_resnet18_bc_128,avoid_lighting_diverse,avoid_reach,Obstacle-aware reach,lighting_direction_intensity,Lighting,diverse_train,50,0,avoid_lighting_extreme_ood_eval,extreme_ood_eval,150,0,42,42,119,0.0,0.28,0.28,0.7933333333333333,0.03276957713067532,0.34060018179317314,400.0,results/frozen_resnet18_bc_128px_v1/metrics/ood/metrics__frozen_resnet18_bc_128__avoid_lighting_diverse__budget050__seed000__eval_avoid_lighting_extreme_ood_eval.json,3.276957713067532,34.06001817931731
frozen_resnet18,Frozen ResNet-18,ood,frozen_resnet18_bc_128,avoid_lighting_diverse,avoid_reach,Obstacle-aware reach,lighting_direction_intensity,Lighting,diverse_train,50,1,avoid_lighting_extreme_ood_eval,extreme_ood_eval,150,0,42,42,150,0.0,0.28,0.28,1.0,0.024070720250407854,0.28029818445444105,400.0,results/frozen_resnet18_bc_128px_v1/metrics/ood/metrics__frozen_resnet18_bc_128__avoid_lighting_diverse__budget050__seed001__eval_avoid_lighting_extreme_ood_eval.json,2.4070720250407853,28.029818445444104
frozen_resnet18,Frozen ResNet-18,ood,frozen_resnet18_bc_128,avoid_lighting_diverse,avoid_reach,Obstacle-aware reach,lighting_direction_intensity,Lighting,diverse_train,50,2,avoid_lighting_extreme_ood_eval,extreme_ood_eval,150,42,42,84,150,0.28,0.28,0.56,1.0,0.02231928678850333,0.2714569632212321,400.0,results/frozen_resnet18_bc_128px_v1/metrics/ood/metrics__frozen_resnet18_bc_128__avoid_lighting_diverse__budget050__seed002__eval_avoid_lighting_extreme_ood_eval.json,2.2319286788503327,27.145696322123207
frozen_resnet18,Frozen ResNet-18,ood,frozen_resnet18_bc_128,avoid_lighting_diverse,avoid_reach,Obstacle-aware reach,lighting_direction_intensity,Lighting,diverse_train,100,0,avoid_lighting_extreme_ood_eval,extreme_ood_eval,150,0,0,0,150,0.0,0.0,0.0,1.0,0.03918652263780435,0.29619530628124874,400.0,results/frozen_resnet18_bc_128px_v1/metrics/ood/metrics__frozen_resnet18_bc_128__avoid_lighting_diverse__budget100__seed000__eval_avoid_lighting_extreme_ood_eval.json,3.918652263780435,29.619530628124874
frozen_resnet18,Frozen ResNet-18,ood,frozen_resnet18_bc_128,avoid_lighting_diverse,avoid_reach,Obstacle-aware reach,lighting_direction_intensity,Lighting,diverse_train,200,0,avoid_lighting_extreme_ood_eval,extreme_ood_eval,150,0,0,0,119,0.0,0.0,0.0,0.7933333333333333,0.042789967407782875,0.28632030963897703,400.0,results/frozen_resnet18_bc_128px_v1/metrics/ood/metrics__frozen_resnet18_bc_128__avoid_lighting_diverse__budget200__seed000__eval_avoid_lighting_extreme_ood_eval.json,4.278996740778288,28.632030963897705
frozen_resnet18,Frozen ResNet-18,ood,frozen_resnet18_bc_128,avoid_lighting_fixed,avoid_reach,Obstacle-aware reach,lighting_direction_intensity,Lighting,fixed_train,5,0,avoid_lighting_extreme_ood_eval,extreme_ood_eval,150,0,0,0,42,0.0,0.0,0.0,0.28,0.08404031045734882,0.25135494033495587,400.0,results/frozen_resnet18_bc_128px_v1/metrics/ood/metrics__frozen_resnet18_bc_128__avoid_lighting_fixed__budget005__seed000__eval_avoid_lighting_extreme_ood_eval.json,8.404031045734882,25.135494033495586
frozen_resnet18,Frozen ResNet-18,ood,frozen_resnet18_bc_128,avoid_lighting_fixed,avoid_reach,Obstacle-aware reach,lighting_direction_intensity,Lighting,fixed_train,5,1,avoid_lighting_extreme_ood_eval,extreme_ood_eval,150,0,0,108,150,0.0,0.0,0.72,1.0,0.025318722985684872,0.16377997666597366,400.0,results/frozen_resnet18_bc_128px_v1/metrics/ood/metrics__frozen_resnet18_bc_128__avoid_lighting_fixed__budget005__seed001__eval_avoid_lighting_extreme_ood_eval.json,2.531872298568487,16.377997666597366
frozen_resnet18,Frozen ResNet-18,ood,frozen_resnet18_bc_128,avoid_lighting_fixed,avoid_reach,Obstacle-aware reach,lighting_direction_intensity,Lighting,fixed_train,5,2,avoid_lighting_extreme_ood_eval,extreme_ood_eval,150,0,0,0,73,0.0,0.0,0.0,0.4866666666666667,0.07876439164082209,0.14818629513184228,400.0,results/frozen_resnet18_bc_128px_v1/metrics/ood/metrics__frozen_resnet18_bc_128__avoid_lighting_fixed__budget005__seed002__eval_avoid_lighting_extreme_ood_eval.json,7.87643916408221,14.818629513184229
frozen_resnet18,Frozen ResNet-18,ood,frozen_resnet18_bc_128,avoid_lighting_fixed,avoid_reach,Obstacle-aware reach,lighting_direction_intensity,Lighting,fixed_train,20,0,avoid_lighting_extreme_ood_eval,extreme_ood_eval,150,0,0,0,35,0.0,0.0,0.0,0.23333333333333334,0.06324521693090598,0.27537503401438396,400.0,results/frozen_resnet18_bc_128px_v1/metrics/ood/metrics__frozen_resnet18_bc_128__avoid_lighting_fixed__budget020__seed000__eval_avoid_lighting_extreme_ood_eval.json,6.324521693090598,27.537503401438396
frozen_resnet18,Frozen ResNet-18,ood,frozen_resnet18_bc_128,avoid_lighting_fixed,avoid_reach,Obstacle-aware reach,lighting_direction_intensity,Lighting,fixed_train,20,1,avoid_lighting_extreme_ood_eval,extreme_ood_eval,150,0,0,0,0,0.0,0.0,0.0,0.0,0.0887880963087082,0.20303801894187928,400.0,results/frozen_resnet18_bc_128px_v1/metrics/ood/metrics__frozen_resnet18_bc_128__avoid_lighting_fixed__budget020__seed001__eval_avoid_lighting_extreme_ood_eval.json,8.878809630870819,20.303801894187927
frozen_resnet18,Frozen ResNet-18,ood,frozen_resnet18_bc_128,avoid_lighting_fixed,avoid_reach,Obstacle-aware reach,lighting_direction_intensity,Lighting,fixed_train,20,2,avoid_lighting_extreme_ood_eval,extreme_ood_eval,150,0,0,0,73,0.0,0.0,0.0,0.4866666666666667,0.057695898363987606,0.15482384060819943,400.0,results/frozen_resnet18_bc_128px_v1/metrics/ood/metrics__frozen_resnet18_bc_128__avoid_lighting_fixed__budget020__seed002__eval_avoid_lighting_extreme_ood_eval.json,5.769589836398761,15.482384060819943
frozen_resnet18,Frozen ResNet-18,ood,frozen_resnet18_bc_128,avoid_lighting_fixed,avoid_reach,Obstacle-aware reach,lighting_direction_intensity,Lighting,fixed_train,50,0,avoid_lighting_extreme_ood_eval,extreme_ood_eval,150,0,0,0,42,0.0,0.0,0.0,0.28,0.05215088831881682,0.15812453945477803,400.0,results/frozen_resnet18_bc_128px_v1/metrics/ood/metrics__frozen_resnet18_bc_128__avoid_lighting_fixed__budget050__seed000__eval_avoid_lighting_extreme_ood_eval.json,5.215088831881682,15.812453945477802
frozen_resnet18,Frozen ResNet-18,ood,frozen_resnet18_bc_128,avoid_lighting_fixed,avoid_reach,Obstacle-aware reach,lighting_direction_intensity,Lighting,fixed_train,50,1,avoid_lighting_extreme_ood_eval,extreme_ood_eval,150,0,0,0,0,0.0,0.0,0.0,0.0,0.07220044694840907,0.17165580108761788,400.0,results/frozen_resnet18_bc_128px_v1/metrics/ood/metrics__frozen_resnet18_bc_128__avoid_lighting_fixed__budget050__seed001__eval_avoid_lighting_extreme_ood_eval.json,7.220044694840907,17.165580108761787
frozen_resnet18,Frozen ResNet-18,ood,frozen_resnet18_bc_128,avoid_lighting_fixed,avoid_reach,Obstacle-aware reach,lighting_direction_intensity,Lighting,fixed_train,50,2,avoid_lighting_extreme_ood_eval,extreme_ood_eval,150,0,0,0,77,0.0,0.0,0.0,0.5133333333333333,0.07301579145093759,0.19222458243370055,400.0,results/frozen_resnet18_bc_128px_v1/metrics/ood/metrics__frozen_resnet18_bc_128__avoid_lighting_fixed__budget050__seed002__eval_avoid_lighting_extreme_ood_eval.json,7.301579145093759,19.222458243370056
frozen_resnet18,Frozen ResNet-18,ood,frozen_resnet18_bc_128,avoid_lighting_fixed,avoid_reach,Obstacle-aware reach,lighting_direction_intensity,Lighting,fixed_train,100,0,avoid_lighting_extreme_ood_eval,extreme_ood_eval,150,0,0,0,77,0.0,0.0,0.0,0.5133333333333333,0.0654045165826877,0.1368631578485171,400.0,results/frozen_resnet18_bc_128px_v1/metrics/ood/metrics__frozen_resnet18_bc_128__avoid_lighting_fixed__budget100__seed000__eval_avoid_lighting_extreme_ood_eval.json,6.54045165826877,13.686315784851711
frozen_resnet18,Frozen ResNet-18,ood,frozen_resnet18_bc_128,avoid_lighting_fixed,avoid_reach,Obstacle-aware reach,lighting_direction_intensity,Lighting,fixed_train,200,0,avoid_lighting_extreme_ood_eval,extreme_ood_eval,150,0,0,0,77,0.0,0.0,0.0,0.5133333333333333,0.07374112772444884,0.14954387883345285,400.0,results/frozen_resnet18_bc_128px_v1/metrics/ood/metrics__frozen_resnet18_bc_128__avoid_lighting_fixed__budget200__seed000__eval_avoid_lighting_extreme_ood_eval.json,7.374112772444883,14.954387883345285
frozen_resnet18,Frozen ResNet-18,ood,frozen_resnet18_bc_128,avoid_spatial_narrow,avoid_reach,Obstacle-aware reach,spatial_distribution,Spatial distribution,narrow_train,5,0,avoid_spatial_edge_ood_eval,edge_ood_eval,150,0,0,2,16,0.0,0.0,0.013333333333333334,0.10666666666666667,0.16120454718048374,0.26248859499891597,400.0,results/frozen_resnet18_bc_128px_v1/metrics/ood/metrics__frozen_resnet18_bc_128__avoid_spatial_narrow__budget005__seed000__eval_avoid_spatial_edge_ood_eval.json,16.120454718048375,26.248859499891598
frozen_resnet18,Frozen ResNet-18,ood,frozen_resnet18_bc_128,avoid_spatial_narrow,avoid_reach,Obstacle-aware reach,spatial_distribution,Spatial distribution,narrow_train,5,1,avoid_spatial_edge_ood_eval,edge_ood_eval,150,0,0,1,13,0.0,0.0,0.006666666666666667,0.08666666666666667,0.12845551460360488,0.26664080617328484,400.0,results/frozen_resnet18_bc_128px_v1/metrics/ood/metrics__frozen_resnet18_bc_128__avoid_spatial_narrow__budget005__seed001__eval_avoid_spatial_edge_ood_eval.json,12.845551460360488,26.664080617328484
frozen_resnet18,Frozen ResNet-18,ood,frozen_resnet18_bc_128,avoid_spatial_narrow,avoid_reach,Obstacle-aware reach,spatial_distribution,Spatial distribution,narrow_train,5,2,avoid_spatial_edge_ood_eval,edge_ood_eval,150,0,1,8,31,0.0,0.006666666666666667,0.05333333333333334,0.20666666666666667,0.1386916084898015,0.2880096766849359,400.0,results/frozen_resnet18_bc_128px_v1/metrics/ood/metrics__frozen_resnet18_bc_128__avoid_spatial_narrow__budget005__seed002__eval_avoid_spatial_edge_ood_eval.json,13.86916084898015,28.800967668493588
frozen_resnet18,Frozen ResNet-18,ood,frozen_resnet18_bc_128,avoid_spatial_narrow,avoid_reach,Obstacle-aware reach,spatial_distribution,Spatial distribution,narrow_train,20,0,avoid_spatial_edge_ood_eval,edge_ood_eval,150,0,0,0,5,0.0,0.0,0.0,0.03333333333333333,0.17918467589964468,0.27714524845282235,400.0,results/frozen_resnet18_bc_128px_v1/metrics/ood/metrics__frozen_resnet18_bc_128__avoid_spatial_narrow__budget020__seed000__eval_avoid_spatial_edge_ood_eval.json,17.918467589964468,27.714524845282234
frozen_resnet18,Frozen ResNet-18,ood,frozen_resnet18_bc_128,avoid_spatial_narrow,avoid_reach,Obstacle-aware reach,spatial_distribution,Spatial distribution,narrow_train,20,1,avoid_spatial_edge_ood_eval,edge_ood_eval,150,0,0,2,32,0.0,0.0,0.013333333333333334,0.21333333333333335,0.13104264667257667,0.2185191239664952,400.0,results/frozen_resnet18_bc_128px_v1/metrics/ood/metrics__frozen_resnet18_bc_128__avoid_spatial_narrow__budget020__seed001__eval_avoid_spatial_edge_ood_eval.json,13.104264667257667,21.85191239664952
frozen_resnet18,Frozen ResNet-18,ood,frozen_resnet18_bc_128,avoid_spatial_narrow,avoid_reach,Obstacle-aware reach,spatial_distribution,Spatial distribution,narrow_train,20,2,avoid_spatial_edge_ood_eval,edge_ood_eval,150,0,1,1,22,0.0,0.006666666666666667,0.006666666666666667,0.14666666666666667,0.14118613299913704,0.23229216483732065,400.0,results/frozen_resnet18_bc_128px_v1/metrics/ood/metrics__frozen_resnet18_bc_128__avoid_spatial_narrow__budget020__seed002__eval_avoid_spatial_edge_ood_eval.json,14.118613299913704,23.229216483732067
frozen_resnet18,Frozen ResNet-18,ood,frozen_resnet18_bc_128,avoid_spatial_narrow,avoid_reach,Obstacle-aware reach,spatial_distribution,Spatial distribution,narrow_train,50,0,avoid_spatial_edge_ood_eval,edge_ood_eval,150,1,2,13,44,0.006666666666666667,0.013333333333333334,0.08666666666666667,0.29333333333333333,0.1039644224010408,0.19653087163964908,400.0,results/frozen_resnet18_bc_128px_v1/metrics/ood/metrics__frozen_resnet18_bc_128__avoid_spatial_narrow__budget050__seed000__eval_avoid_spatial_edge_ood_eval.json,10.39644224010408,19.65308716396491
frozen_resnet18,Frozen ResNet-18,ood,frozen_resnet18_bc_128,avoid_spatial_narrow,avoid_reach,Obstacle-aware reach,spatial_distribution,Spatial distribution,narrow_train,50,1,avoid_spatial_edge_ood_eval,edge_ood_eval,150,0,0,3,22,0.0,0.0,0.02,0.14666666666666667,0.11890362689892452,0.2419760091851155,400.0,results/frozen_resnet18_bc_128px_v1/metrics/ood/metrics__frozen_resnet18_bc_128__avoid_spatial_narrow__budget050__seed001__eval_avoid_spatial_edge_ood_eval.json,11.890362689892452,24.19760091851155
frozen_resnet18,Frozen ResNet-18,ood,frozen_resnet18_bc_128,avoid_spatial_narrow,avoid_reach,Obstacle-aware reach,spatial_distribution,Spatial distribution,narrow_train,50,2,avoid_spatial_edge_ood_eval,edge_ood_eval,150,1,2,5,33,0.006666666666666667,0.013333333333333334,0.03333333333333333,0.22,0.10619067740626634,0.20931946550806363,400.0,results/frozen_resnet18_bc_128px_v1/metrics/ood/metrics__frozen_resnet18_bc_128__avoid_spatial_narrow__budget050__seed002__eval_avoid_spatial_edge_ood_eval.json,10.619067740626633,20.931946550806362
frozen_resnet18,Frozen ResNet-18,ood,frozen_resnet18_bc_128,avoid_spatial_narrow,avoid_reach,Obstacle-aware reach,spatial_distribution,Spatial distribution,narrow_train,100,0,avoid_spatial_edge_ood_eval,edge_ood_eval,150,0,0,3,20,0.0,0.0,0.02,0.13333333333333333,0.12346336409449578,0.18946640625596045,400.0,results/frozen_resnet18_bc_128px_v1/metrics/ood/metrics__frozen_resnet18_bc_128__avoid_spatial_narrow__budget100__seed000__eval_avoid_spatial_edge_ood_eval.json,12.346336409449577,18.946640625596046
frozen_resnet18,Frozen ResNet-18,ood,frozen_resnet18_bc_128,avoid_spatial_narrow,avoid_reach,Obstacle-aware reach,spatial_distribution,Spatial distribution,narrow_train,200,0,avoid_spatial_edge_ood_eval,edge_ood_eval,150,1,2,5,27,0.006666666666666667,0.013333333333333334,0.03333333333333333,0.18,0.12333457571454347,0.2177111562838157,400.0,results/frozen_resnet18_bc_128px_v1/metrics/ood/metrics__frozen_resnet18_bc_128__avoid_spatial_narrow__budget200__seed000__eval_avoid_spatial_edge_ood_eval.json,12.333457571454346,21.771115628381573
frozen_resnet18,Frozen ResNet-18,ood,frozen_resnet18_bc_128,avoid_spatial_wide,avoid_reach,Obstacle-aware reach,spatial_distribution,Spatial distribution,wide_train,5,0,avoid_spatial_edge_ood_eval,edge_ood_eval,150,0,0,2,22,0.0,0.0,0.013333333333333334,0.14666666666666667,0.14713998297850292,0.269979313313961,400.0,results/frozen_resnet18_bc_128px_v1/metrics/ood/metrics__frozen_resnet18_bc_128__avoid_spatial_wide__budget005__seed000__eval_avoid_spatial_edge_ood_eval.json,14.713998297850292,26.997931331396103
frozen_resnet18,Frozen ResNet-18,ood,frozen_resnet18_bc_128,avoid_spatial_wide,avoid_reach,Obstacle-aware reach,spatial_distribution,Spatial distribution,wide_train,5,1,avoid_spatial_edge_ood_eval,edge_ood_eval,150,0,1,7,34,0.0,0.006666666666666667,0.04666666666666667,0.22666666666666666,0.13260853385552765,0.32919326131542526,400.0,results/frozen_resnet18_bc_128px_v1/metrics/ood/metrics__frozen_resnet18_bc_128__avoid_spatial_wide__budget005__seed001__eval_avoid_spatial_edge_ood_eval.json,13.260853385552766,32.919326131542526
frozen_resnet18,Frozen ResNet-18,ood,frozen_resnet18_bc_128,avoid_spatial_wide,avoid_reach,Obstacle-aware reach,spatial_distribution,Spatial distribution,wide_train,5,2,avoid_spatial_edge_ood_eval,edge_ood_eval,150,1,1,6,20,0.006666666666666667,0.006666666666666667,0.04,0.13333333333333333,0.1279709006442378,0.3111809996763865,400.0,results/frozen_resnet18_bc_128px_v1/metrics/ood/metrics__frozen_resnet18_bc_128__avoid_spatial_wide__budget005__seed002__eval_avoid_spatial_edge_ood_eval.json,12.79709006442378,31.118099967638653
frozen_resnet18,Frozen ResNet-18,ood,frozen_resnet18_bc_128,avoid_spatial_wide,avoid_reach,Obstacle-aware reach,spatial_distribution,Spatial distribution,wide_train,20,0,avoid_spatial_edge_ood_eval,edge_ood_eval,150,2,3,14,31,0.013333333333333334,0.02,0.09333333333333334,0.20666666666666667,0.13094701011975607,0.23676605845491092,400.0,results/frozen_resnet18_bc_128px_v1/metrics/ood/metrics__frozen_resnet18_bc_128__avoid_spatial_wide__budget020__seed000__eval_avoid_spatial_edge_ood_eval.json,13.094701011975607,23.676605845491093
frozen_resnet18,Frozen ResNet-18,ood,frozen_resnet18_bc_128,avoid_spatial_wide,avoid_reach,Obstacle-aware reach,spatial_distribution,Spatial distribution,wide_train,20,1,avoid_spatial_edge_ood_eval,edge_ood_eval,150,4,6,27,79,0.02666666666666667,0.04,0.18,0.5266666666666666,0.0677200237948758,0.343265936623017,400.0,results/frozen_resnet18_bc_128px_v1/metrics/ood/metrics__frozen_resnet18_bc_128__avoid_spatial_wide__budget020__seed001__eval_avoid_spatial_edge_ood_eval.json,6.77200237948758,34.326593662301704
frozen_resnet18,Frozen ResNet-18,ood,frozen_resnet18_bc_128,avoid_spatial_wide,avoid_reach,Obstacle-aware reach,spatial_distribution,Spatial distribution,wide_train,20,2,avoid_spatial_edge_ood_eval,edge_ood_eval,150,0,0,0,12,0.0,0.0,0.0,0.08,0.19829435162246228,0.3486129783093929,400.0,results/frozen_resnet18_bc_128px_v1/metrics/ood/metrics__frozen_resnet18_bc_128__avoid_spatial_wide__budget020__seed002__eval_avoid_spatial_edge_ood_eval.json,19.829435162246227,34.86129783093929
frozen_resnet18,Frozen ResNet-18,ood,frozen_resnet18_bc_128,avoid_spatial_wide,avoid_reach,Obstacle-aware reach,spatial_distribution,Spatial distribution,wide_train,50,0,avoid_spatial_edge_ood_eval,edge_ood_eval,150,0,2,22,66,0.0,0.013333333333333334,0.14666666666666667,0.44,0.09393178318316737,0.21537957993646462,400.0,results/frozen_resnet18_bc_128px_v1/metrics/ood/metrics__frozen_resnet18_bc_128__avoid_spatial_wide__budget050__seed000__eval_avoid_spatial_edge_ood_eval.json,9.393178318316737,21.53795799364646
frozen_resnet18,Frozen ResNet-18,ood,frozen_resnet18_bc_128,avoid_spatial_wide,avoid_reach,Obstacle-aware reach,spatial_distribution,Spatial distribution,wide_train,50,1,avoid_spatial_edge_ood_eval,edge_ood_eval,150,3,20,41,75,0.02,0.13333333333333333,0.2733333333333333,0.5,0.06942602415103466,0.29398541159927843,400.0,results/frozen_resnet18_bc_128px_v1/metrics/ood/metrics__frozen_resnet18_bc_128__avoid_spatial_wide__budget050__seed001__eval_avoid_spatial_edge_ood_eval.json,6.942602415103466,29.398541159927845
frozen_resnet18,Frozen ResNet-18,ood,frozen_resnet18_bc_128,avoid_spatial_wide,avoid_reach,Obstacle-aware reach,spatial_distribution,Spatial distribution,wide_train,50,2,avoid_spatial_edge_ood_eval,edge_ood_eval,150,0,4,24,72,0.0,0.02666666666666667,0.16,0.48,0.08293791457700232,0.1924595569819212,400.0,results/frozen_resnet18_bc_128px_v1/metrics/ood/metrics__frozen_resnet18_bc_128__avoid_spatial_wide__budget050__seed002__eval_avoid_spatial_edge_ood_eval.json,8.293791457700232,19.24595569819212
frozen_resnet18,Frozen ResNet-18,ood,frozen_resnet18_bc_128,avoid_spatial_wide,avoid_reach,Obstacle-aware reach,spatial_distribution,Spatial distribution,wide_train,100,0,avoid_spatial_edge_ood_eval,edge_ood_eval,150,1,5,15,41,0.006666666666666667,0.03333333333333333,0.1,0.2733333333333333,0.12038087503053248,0.1853726167604327,400.0,results/frozen_resnet18_bc_128px_v1/metrics/ood/metrics__frozen_resnet18_bc_128__avoid_spatial_wide__budget100__seed000__eval_avoid_spatial_edge_ood_eval.json,12.038087503053248,18.537261676043272
frozen_resnet18,Frozen ResNet-18,ood,frozen_resnet18_bc_128,avoid_spatial_wide,avoid_reach,Obstacle-aware reach,spatial_distribution,Spatial distribution,wide_train,200,0,avoid_spatial_edge_ood_eval,edge_ood_eval,150,2,9,30,77,0.013333333333333334,0.06,0.2,0.5133333333333333,0.05722480663331225,0.34158415399491787,400.0,results/frozen_resnet18_bc_128px_v1/metrics/ood/metrics__frozen_resnet18_bc_128__avoid_spatial_wide__budget200__seed000__eval_avoid_spatial_edge_ood_eval.json,5.7224806633312255,34.15841539949179
frozen_resnet18,Frozen ResNet-18,ood,frozen_resnet18_bc_128,camera_fixed,reach,Reach,camera_location_viewpoint,Camera viewpoint,fixed_train,5,0,camera_extreme_ood_eval,extreme_ood_eval,150,8,13,71,149,0.05333333333333334,0.08666666666666667,0.47333333333333333,0.9933333333333333,0.023518892811456076,0.24205170060197512,400.0,results/frozen_resnet18_bc_128px_v1/metrics/ood/metrics__frozen_resnet18_bc_128__camera_fixed__budget005__seed000__eval_camera_extreme_ood_eval.json,2.3518892811456076,24.20517006019751
frozen_resnet18,Frozen ResNet-18,ood,frozen_resnet18_bc_128,camera_fixed,reach,Reach,camera_location_viewpoint,Camera viewpoint,fixed_train,5,1,camera_extreme_ood_eval,extreme_ood_eval,150,0,0,24,150,0.0,0.0,0.16,1.0,0.02902174318830172,0.32786620542407036,400.0,results/frozen_resnet18_bc_128px_v1/metrics/ood/metrics__frozen_resnet18_bc_128__camera_fixed__budget005__seed001__eval_camera_extreme_ood_eval.json,2.902174318830172,32.786620542407036
frozen_resnet18,Frozen ResNet-18,ood,frozen_resnet18_bc_128,camera_fixed,reach,Reach,camera_location_viewpoint,Camera viewpoint,fixed_train,5,2,camera_extreme_ood_eval,extreme_ood_eval,150,0,2,24,138,0.0,0.013333333333333334,0.16,0.92,0.03234687038386862,0.3028727485736211,400.0,results/frozen_resnet18_bc_128px_v1/metrics/ood/metrics__frozen_resnet18_bc_128__camera_fixed__budget005__seed002__eval_camera_extreme_ood_eval.json,3.234687038386862,30.287274857362114
frozen_resnet18,Frozen ResNet-18,ood,frozen_resnet18_bc_128,camera_fixed,reach,Reach,camera_location_viewpoint,Camera viewpoint,fixed_train,20,0,camera_extreme_ood_eval,extreme_ood_eval,150,0,1,13,138,0.0,0.006666666666666667,0.08666666666666667,0.92,0.03424273479729891,0.312094518840313,400.0,results/frozen_resnet18_bc_128px_v1/metrics/ood/metrics__frozen_resnet18_bc_128__camera_fixed__budget020__seed000__eval_camera_extreme_ood_eval.json,3.4242734797298913,31.209451884031296
frozen_resnet18,Frozen ResNet-18,ood,frozen_resnet18_bc_128,camera_fixed,reach,Reach,camera_location_viewpoint,Camera viewpoint,fixed_train,20,1,camera_extreme_ood_eval,extreme_ood_eval,150,0,0,7,150,0.0,0.0,0.04666666666666667,1.0,0.02902410821368297,0.31650976652900376,400.0,results/frozen_resnet18_bc_128px_v1/metrics/ood/metrics__frozen_resnet18_bc_128__camera_fixed__budget020__seed001__eval_camera_extreme_ood_eval.json,2.902410821368297,31.650976652900376
frozen_resnet18,Frozen ResNet-18,ood,frozen_resnet18_bc_128,camera_fixed,reach,Reach,camera_location_viewpoint,Camera viewpoint,fixed_train,20,2,camera_extreme_ood_eval,extreme_ood_eval,150,0,0,0,16,0.0,0.0,0.0,0.10666666666666667,0.06347233856717746,0.33075858394304913,400.0,results/frozen_resnet18_bc_128px_v1/metrics/ood/metrics__frozen_resnet18_bc_128__camera_fixed__budget020__seed002__eval_camera_extreme_ood_eval.json,6.347233856717746,33.075858394304916
frozen_resnet18,Frozen ResNet-18,ood,frozen_resnet18_bc_128,camera_fixed,reach,Reach,camera_location_viewpoint,Camera viewpoint,fixed_train,50,0,camera_extreme_ood_eval,extreme_ood_eval,150,2,19,76,150,0.013333333333333334,0.12666666666666668,0.5066666666666667,1.0,0.020394666880990068,0.3036968403806289,400.0,results/frozen_resnet18_bc_128px_v1/metrics/ood/metrics__frozen_resnet18_bc_128__camera_fixed__budget050__seed000__eval_camera_extreme_ood_eval.json,2.0394666880990067,30.36968403806289
frozen_resnet18,Frozen ResNet-18,ood,frozen_resnet18_bc_128,camera_fixed,reach,Reach,camera_location_viewpoint,Camera viewpoint,fixed_train,50,1,camera_extreme_ood_eval,extreme_ood_eval,150,3,10,55,149,0.02,0.06666666666666667,0.36666666666666664,0.9933333333333333,0.026941901647175352,0.3233033406982819,400.0,results/frozen_resnet18_bc_128px_v1/metrics/ood/metrics__frozen_resnet18_bc_128__camera_fixed__budget050__seed001__eval_camera_extreme_ood_eval.json,2.694190164717535,32.33033406982819
frozen_resnet18,Frozen ResNet-18,ood,frozen_resnet18_bc_128,camera_fixed,reach,Reach,camera_location_viewpoint,Camera viewpoint,fixed_train,50,2,camera_extreme_ood_eval,extreme_ood_eval,150,0,0,2,112,0.0,0.0,0.013333333333333334,0.7466666666666667,0.04422666884958744,0.34290416051944095,400.0,results/frozen_resnet18_bc_128px_v1/metrics/ood/metrics__frozen_resnet18_bc_128__camera_fixed__budget050__seed002__eval_camera_extreme_ood_eval.json,4.422666884958744,34.29041605194409
frozen_resnet18,Frozen ResNet-18,ood,frozen_resnet18_bc_128,camera_fixed,reach,Reach,camera_location_viewpoint,Camera viewpoint,fixed_train,100,0,camera_extreme_ood_eval,extreme_ood_eval,150,0,1,14,137,0.0,0.006666666666666667,0.09333333333333334,0.9133333333333333,0.03575585457806786,0.3017516425251961,400.0,results/frozen_resnet18_bc_128px_v1/metrics/ood/metrics__frozen_resnet18_bc_128__camera_fixed__budget100__seed000__eval_camera_extreme_ood_eval.json,3.575585457806786,30.17516425251961
frozen_resnet18,Frozen ResNet-18,ood,frozen_resnet18_bc_128,camera_fixed,reach,Reach,camera_location_viewpoint,Camera viewpoint,fixed_train,200,0,camera_extreme_ood_eval,extreme_ood_eval,150,3,10,55,143,0.02,0.06666666666666667,0.36666666666666664,0.9533333333333334,0.025991430836729706,0.2668422928452492,400.0,results/frozen_resnet18_bc_128px_v1/metrics/ood/metrics__frozen_resnet18_bc_128__camera_fixed__budget200__seed000__eval_camera_extreme_ood_eval.json,2.5991430836729705,26.684229284524918
frozen_resnet18,Frozen ResNet-18,ood,frozen_resnet18_bc_128,camera_multi_pose,reach,Reach,camera_location_viewpoint,Camera viewpoint,diverse_train,5,0,camera_extreme_ood_eval,extreme_ood_eval,150,0,4,45,144,0.0,0.02666666666666667,0.3,0.96,0.026336065136517088,0.2937610697746277,400.0,results/frozen_resnet18_bc_128px_v1/metrics/ood/metrics__frozen_resnet18_bc_128__camera_multi_pose__budget005__seed000__eval_camera_extreme_ood_eval.json,2.6336065136517086,29.37610697746277
frozen_resnet18,Frozen ResNet-18,ood,frozen_resnet18_bc_128,camera_multi_pose,reach,Reach,camera_location_viewpoint,Camera viewpoint,diverse_train,5,1,camera_extreme_ood_eval,extreme_ood_eval,150,3,12,119,150,0.02,0.08,0.7933333333333333,1.0,0.016645231074653564,0.34226691871881487,400.0,results/frozen_resnet18_bc_128px_v1/metrics/ood/metrics__frozen_resnet18_bc_128__camera_multi_pose__budget005__seed001__eval_camera_extreme_ood_eval.json,1.6645231074653564,34.226691871881485
frozen_resnet18,Frozen ResNet-18,ood,frozen_resnet18_bc_128,camera_multi_pose,reach,Reach,camera_location_viewpoint,Camera viewpoint,diverse_train,5,2,camera_extreme_ood_eval,extreme_ood_eval,150,5,46,112,150,0.03333333333333333,0.30666666666666664,0.7466666666666667,1.0,0.015676093042517703,0.3290178522964319,400.0,results/frozen_resnet18_bc_128px_v1/metrics/ood/metrics__frozen_resnet18_bc_128__camera_multi_pose__budget005__seed002__eval_camera_extreme_ood_eval.json,1.5676093042517703,32.90178522964319
frozen_resnet18,Frozen ResNet-18,ood,frozen_resnet18_bc_128,camera_multi_pose,reach,Reach,camera_location_viewpoint,Camera viewpoint,diverse_train,20,0,camera_extreme_ood_eval,extreme_ood_eval,150,16,50,128,150,0.10666666666666667,0.3333333333333333,0.8533333333333334,1.0,0.013088621367933229,0.3161994159613581,398.06,results/frozen_resnet18_bc_128px_v1/metrics/ood/metrics__frozen_resnet18_bc_128__camera_multi_pose__budget020__seed000__eval_camera_extreme_ood_eval.json,1.3088621367933229,31.61994159613581
frozen_resnet18,Frozen ResNet-18,ood,frozen_resnet18_bc_128,camera_multi_pose,reach,Reach,camera_location_viewpoint,Camera viewpoint,diverse_train,20,1,camera_extreme_ood_eval,extreme_ood_eval,150,1,21,120,150,0.006666666666666667,0.14,0.8,1.0,0.015391834319258729,0.3511459132035573,400.0,results/frozen_resnet18_bc_128px_v1/metrics/ood/metrics__frozen_resnet18_bc_128__camera_multi_pose__budget020__seed001__eval_camera_extreme_ood_eval.json,1.5391834319258728,35.11459132035573
frozen_resnet18,Frozen ResNet-18,ood,frozen_resnet18_bc_128,camera_multi_pose,reach,Reach,camera_location_viewpoint,Camera viewpoint,diverse_train,20,2,camera_extreme_ood_eval,extreme_ood_eval,150,0,6,116,150,0.0,0.04,0.7733333333333333,1.0,0.016742549516881505,0.32411353041728336,400.0,results/frozen_resnet18_bc_128px_v1/metrics/ood/metrics__frozen_resnet18_bc_128__camera_multi_pose__budget020__seed002__eval_camera_extreme_ood_eval.json,1.6742549516881504,32.41135304172833
frozen_resnet18,Frozen ResNet-18,ood,frozen_resnet18_bc_128,camera_multi_pose,reach,Reach,camera_location_viewpoint,Camera viewpoint,diverse_train,50,0,camera_extreme_ood_eval,extreme_ood_eval,150,0,5,112,150,0.0,0.03333333333333333,0.7466666666666667,1.0,0.01703890540326635,0.32991957118113835,400.0,results/frozen_resnet18_bc_128px_v1/metrics/ood/metrics__frozen_resnet18_bc_128__camera_multi_pose__budget050__seed000__eval_camera_extreme_ood_eval.json,1.7038905403266351,32.99195711811384
frozen_resnet18,Frozen ResNet-18,ood,frozen_resnet18_bc_128,camera_multi_pose,reach,Reach,camera_location_viewpoint,Camera viewpoint,diverse_train,50,1,camera_extreme_ood_eval,extreme_ood_eval,150,12,56,137,150,0.08,0.37333333333333335,0.9133333333333333,1.0,0.012443956551530088,0.3337825828957527,398.02666666666664,results/frozen_resnet18_bc_128px_v1/metrics/ood/metrics__frozen_resnet18_bc_128__camera_multi_pose__budget050__seed001__eval_camera_extreme_ood_eval.json,1.2443956551530089,33.37825828957527
frozen_resnet18,Frozen ResNet-18,ood,frozen_resnet18_bc_128,camera_multi_pose,reach,Reach,camera_location_viewpoint,Camera viewpoint,diverse_train,50,2,camera_extreme_ood_eval,extreme_ood_eval,150,1,71,149,150,0.006666666666666667,0.47333333333333333,0.9933333333333333,1.0,0.010747268038491409,0.3462344300746918,400.0,results/frozen_resnet18_bc_128px_v1/metrics/ood/metrics__frozen_resnet18_bc_128__camera_multi_pose__budget050__seed002__eval_camera_extreme_ood_eval.json,1.0747268038491409,34.62344300746918
frozen_resnet18,Frozen ResNet-18,ood,frozen_resnet18_bc_128,camera_multi_pose,reach,Reach,camera_location_viewpoint,Camera viewpoint,diverse_train,100,0,camera_extreme_ood_eval,extreme_ood_eval,150,0,78,150,150,0.0,0.52,1.0,1.0,0.009965456305071712,0.33408962140480675,400.0,results/frozen_resnet18_bc_128px_v1/metrics/ood/metrics__frozen_resnet18_bc_128__camera_multi_pose__budget100__seed000__eval_camera_extreme_ood_eval.json,0.9965456305071712,33.408962140480675
frozen_resnet18,Frozen ResNet-18,ood,frozen_resnet18_bc_128,camera_multi_pose,reach,Reach,camera_location_viewpoint,Camera viewpoint,diverse_train,200,0,camera_extreme_ood_eval,extreme_ood_eval,150,122,150,150,150,0.8133333333333334,1.0,1.0,1.0,0.0040498078404925765,0.3317699398100376,400.0,results/frozen_resnet18_bc_128px_v1/metrics/ood/metrics__frozen_resnet18_bc_128__camera_multi_pose__budget200__seed000__eval_camera_extreme_ood_eval.json,0.40498078404925764,33.17699398100376
frozen_resnet18,Frozen ResNet-18,ood,frozen_resnet18_bc_128,color_multi,reach,Reach,color,Color,diverse_train,5,0,color_ood_eval,ood_eval,150,0,38,150,150,0.0,0.25333333333333335,1.0,1.0,0.013550997835894425,0.3391650205850601,400.0,results/frozen_resnet18_bc_128px_v1/metrics/ood/metrics__frozen_resnet18_bc_128__color_multi__budget005__seed000__eval_color_ood_eval.json,1.3550997835894425,33.91650205850601
frozen_resnet18,Frozen ResNet-18,ood,frozen_resnet18_bc_128,color_multi,reach,Reach,color,Color,diverse_train,5,1,color_ood_eval,ood_eval,150,38,150,150,150,0.25333333333333335,1.0,1.0,1.0,0.004557575260599454,0.31070927580197655,400.0,results/frozen_resnet18_bc_128px_v1/metrics/ood/metrics__frozen_resnet18_bc_128__color_multi__budget005__seed001__eval_color_ood_eval.json,0.4557575260599454,31.070927580197655
frozen_resnet18,Frozen ResNet-18,ood,frozen_resnet18_bc_128,color_multi,reach,Reach,color,Color,diverse_train,5,2,color_ood_eval,ood_eval,150,32,112,150,150,0.21333333333333335,0.7466666666666667,1.0,1.0,0.007189010372385383,0.3001482025782267,400.0,results/frozen_resnet18_bc_128px_v1/metrics/ood/metrics__frozen_resnet18_bc_128__color_multi__budget005__seed002__eval_color_ood_eval.json,0.7189010372385383,30.01482025782267
frozen_resnet18,Frozen ResNet-18,ood,frozen_resnet18_bc_128,color_multi,reach,Reach,color,Color,diverse_train,20,0,color_ood_eval,ood_eval,150,0,38,150,150,0.0,0.25333333333333335,1.0,1.0,0.011237574343880018,0.32710324903329213,400.0,results/frozen_resnet18_bc_128px_v1/metrics/ood/metrics__frozen_resnet18_bc_128__color_multi__budget020__seed000__eval_color_ood_eval.json,1.123757434388002,32.710324903329216
frozen_resnet18,Frozen ResNet-18,ood,frozen_resnet18_bc_128,color_multi,reach,Reach,color,Color,diverse_train,20,1,color_ood_eval,ood_eval,150,0,79,150,150,0.0,0.5266666666666666,1.0,1.0,0.009374803236375252,0.31106431702772774,400.0,results/frozen_resnet18_bc_128px_v1/metrics/ood/metrics__frozen_resnet18_bc_128__color_multi__budget020__seed001__eval_color_ood_eval.json,0.9374803236375252,31.106431702772774
frozen_resnet18,Frozen ResNet-18,ood,frozen_resnet18_bc_128,color_multi,reach,Reach,color,Color,diverse_train,20,2,color_ood_eval,ood_eval,150,0,0,150,150,0.0,0.0,1.0,1.0,0.016167447219292322,0.3457215611139933,400.0,results/frozen_resnet18_bc_128px_v1/metrics/ood/metrics__frozen_resnet18_bc_128__color_multi__budget020__seed002__eval_color_ood_eval.json,1.6167447219292321,34.57215611139933
frozen_resnet18,Frozen ResNet-18,ood,frozen_resnet18_bc_128,color_multi,reach,Reach,color,Color,diverse_train,50,0,color_ood_eval,ood_eval,150,0,0,150,150,0.0,0.0,1.0,1.0,0.012498952013750871,0.33782650689284005,400.0,results/frozen_resnet18_bc_128px_v1/metrics/ood/metrics__frozen_resnet18_bc_128__color_multi__budget050__seed000__eval_color_ood_eval.json,1.249895201375087,33.782650689284004
frozen_resnet18,Frozen ResNet-18,ood,frozen_resnet18_bc_128,color_multi,reach,Reach,color,Color,diverse_train,50,1,color_ood_eval,ood_eval,150,0,0,111,150,0.0,0.0,0.74,1.0,0.017430188482006392,0.3340896999835968,400.0,results/frozen_resnet18_bc_128px_v1/metrics/ood/metrics__frozen_resnet18_bc_128__color_multi__budget050__seed001__eval_color_ood_eval.json,1.7430188482006392,33.40896999835968
frozen_resnet18,Frozen ResNet-18,ood,frozen_resnet18_bc_128,color_multi,reach,Reach,color,Color,diverse_train,50,2,color_ood_eval,ood_eval,150,0,0,111,150,0.0,0.0,0.74,1.0,0.019005529309312503,0.3232413417100906,400.0,results/frozen_resnet18_bc_128px_v1/metrics/ood/metrics__frozen_resnet18_bc_128__color_multi__budget050__seed002__eval_color_ood_eval.json,1.9005529309312503,32.324134171009064
frozen_resnet18,Frozen ResNet-18,ood,frozen_resnet18_bc_128,color_multi,reach,Reach,color,Color,diverse_train,100,0,color_ood_eval,ood_eval,150,0,118,150,150,0.0,0.7866666666666666,1.0,1.0,0.006827713530510664,0.3514215348164241,400.0,results/frozen_resnet18_bc_128px_v1/metrics/ood/metrics__frozen_resnet18_bc_128__color_multi__budget100__seed000__eval_color_ood_eval.json,0.6827713530510664,35.14215348164241
frozen_resnet18,Frozen ResNet-18,ood,frozen_resnet18_bc_128,color_multi,reach,Reach,color,Color,diverse_train,200,0,color_ood_eval,ood_eval,150,0,41,150,150,0.0,0.2733333333333333,1.0,1.0,0.010343750603497029,0.2982861405611038,400.0,results/frozen_resnet18_bc_128px_v1/metrics/ood/metrics__frozen_resnet18_bc_128__color_multi__budget200__seed000__eval_color_ood_eval.json,1.0343750603497028,29.828614056110382
frozen_resnet18,Frozen ResNet-18,ood,frozen_resnet18_bc_128,color_red_only,reach,Reach,color,Color,fixed_train,5,0,color_ood_eval,ood_eval,150,38,38,150,150,0.25333333333333335,0.25333333333333335,1.0,1.0,0.01038139541943868,0.32020177980264025,400.0,results/frozen_resnet18_bc_128px_v1/metrics/ood/metrics__frozen_resnet18_bc_128__color_red_only__budget005__seed000__eval_color_ood_eval.json,1.038139541943868,32.02017798026402
frozen_resnet18,Frozen ResNet-18,ood,frozen_resnet18_bc_128,color_red_only,reach,Reach,color,Color,fixed_train,5,1,color_ood_eval,ood_eval,150,0,0,0,150,0.0,0.0,0.0,1.0,0.03169885019461314,0.3137413070599238,400.0,results/frozen_resnet18_bc_128px_v1/metrics/ood/metrics__frozen_resnet18_bc_128__color_red_only__budget005__seed001__eval_color_ood_eval.json,3.1698850194613137,31.374130705992382
frozen_resnet18,Frozen ResNet-18,ood,frozen_resnet18_bc_128,color_red_only,reach,Reach,color,Color,fixed_train,5,2,color_ood_eval,ood_eval,150,0,0,111,150,0.0,0.0,0.74,1.0,0.015998871270567178,0.3095354537169139,400.0,results/frozen_resnet18_bc_128px_v1/metrics/ood/metrics__frozen_resnet18_bc_128__color_red_only__budget005__seed002__eval_color_ood_eval.json,1.5998871270567179,30.953545371691387
frozen_resnet18,Frozen ResNet-18,ood,frozen_resnet18_bc_128,color_red_only,reach,Reach,color,Color,fixed_train,20,0,color_ood_eval,ood_eval,150,0,38,111,150,0.0,0.25333333333333335,0.74,1.0,0.015916965864598752,0.31699851433436077,400.0,results/frozen_resnet18_bc_128px_v1/metrics/ood/metrics__frozen_resnet18_bc_128__color_red_only__budget020__seed000__eval_color_ood_eval.json,1.591696586459875,31.699851433436077
frozen_resnet18,Frozen ResNet-18,ood,frozen_resnet18_bc_128,color_red_only,reach,Reach,color,Color,fixed_train,20,1,color_ood_eval,ood_eval,150,0,41,150,150,0.0,0.2733333333333333,1.0,1.0,0.012067721982796986,0.3500282911459605,400.0,results/frozen_resnet18_bc_128px_v1/metrics/ood/metrics__frozen_resnet18_bc_128__color_red_only__budget020__seed001__eval_color_ood_eval.json,1.2067721982796986,35.002829114596054
frozen_resnet18,Frozen ResNet-18,ood,frozen_resnet18_bc_128,color_red_only,reach,Reach,color,Color,fixed_train,20,2,color_ood_eval,ood_eval,150,0,38,79,150,0.0,0.25333333333333335,0.5266666666666666,1.0,0.017353733945637943,0.31118220468362173,400.0,results/frozen_resnet18_bc_128px_v1/metrics/ood/metrics__frozen_resnet18_bc_128__color_red_only__budget020__seed002__eval_color_ood_eval.json,1.7353733945637944,31.118220468362175
frozen_resnet18,Frozen ResNet-18,ood,frozen_resnet18_bc_128,color_red_only,reach,Reach,color,Color,fixed_train,50,0,color_ood_eval,ood_eval,150,0,38,111,150,0.0,0.25333333333333335,0.74,1.0,0.017216383125633002,0.3502194299300512,400.0,results/frozen_resnet18_bc_128px_v1/metrics/ood/metrics__frozen_resnet18_bc_128__color_red_only__budget050__seed000__eval_color_ood_eval.json,1.7216383125633001,35.02194299300512
frozen_resnet18,Frozen ResNet-18,ood,frozen_resnet18_bc_128,color_red_only,reach,Reach,color,Color,fixed_train,50,1,color_ood_eval,ood_eval,150,79,111,150,150,0.5266666666666666,0.74,1.0,1.0,0.00615891794518878,0.33294461488723753,400.0,results/frozen_resnet18_bc_128px_v1/metrics/ood/metrics__frozen_resnet18_bc_128__color_red_only__budget050__seed001__eval_color_ood_eval.json,0.615891794518878,33.294461488723755
frozen_resnet18,Frozen ResNet-18,ood,frozen_resnet18_bc_128,color_red_only,reach,Reach,color,Color,fixed_train,50,2,color_ood_eval,ood_eval,150,0,0,38,150,0.0,0.0,0.25333333333333335,1.0,0.022007038903733095,0.30346722543239596,400.0,results/frozen_resnet18_bc_128px_v1/metrics/ood/metrics__frozen_resnet18_bc_128__color_red_only__budget050__seed002__eval_color_ood_eval.json,2.2007038903733096,30.346722543239597
frozen_resnet18,Frozen ResNet-18,ood,frozen_resnet18_bc_128,color_red_only,reach,Reach,color,Color,fixed_train,100,0,color_ood_eval,ood_eval,150,0,70,111,150,0.0,0.4666666666666667,0.74,1.0,0.01427776283894976,0.3402899005015691,400.0,results/frozen_resnet18_bc_128px_v1/metrics/ood/metrics__frozen_resnet18_bc_128__color_red_only__budget100__seed000__eval_color_ood_eval.json,1.427776283894976,34.02899005015691
frozen_resnet18,Frozen ResNet-18,ood,frozen_resnet18_bc_128,color_red_only,reach,Reach,color,Color,fixed_train,200,0,color_ood_eval,ood_eval,150,38,38,150,150,0.25333333333333335,0.25333333333333335,1.0,1.0,0.011897163788477579,0.3119702047109604,400.0,results/frozen_resnet18_bc_128px_v1/metrics/ood/metrics__frozen_resnet18_bc_128__color_red_only__budget200__seed000__eval_color_ood_eval.json,1.1897163788477578,31.19702047109604
frozen_resnet18,Frozen ResNet-18,ood,frozen_resnet18_bc_128,lighting_diverse,reach,Reach,lighting_direction_intensity,Lighting,diverse_train,5,0,lighting_extreme_ood_eval,extreme_ood_eval,150,0,40,40,150,0.0,0.26666666666666666,0.26666666666666666,1.0,0.022255381991465886,0.3438615214824676,400.0,results/frozen_resnet18_bc_128px_v1/metrics/ood/metrics__frozen_resnet18_bc_128__lighting_diverse__budget005__seed000__eval_lighting_extreme_ood_eval.json,2.225538199146589,34.386152148246765
frozen_resnet18,Frozen ResNet-18,ood,frozen_resnet18_bc_128,lighting_diverse,reach,Reach,lighting_direction_intensity,Lighting,diverse_train,5,1,lighting_extreme_ood_eval,extreme_ood_eval,150,0,0,102,150,0.0,0.0,0.68,1.0,0.018149283081293106,0.366100549697876,400.0,results/frozen_resnet18_bc_128px_v1/metrics/ood/metrics__frozen_resnet18_bc_128__lighting_diverse__budget005__seed001__eval_lighting_extreme_ood_eval.json,1.8149283081293106,36.6100549697876
frozen_resnet18,Frozen ResNet-18,ood,frozen_resnet18_bc_128,lighting_diverse,reach,Reach,lighting_direction_intensity,Lighting,diverse_train,5,2,lighting_extreme_ood_eval,extreme_ood_eval,150,0,34,62,150,0.0,0.22666666666666666,0.41333333333333333,1.0,0.023026288313170273,0.3579872993628184,400.0,results/frozen_resnet18_bc_128px_v1/metrics/ood/metrics__frozen_resnet18_bc_128__lighting_diverse__budget005__seed002__eval_lighting_extreme_ood_eval.json,2.302628831317027,35.798729936281845
frozen_resnet18,Frozen ResNet-18,ood,frozen_resnet18_bc_128,lighting_diverse,reach,Reach,lighting_direction_intensity,Lighting,diverse_train,20,0,lighting_extreme_ood_eval,extreme_ood_eval,150,0,0,88,150,0.0,0.0,0.5866666666666667,1.0,0.021420731320977212,0.3667450257142385,400.0,results/frozen_resnet18_bc_128px_v1/metrics/ood/metrics__frozen_resnet18_bc_128__lighting_diverse__budget020__seed000__eval_lighting_extreme_ood_eval.json,2.142073132097721,36.67450257142385
frozen_resnet18,Frozen ResNet-18,ood,frozen_resnet18_bc_128,lighting_diverse,reach,Reach,lighting_direction_intensity,Lighting,diverse_train,20,1,lighting_extreme_ood_eval,extreme_ood_eval,150,0,0,28,150,0.0,0.0,0.18666666666666668,1.0,0.028928389350573222,0.359076456228892,400.0,results/frozen_resnet18_bc_128px_v1/metrics/ood/metrics__frozen_resnet18_bc_128__lighting_diverse__budget020__seed001__eval_lighting_extreme_ood_eval.json,2.892838935057322,35.9076456228892
frozen_resnet18,Frozen ResNet-18,ood,frozen_resnet18_bc_128,lighting_diverse,reach,Reach,lighting_direction_intensity,Lighting,diverse_train,20,2,lighting_extreme_ood_eval,extreme_ood_eval,150,0,0,74,150,0.0,0.0,0.49333333333333335,1.0,0.02249085411429405,0.3413116574287415,400.0,results/frozen_resnet18_bc_128px_v1/metrics/ood/metrics__frozen_resnet18_bc_128__lighting_diverse__budget020__seed002__eval_lighting_extreme_ood_eval.json,2.249085411429405,34.131165742874146
frozen_resnet18,Frozen ResNet-18,ood,frozen_resnet18_bc_128,lighting_diverse,reach,Reach,lighting_direction_intensity,Lighting,diverse_train,50,0,lighting_extreme_ood_eval,extreme_ood_eval,150,0,0,34,150,0.0,0.0,0.22666666666666666,1.0,0.024407269035776457,0.33205539782842003,400.0,results/frozen_resnet18_bc_128px_v1/metrics/ood/metrics__frozen_resnet18_bc_128__lighting_diverse__budget050__seed000__eval_lighting_extreme_ood_eval.json,2.4407269035776458,33.205539782842
frozen_resnet18,Frozen ResNet-18,ood,frozen_resnet18_bc_128,lighting_diverse,reach,Reach,lighting_direction_intensity,Lighting,diverse_train,50,1,lighting_extreme_ood_eval,extreme_ood_eval,150,0,0,0,150,0.0,0.0,0.0,1.0,0.02818333389858405,0.357095875342687,400.0,results/frozen_resnet18_bc_128px_v1/metrics/ood/metrics__frozen_resnet18_bc_128__lighting_diverse__budget050__seed001__eval_lighting_extreme_ood_eval.json,2.818333389858405,35.7095875342687
frozen_resnet18,Frozen ResNet-18,ood,frozen_resnet18_bc_128,lighting_diverse,reach,Reach,lighting_direction_intensity,Lighting,diverse_train,50,2,lighting_extreme_ood_eval,extreme_ood_eval,150,0,0,0,150,0.0,0.0,0.0,1.0,0.03048803115884463,0.33825063665707905,400.0,results/frozen_resnet18_bc_128px_v1/metrics/ood/metrics__frozen_resnet18_bc_128__lighting_diverse__budget050__seed002__eval_lighting_extreme_ood_eval.json,3.0488031158844633,33.82506366570791
frozen_resnet18,Frozen ResNet-18,ood,frozen_resnet18_bc_128,lighting_diverse,reach,Reach,lighting_direction_intensity,Lighting,diverse_train,100,0,lighting_extreme_ood_eval,extreme_ood_eval,150,0,0,0,150,0.0,0.0,0.0,1.0,0.029882212554415068,0.3608182950814565,400.0,results/frozen_resnet18_bc_128px_v1/metrics/ood/metrics__frozen_resnet18_bc_128__lighting_diverse__budget100__seed000__eval_lighting_extreme_ood_eval.json,2.988221255441507,36.08182950814565
frozen_resnet18,Frozen ResNet-18,ood,frozen_resnet18_bc_128,lighting_diverse,reach,Reach,lighting_direction_intensity,Lighting,diverse_train,200,0,lighting_extreme_ood_eval,extreme_ood_eval,150,0,0,0,150,0.0,0.0,0.0,1.0,0.03092780997355779,0.3257976730664571,400.0,results/frozen_resnet18_bc_128px_v1/metrics/ood/metrics__frozen_resnet18_bc_128__lighting_diverse__budget200__seed000__eval_lighting_extreme_ood_eval.json,3.092780997355779,32.579767306645714
frozen_resnet18,Frozen ResNet-18,ood,frozen_resnet18_bc_128,lighting_fixed,reach,Reach,lighting_direction_intensity,Lighting,fixed_train,5,0,lighting_extreme_ood_eval,extreme_ood_eval,150,0,0,88,88,0.0,0.0,0.5866666666666667,0.5866666666666667,0.03504737615585327,0.2099892944097519,400.0,results/frozen_resnet18_bc_128px_v1/metrics/ood/metrics__frozen_resnet18_bc_128__lighting_fixed__budget005__seed000__eval_lighting_extreme_ood_eval.json,3.504737615585327,20.99892944097519
frozen_resnet18,Frozen ResNet-18,ood,frozen_resnet18_bc_128,lighting_fixed,reach,Reach,lighting_direction_intensity,Lighting,fixed_train,5,1,lighting_extreme_ood_eval,extreme_ood_eval,150,0,0,0,88,0.0,0.0,0.0,0.5866666666666667,0.04913573771715164,0.3022191921869914,400.0,results/frozen_resnet18_bc_128px_v1/metrics/ood/metrics__frozen_resnet18_bc_128__lighting_fixed__budget005__seed001__eval_lighting_extreme_ood_eval.json,4.913573771715164,30.22191921869914
frozen_resnet18,Frozen ResNet-18,ood,frozen_resnet18_bc_128,lighting_fixed,reach,Reach,lighting_direction_intensity,Lighting,fixed_train,5,2,lighting_extreme_ood_eval,extreme_ood_eval,150,0,0,0,62,0.0,0.0,0.0,0.41333333333333333,0.08345330730080605,0.30017978469530743,400.0,results/frozen_resnet18_bc_128px_v1/metrics/ood/metrics__frozen_resnet18_bc_128__lighting_fixed__budget005__seed002__eval_lighting_extreme_ood_eval.json,8.345330730080605,30.017978469530743
frozen_resnet18,Frozen ResNet-18,ood,frozen_resnet18_bc_128,lighting_fixed,reach,Reach,lighting_direction_intensity,Lighting,fixed_train,20,0,lighting_extreme_ood_eval,extreme_ood_eval,150,0,0,40,88,0.0,0.0,0.26666666666666666,0.5866666666666667,0.04162707010904948,0.27154537896315256,400.0,results/frozen_resnet18_bc_128px_v1/metrics/ood/metrics__frozen_resnet18_bc_128__lighting_fixed__budget020__seed000__eval_lighting_extreme_ood_eval.json,4.162707010904948,27.154537896315254
frozen_resnet18,Frozen ResNet-18,ood,frozen_resnet18_bc_128,lighting_fixed,reach,Reach,lighting_direction_intensity,Lighting,fixed_train,20,1,lighting_extreme_ood_eval,extreme_ood_eval,150,0,0,0,102,0.0,0.0,0.0,0.68,0.047434573620557786,0.33558400670687355,400.0,results/frozen_resnet18_bc_128px_v1/metrics/ood/metrics__frozen_resnet18_bc_128__lighting_fixed__budget020__seed001__eval_lighting_extreme_ood_eval.json,4.7434573620557785,33.558400670687355
frozen_resnet18,Frozen ResNet-18,ood,frozen_resnet18_bc_128,lighting_fixed,reach,Reach,lighting_direction_intensity,Lighting,fixed_train,20,2,lighting_extreme_ood_eval,extreme_ood_eval,150,0,0,0,34,0.0,0.0,0.0,0.22666666666666666,0.06839927479624748,0.33428112109502156,400.0,results/frozen_resnet18_bc_128px_v1/metrics/ood/metrics__frozen_resnet18_bc_128__lighting_fixed__budget020__seed002__eval_lighting_extreme_ood_eval.json,6.839927479624748,33.42811210950216
frozen_resnet18,Frozen ResNet-18,ood,frozen_resnet18_bc_128,lighting_fixed,reach,Reach,lighting_direction_intensity,Lighting,fixed_train,50,0,lighting_extreme_ood_eval,extreme_ood_eval,150,0,0,88,88,0.0,0.0,0.5866666666666667,0.5866666666666667,0.033937492767969764,0.15040951917568843,400.0,results/frozen_resnet18_bc_128px_v1/metrics/ood/metrics__frozen_resnet18_bc_128__lighting_fixed__budget050__seed000__eval_lighting_extreme_ood_eval.json,3.3937492767969766,15.040951917568842
frozen_resnet18,Frozen ResNet-18,ood,frozen_resnet18_bc_128,lighting_fixed,reach,Reach,lighting_direction_intensity,Lighting,fixed_train,50,1,lighting_extreme_ood_eval,extreme_ood_eval,150,0,40,40,116,0.0,0.26666666666666666,0.26666666666666666,0.7733333333333333,0.03110045130054156,0.25091796000798544,400.0,results/frozen_resnet18_bc_128px_v1/metrics/ood/metrics__frozen_resnet18_bc_128__lighting_fixed__budget050__seed001__eval_lighting_extreme_ood_eval.json,3.1100451300541563,25.091796000798546
frozen_resnet18,Frozen ResNet-18,ood,frozen_resnet18_bc_128,lighting_fixed,reach,Reach,lighting_direction_intensity,Lighting,fixed_train,50,2,lighting_extreme_ood_eval,extreme_ood_eval,150,0,0,0,0,0.0,0.0,0.0,0.0,0.05516895537575086,0.29450875997543335,400.0,results/frozen_resnet18_bc_128px_v1/metrics/ood/metrics__frozen_resnet18_bc_128__lighting_fixed__budget050__seed002__eval_lighting_extreme_ood_eval.json,5.516895537575086,29.450875997543335
frozen_resnet18,Frozen ResNet-18,ood,frozen_resnet18_bc_128,lighting_fixed,reach,Reach,lighting_direction_intensity,Lighting,fixed_train,100,0,lighting_extreme_ood_eval,extreme_ood_eval,150,0,0,40,88,0.0,0.0,0.26666666666666666,0.5866666666666667,0.03587627410888672,0.29219467361768087,400.0,results/frozen_resnet18_bc_128px_v1/metrics/ood/metrics__frozen_resnet18_bc_128__lighting_fixed__budget100__seed000__eval_lighting_extreme_ood_eval.json,3.587627410888672,29.219467361768086
frozen_resnet18,Frozen ResNet-18,ood,frozen_resnet18_bc_128,lighting_fixed,reach,Reach,lighting_direction_intensity,Lighting,fixed_train,200,0,lighting_extreme_ood_eval,extreme_ood_eval,150,0,0,88,122,0.0,0.0,0.5866666666666667,0.8133333333333334,0.029696424901485444,0.27768340706825256,400.0,results/frozen_resnet18_bc_128px_v1/metrics/ood/metrics__frozen_resnet18_bc_128__lighting_fixed__budget200__seed000__eval_lighting_extreme_ood_eval.json,2.9696424901485443,27.768340706825256
frozen_resnet18,Frozen ResNet-18,ood,frozen_resnet18_bc_128,spatial_narrow,reach,Reach,spatial_distribution,Spatial distribution,narrow_train,5,0,spatial_edge_ood_eval,edge_ood_eval,150,3,5,7,24,0.02,0.03333333333333333,0.04666666666666667,0.16,0.12537759511576343,0.22853711960837245,400.0,results/frozen_resnet18_bc_128px_v1/metrics/ood/metrics__frozen_resnet18_bc_128__spatial_narrow__budget005__seed000__eval_spatial_edge_ood_eval.json,12.537759511576343,22.853711960837245
frozen_resnet18,Frozen ResNet-18,ood,frozen_resnet18_bc_128,spatial_narrow,reach,Reach,spatial_distribution,Spatial distribution,narrow_train,5,1,spatial_edge_ood_eval,edge_ood_eval,150,0,0,4,16,0.0,0.0,0.02666666666666667,0.10666666666666667,0.13418137504408756,0.3732624103625615,400.0,results/frozen_resnet18_bc_128px_v1/metrics/ood/metrics__frozen_resnet18_bc_128__spatial_narrow__budget005__seed001__eval_spatial_edge_ood_eval.json,13.418137504408756,37.32624103625615
frozen_resnet18,Frozen ResNet-18,ood,frozen_resnet18_bc_128,spatial_narrow,reach,Reach,spatial_distribution,Spatial distribution,narrow_train,5,2,spatial_edge_ood_eval,edge_ood_eval,150,1,2,5,22,0.006666666666666667,0.013333333333333334,0.03333333333333333,0.14666666666666667,0.1299116929496328,0.32035142242908476,400.0,results/frozen_resnet18_bc_128px_v1/metrics/ood/metrics__frozen_resnet18_bc_128__spatial_narrow__budget005__seed002__eval_spatial_edge_ood_eval.json,12.991169294963282,32.03514224290848
frozen_resnet18,Frozen ResNet-18,ood,frozen_resnet18_bc_128,spatial_narrow,reach,Reach,spatial_distribution,Spatial distribution,narrow_train,20,0,spatial_edge_ood_eval,edge_ood_eval,150,1,2,12,29,0.006666666666666667,0.013333333333333334,0.08,0.19333333333333333,0.10891312662201623,0.2114031547556321,400.0,results/frozen_resnet18_bc_128px_v1/metrics/ood/metrics__frozen_resnet18_bc_128__spatial_narrow__budget020__seed000__eval_spatial_edge_ood_eval.json,10.891312662201623,21.14031547556321
frozen_resnet18,Frozen ResNet-18,ood,frozen_resnet18_bc_128,spatial_narrow,reach,Reach,spatial_distribution,Spatial distribution,narrow_train,20,1,spatial_edge_ood_eval,edge_ood_eval,150,0,1,8,37,0.0,0.006666666666666667,0.05333333333333334,0.24666666666666667,0.11111246399270991,0.2530868808925152,400.0,results/frozen_resnet18_bc_128px_v1/metrics/ood/metrics__frozen_resnet18_bc_128__spatial_narrow__budget020__seed001__eval_spatial_edge_ood_eval.json,11.111246399270991,25.30868808925152
frozen_resnet18,Frozen ResNet-18,ood,frozen_resnet18_bc_128,spatial_narrow,reach,Reach,spatial_distribution,Spatial distribution,narrow_train,20,2,spatial_edge_ood_eval,edge_ood_eval,150,2,11,19,39,0.013333333333333334,0.07333333333333333,0.12666666666666668,0.26,0.10060020453607042,0.2308423762023449,400.0,results/frozen_resnet18_bc_128px_v1/metrics/ood/metrics__frozen_resnet18_bc_128__spatial_narrow__budget020__seed002__eval_spatial_edge_ood_eval.json,10.060020453607041,23.08423762023449
frozen_resnet18,Frozen ResNet-18,ood,frozen_resnet18_bc_128,spatial_narrow,reach,Reach,spatial_distribution,Spatial distribution,narrow_train,50,0,spatial_edge_ood_eval,edge_ood_eval,150,0,9,25,55,0.0,0.06,0.16666666666666666,0.36666666666666664,0.09256529945880175,0.23197283141314984,400.0,results/frozen_resnet18_bc_128px_v1/metrics/ood/metrics__frozen_resnet18_bc_128__spatial_narrow__budget050__seed000__eval_spatial_edge_ood_eval.json,9.256529945880175,23.197283141314983
frozen_resnet18,Frozen ResNet-18,ood,frozen_resnet18_bc_128,spatial_narrow,reach,Reach,spatial_distribution,Spatial distribution,narrow_train,50,1,spatial_edge_ood_eval,edge_ood_eval,150,0,0,16,49,0.0,0.0,0.10666666666666667,0.32666666666666666,0.10139984352514148,0.30400031176706155,400.0,results/frozen_resnet18_bc_128px_v1/metrics/ood/metrics__frozen_resnet18_bc_128__spatial_narrow__budget050__seed001__eval_spatial_edge_ood_eval.json,10.139984352514148,30.400031176706154
frozen_resnet18,Frozen ResNet-18,ood,frozen_resnet18_bc_128,spatial_narrow,reach,Reach,spatial_distribution,Spatial distribution,narrow_train,50,2,spatial_edge_ood_eval,edge_ood_eval,150,7,15,28,57,0.04666666666666667,0.1,0.18666666666666668,0.38,0.08532898165130366,0.21121738863488038,400.0,results/frozen_resnet18_bc_128px_v1/metrics/ood/metrics__frozen_resnet18_bc_128__spatial_narrow__budget050__seed002__eval_spatial_edge_ood_eval.json,8.532898165130366,21.121738863488037
frozen_resnet18,Frozen ResNet-18,ood,frozen_resnet18_bc_128,spatial_narrow,reach,Reach,spatial_distribution,Spatial distribution,narrow_train,100,0,spatial_edge_ood_eval,edge_ood_eval,150,2,15,30,59,0.013333333333333334,0.1,0.2,0.3933333333333333,0.08429437758090595,0.20692977316677572,400.0,results/frozen_resnet18_bc_128px_v1/metrics/ood/metrics__frozen_resnet18_bc_128__spatial_narrow__budget100__seed000__eval_spatial_edge_ood_eval.json,8.429437758090595,20.69297731667757
frozen_resnet18,Frozen ResNet-18,ood,frozen_resnet18_bc_128,spatial_narrow,reach,Reach,spatial_distribution,Spatial distribution,narrow_train,200,0,spatial_edge_ood_eval,edge_ood_eval,150,7,19,29,56,0.04666666666666667,0.12666666666666668,0.19333333333333333,0.37333333333333335,0.07590651240432635,0.1827572679022948,400.0,results/frozen_resnet18_bc_128px_v1/metrics/ood/metrics__frozen_resnet18_bc_128__spatial_narrow__budget200__seed000__eval_spatial_edge_ood_eval.json,7.590651240432635,18.27572679022948
frozen_resnet18,Frozen ResNet-18,ood,frozen_resnet18_bc_128,spatial_wide,reach,Reach,spatial_distribution,Spatial distribution,wide_train,5,0,spatial_edge_ood_eval,edge_ood_eval,150,0,2,3,20,0.0,0.013333333333333334,0.02,0.13333333333333333,0.13801413227493564,0.3131970749795437,400.0,results/frozen_resnet18_bc_128px_v1/metrics/ood/metrics__frozen_resnet18_bc_128__spatial_wide__budget005__seed000__eval_spatial_edge_ood_eval.json,13.801413227493564,31.31970749795437
frozen_resnet18,Frozen ResNet-18,ood,frozen_resnet18_bc_128,spatial_wide,reach,Reach,spatial_distribution,Spatial distribution,wide_train,5,1,spatial_edge_ood_eval,edge_ood_eval,150,1,6,17,38,0.006666666666666667,0.04,0.11333333333333333,0.25333333333333335,0.09560358927895625,0.22223044643799464,400.0,results/frozen_resnet18_bc_128px_v1/metrics/ood/metrics__frozen_resnet18_bc_128__spatial_wide__budget005__seed001__eval_spatial_edge_ood_eval.json,9.560358927895624,22.223044643799465
frozen_resnet18,Frozen ResNet-18,ood,frozen_resnet18_bc_128,spatial_wide,reach,Reach,spatial_distribution,Spatial distribution,wide_train,5,2,spatial_edge_ood_eval,edge_ood_eval,150,0,1,10,32,0.0,0.006666666666666667,0.06666666666666667,0.21333333333333335,0.11252095043969651,0.2883643837273121,400.0,results/frozen_resnet18_bc_128px_v1/metrics/ood/metrics__frozen_resnet18_bc_128__spatial_wide__budget005__seed002__eval_spatial_edge_ood_eval.json,11.252095043969652,28.83643837273121
frozen_resnet18,Frozen ResNet-18,ood,frozen_resnet18_bc_128,spatial_wide,reach,Reach,spatial_distribution,Spatial distribution,wide_train,20,0,spatial_edge_ood_eval,edge_ood_eval,150,1,4,14,65,0.006666666666666667,0.02666666666666667,0.09333333333333334,0.43333333333333335,0.08178642145435636,0.24184128945770983,398.08666666666664,results/frozen_resnet18_bc_128px_v1/metrics/ood/metrics__frozen_resnet18_bc_128__spatial_wide__budget020__seed000__eval_spatial_edge_ood_eval.json,8.178642145435635,24.184128945770983
frozen_resnet18,Frozen ResNet-18,ood,frozen_resnet18_bc_128,spatial_wide,reach,Reach,spatial_distribution,Spatial distribution,wide_train,20,1,spatial_edge_ood_eval,edge_ood_eval,150,0,1,19,85,0.0,0.006666666666666667,0.12666666666666668,0.5666666666666667,0.056565738370021185,0.207937125513951,400.0,results/frozen_resnet18_bc_128px_v1/metrics/ood/metrics__frozen_resnet18_bc_128__spatial_wide__budget020__seed001__eval_spatial_edge_ood_eval.json,5.656573837002118,20.7937125513951
frozen_resnet18,Frozen ResNet-18,ood,frozen_resnet18_bc_128,spatial_wide,reach,Reach,spatial_distribution,Spatial distribution,wide_train,20,2,spatial_edge_ood_eval,edge_ood_eval,150,0,6,26,80,0.0,0.04,0.17333333333333334,0.5333333333333333,0.05442363003268838,0.15541175266106924,400.0,results/frozen_resnet18_bc_128px_v1/metrics/ood/metrics__frozen_resnet18_bc_128__spatial_wide__budget020__seed002__eval_spatial_edge_ood_eval.json,5.442363003268838,15.541175266106924
frozen_resnet18,Frozen ResNet-18,ood,frozen_resnet18_bc_128,spatial_wide,reach,Reach,spatial_distribution,Spatial distribution,wide_train,50,0,spatial_edge_ood_eval,edge_ood_eval,150,18,46,76,106,0.12,0.30666666666666664,0.5066666666666667,0.7066666666666667,0.04014855889991547,0.1221622518884639,400.0,results/frozen_resnet18_bc_128px_v1/metrics/ood/metrics__frozen_resnet18_bc_128__spatial_wide__budget050__seed000__eval_spatial_edge_ood_eval.json,4.014855889991547,12.21622518884639
frozen_resnet18,Frozen ResNet-18,ood,frozen_resnet18_bc_128,spatial_wide,reach,Reach,spatial_distribution,Spatial distribution,wide_train,50,1,spatial_edge_ood_eval,edge_ood_eval,150,4,20,87,115,0.02666666666666667,0.13333333333333333,0.58,0.7666666666666667,0.033925577336146186,0.15492240925629933,400.0,results/frozen_resnet18_bc_128px_v1/metrics/ood/metrics__frozen_resnet18_bc_128__spatial_wide__budget050__seed001__eval_spatial_edge_ood_eval.json,3.3925577336146184,15.492240925629932
frozen_resnet18,Frozen ResNet-18,ood,frozen_resnet18_bc_128,spatial_wide,reach,Reach,spatial_distribution,Spatial distribution,wide_train,50,2,spatial_edge_ood_eval,edge_ood_eval,150,6,14,45,112,0.04,0.09333333333333334,0.3,0.7466666666666667,0.0369431429139028,0.18942413213352363,400.0,results/frozen_resnet18_bc_128px_v1/metrics/ood/metrics__frozen_resnet18_bc_128__spatial_wide__budget050__seed002__eval_spatial_edge_ood_eval.json,3.69431429139028,18.942413213352363
frozen_resnet18,Frozen ResNet-18,ood,frozen_resnet18_bc_128,spatial_wide,reach,Reach,spatial_distribution,Spatial distribution,wide_train,100,0,spatial_edge_ood_eval,edge_ood_eval,150,4,22,76,117,0.02666666666666667,0.14666666666666667,0.5066666666666667,0.78,0.033678482146933676,0.14042339999228715,400.0,results/frozen_resnet18_bc_128px_v1/metrics/ood/metrics__frozen_resnet18_bc_128__spatial_wide__budget100__seed000__eval_spatial_edge_ood_eval.json,3.3678482146933675,14.042339999228714
frozen_resnet18,Frozen ResNet-18,ood,frozen_resnet18_bc_128,spatial_wide,reach,Reach,spatial_distribution,Spatial distribution,wide_train,200,0,spatial_edge_ood_eval,edge_ood_eval,150,15,61,99,126,0.1,0.4066666666666667,0.66,0.84,0.023139981344187013,0.12713067811603349,400.0,results/frozen_resnet18_bc_128px_v1/metrics/ood/metrics__frozen_resnet18_bc_128__spatial_wide__budget200__seed000__eval_spatial_edge_ood_eval.json,2.3139981344187013,12.713067811603349
partial_resnet18,Partial ResNet-18,id,partial_resnet18_bc_128,avoid_camera_fixed,avoid_reach,Obstacle-aware reach,camera_location_viewpoint,Camera viewpoint,fixed_train,5,0,avoid_camera_fixed,fixed_train,150,0,0,0,0,0.0,0.0,0.0,0.0,0.06632495671510696,0.13683876395225525,400.0,results/partial_resnet18_bc_128px_v1/metrics/id/metrics__partial_resnet18_bc_128__avoid_camera_fixed__budget005__seed000__eval_avoid_camera_fixed.json,6.632495671510696,13.683876395225525
partial_resnet18,Partial ResNet-18,id,partial_resnet18_bc_128,avoid_camera_fixed,avoid_reach,Obstacle-aware reach,camera_location_viewpoint,Camera viewpoint,fixed_train,5,1,avoid_camera_fixed,fixed_train,150,0,0,0,0,0.0,0.0,0.0,0.0,0.11974600702524185,0.6612277626991272,400.0,results/partial_resnet18_bc_128px_v1/metrics/id/metrics__partial_resnet18_bc_128__avoid_camera_fixed__budget005__seed001__eval_avoid_camera_fixed.json,11.974600702524185,66.12277626991272
partial_resnet18,Partial ResNet-18,id,partial_resnet18_bc_128,avoid_camera_fixed,avoid_reach,Obstacle-aware reach,camera_location_viewpoint,Camera viewpoint,fixed_train,5,2,avoid_camera_fixed,fixed_train,150,0,0,0,150,0.0,0.0,0.0,1.0,0.03466292843222618,0.2646956741809845,400.0,results/partial_resnet18_bc_128px_v1/metrics/id/metrics__partial_resnet18_bc_128__avoid_camera_fixed__budget005__seed002__eval_avoid_camera_fixed.json,3.466292843222618,26.46956741809845
partial_resnet18,Partial ResNet-18,id,partial_resnet18_bc_128,avoid_camera_fixed,avoid_reach,Obstacle-aware reach,camera_location_viewpoint,Camera viewpoint,fixed_train,20,0,avoid_camera_fixed,fixed_train,150,0,0,0,150,0.0,0.0,0.0,1.0,0.03436586633324623,0.2970513105392456,400.0,results/partial_resnet18_bc_128px_v1/metrics/id/metrics__partial_resnet18_bc_128__avoid_camera_fixed__budget020__seed000__eval_avoid_camera_fixed.json,3.436586633324623,29.70513105392456
partial_resnet18,Partial ResNet-18,id,partial_resnet18_bc_128,avoid_camera_fixed,avoid_reach,Obstacle-aware reach,camera_location_viewpoint,Camera viewpoint,fixed_train,20,1,avoid_camera_fixed,fixed_train,150,0,0,0,0,0.0,0.0,0.0,0.0,0.13410566747188568,0.7159915566444397,400.0,results/partial_resnet18_bc_128px_v1/metrics/id/metrics__partial_resnet18_bc_128__avoid_camera_fixed__budget020__seed001__eval_avoid_camera_fixed.json,13.410566747188568,71.59915566444397
partial_resnet18,Partial ResNet-18,id,partial_resnet18_bc_128,avoid_camera_fixed,avoid_reach,Obstacle-aware reach,camera_location_viewpoint,Camera viewpoint,fixed_train,20,2,avoid_camera_fixed,fixed_train,150,0,0,0,0,0.0,0.0,0.0,0.0,0.12214865535497665,0.22215422987937927,400.0,results/partial_resnet18_bc_128px_v1/metrics/id/metrics__partial_resnet18_bc_128__avoid_camera_fixed__budget020__seed002__eval_avoid_camera_fixed.json,12.214865535497665,22.215422987937927
partial_resnet18,Partial ResNet-18,id,partial_resnet18_bc_128,avoid_camera_fixed,avoid_reach,Obstacle-aware reach,camera_location_viewpoint,Camera viewpoint,fixed_train,50,0,avoid_camera_fixed,fixed_train,150,0,0,0,0,0.0,0.0,0.0,0.0,0.055701229721307755,0.32045814394950867,400.0,results/partial_resnet18_bc_128px_v1/metrics/id/metrics__partial_resnet18_bc_128__avoid_camera_fixed__budget050__seed000__eval_avoid_camera_fixed.json,5.5701229721307755,32.04581439495087
partial_resnet18,Partial ResNet-18,id,partial_resnet18_bc_128,avoid_camera_fixed,avoid_reach,Obstacle-aware reach,camera_location_viewpoint,Camera viewpoint,fixed_train,50,1,avoid_camera_fixed,fixed_train,150,0,0,0,0,0.0,0.0,0.0,0.0,0.06451734155416489,0.3073512315750122,400.0,results/partial_resnet18_bc_128px_v1/metrics/id/metrics__partial_resnet18_bc_128__avoid_camera_fixed__budget050__seed001__eval_avoid_camera_fixed.json,6.451734155416489,30.73512315750122
partial_resnet18,Partial ResNet-18,id,partial_resnet18_bc_128,avoid_camera_fixed,avoid_reach,Obstacle-aware reach,camera_location_viewpoint,Camera viewpoint,fixed_train,50,2,avoid_camera_fixed,fixed_train,150,0,0,0,150,0.0,0.0,0.0,1.0,0.038171809166669846,0.30473947525024414,400.0,results/partial_resnet18_bc_128px_v1/metrics/id/metrics__partial_resnet18_bc_128__avoid_camera_fixed__budget050__seed002__eval_avoid_camera_fixed.json,3.8171809166669846,30.473947525024414
partial_resnet18,Partial ResNet-18,id,partial_resnet18_bc_128,avoid_camera_fixed,avoid_reach,Obstacle-aware reach,camera_location_viewpoint,Camera viewpoint,fixed_train,100,0,avoid_camera_fixed,fixed_train,150,0,0,0,150,0.0,0.0,0.0,1.0,0.03774866834282875,0.3107907772064209,400.0,results/partial_resnet18_bc_128px_v1/metrics/id/metrics__partial_resnet18_bc_128__avoid_camera_fixed__budget100__seed000__eval_avoid_camera_fixed.json,3.774866834282875,31.07907772064209
partial_resnet18,Partial ResNet-18,id,partial_resnet18_bc_128,avoid_camera_fixed,avoid_reach,Obstacle-aware reach,camera_location_viewpoint,Camera viewpoint,fixed_train,200,0,avoid_camera_fixed,fixed_train,150,0,0,0,0,0.0,0.0,0.0,0.0,0.09600025415420532,0.825584888458252,400.0,results/partial_resnet18_bc_128px_v1/metrics/id/metrics__partial_resnet18_bc_128__avoid_camera_fixed__budget200__seed000__eval_avoid_camera_fixed.json,9.600025415420532,82.5584888458252
partial_resnet18,Partial ResNet-18,id,partial_resnet18_bc_128,avoid_camera_multi_pose,avoid_reach,Obstacle-aware reach,camera_location_viewpoint,Camera viewpoint,diverse_train,5,0,avoid_camera_multi_pose,diverse_train,150,0,0,1,17,0.0,0.0,0.006666666666666667,0.11333333333333333,0.08239802277336518,0.2471833756317695,400.0,results/partial_resnet18_bc_128px_v1/metrics/id/metrics__partial_resnet18_bc_128__avoid_camera_multi_pose__budget005__seed000__eval_avoid_camera_multi_pose.json,8.239802277336517,24.718337563176952
partial_resnet18,Partial ResNet-18,id,partial_resnet18_bc_128,avoid_camera_multi_pose,avoid_reach,Obstacle-aware reach,camera_location_viewpoint,Camera viewpoint,diverse_train,5,1,avoid_camera_multi_pose,diverse_train,150,0,0,1,7,0.0,0.0,0.006666666666666667,0.04666666666666667,0.09954090836147467,0.44988570630550384,400.0,results/partial_resnet18_bc_128px_v1/metrics/id/metrics__partial_resnet18_bc_128__avoid_camera_multi_pose__budget005__seed001__eval_avoid_camera_multi_pose.json,9.954090836147467,44.988570630550385
partial_resnet18,Partial ResNet-18,id,partial_resnet18_bc_128,avoid_camera_multi_pose,avoid_reach,Obstacle-aware reach,camera_location_viewpoint,Camera viewpoint,diverse_train,5,2,avoid_camera_multi_pose,diverse_train,150,0,0,0,19,0.0,0.0,0.0,0.12666666666666668,0.07960286560157935,0.17627267462511859,400.0,results/partial_resnet18_bc_128px_v1/metrics/id/metrics__partial_resnet18_bc_128__avoid_camera_multi_pose__budget005__seed002__eval_avoid_camera_multi_pose.json,7.960286560157935,17.62726746251186
partial_resnet18,Partial ResNet-18,id,partial_resnet18_bc_128,avoid_camera_multi_pose,avoid_reach,Obstacle-aware reach,camera_location_viewpoint,Camera viewpoint,diverse_train,20,0,avoid_camera_multi_pose,diverse_train,150,0,1,3,148,0.0,0.006666666666666667,0.02,0.9866666666666667,0.03866755930085977,0.2144118736932675,400.0,results/partial_resnet18_bc_128px_v1/metrics/id/metrics__partial_resnet18_bc_128__avoid_camera_multi_pose__budget020__seed000__eval_avoid_camera_multi_pose.json,3.866755930085977,21.44118736932675
partial_resnet18,Partial ResNet-18,id,partial_resnet18_bc_128,avoid_camera_multi_pose,avoid_reach,Obstacle-aware reach,camera_location_viewpoint,Camera viewpoint,diverse_train,20,1,avoid_camera_multi_pose,diverse_train,150,0,0,0,67,0.0,0.0,0.0,0.44666666666666666,0.05532714915772279,0.14924650184810162,400.0,results/partial_resnet18_bc_128px_v1/metrics/id/metrics__partial_resnet18_bc_128__avoid_camera_multi_pose__budget020__seed001__eval_avoid_camera_multi_pose.json,5.532714915772279,14.924650184810162
partial_resnet18,Partial ResNet-18,id,partial_resnet18_bc_128,avoid_camera_multi_pose,avoid_reach,Obstacle-aware reach,camera_location_viewpoint,Camera viewpoint,diverse_train,20,2,avoid_camera_multi_pose,diverse_train,150,4,14,42,109,0.02666666666666667,0.09333333333333334,0.28,0.7266666666666667,0.03802359568964069,0.22346665439506372,400.0,results/partial_resnet18_bc_128px_v1/metrics/id/metrics__partial_resnet18_bc_128__avoid_camera_multi_pose__budget020__seed002__eval_avoid_camera_multi_pose.json,3.8023595689640692,22.34666543950637
partial_resnet18,Partial ResNet-18,id,partial_resnet18_bc_128,avoid_camera_multi_pose,avoid_reach,Obstacle-aware reach,camera_location_viewpoint,Camera viewpoint,diverse_train,50,0,avoid_camera_multi_pose,diverse_train,150,0,0,0,79,0.0,0.0,0.0,0.5266666666666666,0.048673215992748736,0.40939082264900206,400.0,results/partial_resnet18_bc_128px_v1/metrics/id/metrics__partial_resnet18_bc_128__avoid_camera_multi_pose__budget050__seed000__eval_avoid_camera_multi_pose.json,4.867321599274874,40.93908226490021
partial_resnet18,Partial ResNet-18,id,partial_resnet18_bc_128,avoid_camera_multi_pose,avoid_reach,Obstacle-aware reach,camera_location_viewpoint,Camera viewpoint,diverse_train,50,1,avoid_camera_multi_pose,diverse_train,150,0,0,0,150,0.0,0.0,0.0,1.0,0.03827869217842817,0.46574549823999406,400.0,results/partial_resnet18_bc_128px_v1/metrics/id/metrics__partial_resnet18_bc_128__avoid_camera_multi_pose__budget050__seed001__eval_avoid_camera_multi_pose.json,3.8278692178428173,46.574549823999405
partial_resnet18,Partial ResNet-18,id,partial_resnet18_bc_128,avoid_camera_multi_pose,avoid_reach,Obstacle-aware reach,camera_location_viewpoint,Camera viewpoint,diverse_train,50,2,avoid_camera_multi_pose,diverse_train,150,0,0,0,150,0.0,0.0,0.0,1.0,0.045732968971133235,0.08162240162491799,400.0,results/partial_resnet18_bc_128px_v1/metrics/id/metrics__partial_resnet18_bc_128__avoid_camera_multi_pose__budget050__seed002__eval_avoid_camera_multi_pose.json,4.573296897113323,8.162240162491798
partial_resnet18,Partial ResNet-18,id,partial_resnet18_bc_128,avoid_camera_multi_pose,avoid_reach,Obstacle-aware reach,camera_location_viewpoint,Camera viewpoint,diverse_train,100,0,avoid_camera_multi_pose,diverse_train,150,0,0,0,0,0.0,0.0,0.0,0.0,0.08872648820281029,0.9124926348527272,400.0,results/partial_resnet18_bc_128px_v1/metrics/id/metrics__partial_resnet18_bc_128__avoid_camera_multi_pose__budget100__seed000__eval_avoid_camera_multi_pose.json,8.872648820281029,91.24926348527272
partial_resnet18,Partial ResNet-18,id,partial_resnet18_bc_128,avoid_camera_multi_pose,avoid_reach,Obstacle-aware reach,camera_location_viewpoint,Camera viewpoint,diverse_train,200,0,avoid_camera_multi_pose,diverse_train,150,0,7,147,150,0.0,0.04666666666666667,0.98,1.0,0.013663497890035311,0.17141879161198934,400.0,results/partial_resnet18_bc_128px_v1/metrics/id/metrics__partial_resnet18_bc_128__avoid_camera_multi_pose__budget200__seed000__eval_avoid_camera_multi_pose.json,1.3663497890035312,17.141879161198933
partial_resnet18,Partial ResNet-18,id,partial_resnet18_bc_128,avoid_color_multi,avoid_reach,Obstacle-aware reach,color,Color,diverse_train,5,0,avoid_color_multi,diverse_train,150,0,0,0,0,0.0,0.0,0.0,0.0,0.07561463832855225,0.1594850050409635,400.0,results/partial_resnet18_bc_128px_v1/metrics/id/metrics__partial_resnet18_bc_128__avoid_color_multi__budget005__seed000__eval_avoid_color_multi.json,7.5614638328552255,15.94850050409635
partial_resnet18,Partial ResNet-18,id,partial_resnet18_bc_128,avoid_color_multi,avoid_reach,Obstacle-aware reach,color,Color,diverse_train,5,1,avoid_color_multi,diverse_train,150,0,0,0,0,0.0,0.0,0.0,0.0,0.2516150477528572,0.7900947964191437,400.0,results/partial_resnet18_bc_128px_v1/metrics/id/metrics__partial_resnet18_bc_128__avoid_color_multi__budget005__seed001__eval_avoid_color_multi.json,25.16150477528572,79.00947964191437
partial_resnet18,Partial ResNet-18,id,partial_resnet18_bc_128,avoid_color_multi,avoid_reach,Obstacle-aware reach,color,Color,diverse_train,5,2,avoid_color_multi,diverse_train,150,0,0,0,150,0.0,0.0,0.0,1.0,0.03775281173487504,0.19089606632788977,400.0,results/partial_resnet18_bc_128px_v1/metrics/id/metrics__partial_resnet18_bc_128__avoid_color_multi__budget005__seed002__eval_avoid_color_multi.json,3.775281173487504,19.08960663278898
partial_resnet18,Partial ResNet-18,id,partial_resnet18_bc_128,avoid_color_multi,avoid_reach,Obstacle-aware reach,color,Color,diverse_train,20,0,avoid_color_multi,diverse_train,150,0,0,0,150,0.0,0.0,0.0,1.0,0.03302077693243821,0.25335152020057045,400.0,results/partial_resnet18_bc_128px_v1/metrics/id/metrics__partial_resnet18_bc_128__avoid_color_multi__budget020__seed000__eval_avoid_color_multi.json,3.302077693243821,25.335152020057045
partial_resnet18,Partial ResNet-18,id,partial_resnet18_bc_128,avoid_color_multi,avoid_reach,Obstacle-aware reach,color,Color,diverse_train,20,1,avoid_color_multi,diverse_train,150,0,0,0,0,0.0,0.0,0.0,0.0,0.19755358934402467,0.6266465095678965,400.0,results/partial_resnet18_bc_128px_v1/metrics/id/metrics__partial_resnet18_bc_128__avoid_color_multi__budget020__seed001__eval_avoid_color_multi.json,19.755358934402466,62.66465095678965
partial_resnet18,Partial ResNet-18,id,partial_resnet18_bc_128,avoid_color_multi,avoid_reach,Obstacle-aware reach,color,Color,diverse_train,20,2,avoid_color_multi,diverse_train,150,0,0,0,0,0.0,0.0,0.0,0.0,0.07501968185106914,0.07619543517629306,400.0,results/partial_resnet18_bc_128px_v1/metrics/id/metrics__partial_resnet18_bc_128__avoid_color_multi__budget020__seed002__eval_avoid_color_multi.json,7.5019681851069135,7.619543517629306
partial_resnet18,Partial ResNet-18,id,partial_resnet18_bc_128,avoid_color_multi,avoid_reach,Obstacle-aware reach,color,Color,diverse_train,50,0,avoid_color_multi,diverse_train,150,0,0,0,0,0.0,0.0,0.0,0.0,0.06833713993430138,0.2905419852336248,400.0,results/partial_resnet18_bc_128px_v1/metrics/id/metrics__partial_resnet18_bc_128__avoid_color_multi__budget050__seed000__eval_avoid_color_multi.json,6.833713993430138,29.05419852336248
partial_resnet18,Partial ResNet-18,id,partial_resnet18_bc_128,avoid_color_multi,avoid_reach,Obstacle-aware reach,color,Color,diverse_train,50,1,avoid_color_multi,diverse_train,150,0,150,150,150,0.0,1.0,1.0,1.0,0.007318659185742338,0.26025539020697275,400.0,results/partial_resnet18_bc_128px_v1/metrics/id/metrics__partial_resnet18_bc_128__avoid_color_multi__budget050__seed001__eval_avoid_color_multi.json,0.7318659185742338,26.025539020697273
partial_resnet18,Partial ResNet-18,id,partial_resnet18_bc_128,avoid_color_multi,avoid_reach,Obstacle-aware reach,color,Color,diverse_train,50,2,avoid_color_multi,diverse_train,150,0,0,0,150,0.0,0.0,0.0,1.0,0.040695152953267096,0.46610041975975036,400.0,results/partial_resnet18_bc_128px_v1/metrics/id/metrics__partial_resnet18_bc_128__avoid_color_multi__budget050__seed002__eval_avoid_color_multi.json,4.06951529532671,46.61004197597504
partial_resnet18,Partial ResNet-18,id,partial_resnet18_bc_128,avoid_color_multi,avoid_reach,Obstacle-aware reach,color,Color,diverse_train,100,0,avoid_color_multi,diverse_train,150,0,0,0,150,0.0,0.0,0.0,1.0,0.021336166138450303,0.26283951659997307,400.0,results/partial_resnet18_bc_128px_v1/metrics/id/metrics__partial_resnet18_bc_128__avoid_color_multi__budget100__seed000__eval_avoid_color_multi.json,2.1336166138450303,26.283951659997307
partial_resnet18,Partial ResNet-18,id,partial_resnet18_bc_128,avoid_color_multi,avoid_reach,Obstacle-aware reach,color,Color,diverse_train,200,0,avoid_color_multi,diverse_train,150,0,0,0,0,0.0,0.0,0.0,0.0,0.09173466155926387,0.2795613197485606,400.0,results/partial_resnet18_bc_128px_v1/metrics/id/metrics__partial_resnet18_bc_128__avoid_color_multi__budget200__seed000__eval_avoid_color_multi.json,9.173466155926386,27.956131974856056
partial_resnet18,Partial ResNet-18,id,partial_resnet18_bc_128,avoid_color_red_only,avoid_reach,Obstacle-aware reach,color,Color,fixed_train,5,0,avoid_color_red_only,fixed_train,150,0,0,0,0,0.0,0.0,0.0,0.0,0.06632495671510696,0.13683876395225525,400.0,results/partial_resnet18_bc_128px_v1/metrics/id/metrics__partial_resnet18_bc_128__avoid_color_red_only__budget005__seed000__eval_avoid_color_red_only.json,6.632495671510696,13.683876395225525
partial_resnet18,Partial ResNet-18,id,partial_resnet18_bc_128,avoid_color_red_only,avoid_reach,Obstacle-aware reach,color,Color,fixed_train,5,1,avoid_color_red_only,fixed_train,150,0,0,0,0,0.0,0.0,0.0,0.0,0.11974600702524185,0.6612277626991272,400.0,results/partial_resnet18_bc_128px_v1/metrics/id/metrics__partial_resnet18_bc_128__avoid_color_red_only__budget005__seed001__eval_avoid_color_red_only.json,11.974600702524185,66.12277626991272
partial_resnet18,Partial ResNet-18,id,partial_resnet18_bc_128,avoid_color_red_only,avoid_reach,Obstacle-aware reach,color,Color,fixed_train,5,2,avoid_color_red_only,fixed_train,150,0,0,0,150,0.0,0.0,0.0,1.0,0.03466292843222618,0.2646956741809845,400.0,results/partial_resnet18_bc_128px_v1/metrics/id/metrics__partial_resnet18_bc_128__avoid_color_red_only__budget005__seed002__eval_avoid_color_red_only.json,3.466292843222618,26.46956741809845
partial_resnet18,Partial ResNet-18,id,partial_resnet18_bc_128,avoid_color_red_only,avoid_reach,Obstacle-aware reach,color,Color,fixed_train,20,0,avoid_color_red_only,fixed_train,150,0,0,0,150,0.0,0.0,0.0,1.0,0.03436586633324623,0.2970513105392456,400.0,results/partial_resnet18_bc_128px_v1/metrics/id/metrics__partial_resnet18_bc_128__avoid_color_red_only__budget020__seed000__eval_avoid_color_red_only.json,3.436586633324623,29.70513105392456
partial_resnet18,Partial ResNet-18,id,partial_resnet18_bc_128,avoid_color_red_only,avoid_reach,Obstacle-aware reach,color,Color,fixed_train,20,1,avoid_color_red_only,fixed_train,150,0,0,0,0,0.0,0.0,0.0,0.0,0.13410566747188568,0.7159915566444397,400.0,results/partial_resnet18_bc_128px_v1/metrics/id/metrics__partial_resnet18_bc_128__avoid_color_red_only__budget020__seed001__eval_avoid_color_red_only.json,13.410566747188568,71.59915566444397
partial_resnet18,Partial ResNet-18,id,partial_resnet18_bc_128,avoid_color_red_only,avoid_reach,Obstacle-aware reach,color,Color,fixed_train,20,2,avoid_color_red_only,fixed_train,150,0,0,0,0,0.0,0.0,0.0,0.0,0.12214865535497665,0.22215422987937927,400.0,results/partial_resnet18_bc_128px_v1/metrics/id/metrics__partial_resnet18_bc_128__avoid_color_red_only__budget020__seed002__eval_avoid_color_red_only.json,12.214865535497665,22.215422987937927
partial_resnet18,Partial ResNet-18,id,partial_resnet18_bc_128,avoid_color_red_only,avoid_reach,Obstacle-aware reach,color,Color,fixed_train,50,0,avoid_color_red_only,fixed_train,150,0,0,0,0,0.0,0.0,0.0,0.0,0.055701229721307755,0.32045814394950867,400.0,results/partial_resnet18_bc_128px_v1/metrics/id/metrics__partial_resnet18_bc_128__avoid_color_red_only__budget050__seed000__eval_avoid_color_red_only.json,5.5701229721307755,32.04581439495087
partial_resnet18,Partial ResNet-18,id,partial_resnet18_bc_128,avoid_color_red_only,avoid_reach,Obstacle-aware reach,color,Color,fixed_train,50,1,avoid_color_red_only,fixed_train,150,0,0,0,0,0.0,0.0,0.0,0.0,0.06451734155416489,0.3073512315750122,400.0,results/partial_resnet18_bc_128px_v1/metrics/id/metrics__partial_resnet18_bc_128__avoid_color_red_only__budget050__seed001__eval_avoid_color_red_only.json,6.451734155416489,30.73512315750122
partial_resnet18,Partial ResNet-18,id,partial_resnet18_bc_128,avoid_color_red_only,avoid_reach,Obstacle-aware reach,color,Color,fixed_train,50,2,avoid_color_red_only,fixed_train,150,0,0,0,150,0.0,0.0,0.0,1.0,0.038171809166669846,0.30473947525024414,400.0,results/partial_resnet18_bc_128px_v1/metrics/id/metrics__partial_resnet18_bc_128__avoid_color_red_only__budget050__seed002__eval_avoid_color_red_only.json,3.8171809166669846,30.473947525024414
partial_resnet18,Partial ResNet-18,id,partial_resnet18_bc_128,avoid_color_red_only,avoid_reach,Obstacle-aware reach,color,Color,fixed_train,100,0,avoid_color_red_only,fixed_train,150,0,0,0,150,0.0,0.0,0.0,1.0,0.03774866834282875,0.3107907772064209,400.0,results/partial_resnet18_bc_128px_v1/metrics/id/metrics__partial_resnet18_bc_128__avoid_color_red_only__budget100__seed000__eval_avoid_color_red_only.json,3.774866834282875,31.07907772064209
partial_resnet18,Partial ResNet-18,id,partial_resnet18_bc_128,avoid_color_red_only,avoid_reach,Obstacle-aware reach,color,Color,fixed_train,200,0,avoid_color_red_only,fixed_train,150,0,0,0,0,0.0,0.0,0.0,0.0,0.09600025415420532,0.825584888458252,400.0,results/partial_resnet18_bc_128px_v1/metrics/id/metrics__partial_resnet18_bc_128__avoid_color_red_only__budget200__seed000__eval_avoid_color_red_only.json,9.600025415420532,82.5584888458252
partial_resnet18,Partial ResNet-18,id,partial_resnet18_bc_128,avoid_lighting_diverse,avoid_reach,Obstacle-aware reach,lighting_direction_intensity,Lighting,diverse_train,5,0,avoid_lighting_diverse,diverse_train,150,0,0,0,27,0.0,0.0,0.0,0.18,0.10885699150462945,0.26365912119547524,400.0,results/partial_resnet18_bc_128px_v1/metrics/id/metrics__partial_resnet18_bc_128__avoid_lighting_diverse__budget005__seed000__eval_avoid_lighting_diverse.json,10.885699150462944,26.365912119547524
partial_resnet18,Partial ResNet-18,id,partial_resnet18_bc_128,avoid_lighting_diverse,avoid_reach,Obstacle-aware reach,lighting_direction_intensity,Lighting,diverse_train,5,1,avoid_lighting_diverse,diverse_train,150,0,0,0,0,0.0,0.0,0.0,0.0,0.09721783558527629,0.4124311318993568,400.0,results/partial_resnet18_bc_128px_v1/metrics/id/metrics__partial_resnet18_bc_128__avoid_lighting_diverse__budget005__seed001__eval_avoid_lighting_diverse.json,9.721783558527628,41.243113189935684
partial_resnet18,Partial ResNet-18,id,partial_resnet18_bc_128,avoid_lighting_diverse,avoid_reach,Obstacle-aware reach,lighting_direction_intensity,Lighting,diverse_train,5,2,avoid_lighting_diverse,diverse_train,150,0,0,0,20,0.0,0.0,0.0,0.13333333333333333,0.07948175967981418,0.20738277489940327,400.0,results/partial_resnet18_bc_128px_v1/metrics/id/metrics__partial_resnet18_bc_128__avoid_lighting_diverse__budget005__seed002__eval_avoid_lighting_diverse.json,7.948175967981418,20.738277489940327
partial_resnet18,Partial ResNet-18,id,partial_resnet18_bc_128,avoid_lighting_diverse,avoid_reach,Obstacle-aware reach,lighting_direction_intensity,Lighting,diverse_train,20,0,avoid_lighting_diverse,diverse_train,150,0,0,54,150,0.0,0.0,0.36,1.0,0.025426928202311197,0.29658194969097773,400.0,results/partial_resnet18_bc_128px_v1/metrics/id/metrics__partial_resnet18_bc_128__avoid_lighting_diverse__budget020__seed000__eval_avoid_lighting_diverse.json,2.5426928202311196,29.658194969097774
partial_resnet18,Partial ResNet-18,id,partial_resnet18_bc_128,avoid_lighting_diverse,avoid_reach,Obstacle-aware reach,lighting_direction_intensity,Lighting,diverse_train,20,1,avoid_lighting_diverse,diverse_train,150,0,0,0,11,0.0,0.0,0.0,0.07333333333333333,0.07329046428203582,0.43884741485118867,400.0,results/partial_resnet18_bc_128px_v1/metrics/id/metrics__partial_resnet18_bc_128__avoid_lighting_diverse__budget020__seed001__eval_avoid_lighting_diverse.json,7.329046428203583,43.884741485118866
partial_resnet18,Partial ResNet-18,id,partial_resnet18_bc_128,avoid_lighting_diverse,avoid_reach,Obstacle-aware reach,lighting_direction_intensity,Lighting,diverse_train,20,2,avoid_lighting_diverse,diverse_train,150,0,12,67,143,0.0,0.08,0.44666666666666666,0.9533333333333334,0.02329422262807687,0.2076723209520181,400.0,results/partial_resnet18_bc_128px_v1/metrics/id/metrics__partial_resnet18_bc_128__avoid_lighting_diverse__budget020__seed002__eval_avoid_lighting_diverse.json,2.3294222628076873,20.76723209520181
partial_resnet18,Partial ResNet-18,id,partial_resnet18_bc_128,avoid_lighting_diverse,avoid_reach,Obstacle-aware reach,lighting_direction_intensity,Lighting,diverse_train,50,0,avoid_lighting_diverse,diverse_train,150,11,34,113,150,0.07333333333333333,0.22666666666666666,0.7533333333333333,1.0,0.016301092120508353,0.3586672345797221,400.0,results/partial_resnet18_bc_128px_v1/metrics/id/metrics__partial_resnet18_bc_128__avoid_lighting_diverse__budget050__seed000__eval_avoid_lighting_diverse.json,1.6301092120508354,35.86672345797221
partial_resnet18,Partial ResNet-18,id,partial_resnet18_bc_128,avoid_lighting_diverse,avoid_reach,Obstacle-aware reach,lighting_direction_intensity,Lighting,diverse_train,50,1,avoid_lighting_diverse,diverse_train,150,0,0,0,108,0.0,0.0,0.0,0.72,0.04555681305627028,0.24074476132790248,400.0,results/partial_resnet18_bc_128px_v1/metrics/id/metrics__partial_resnet18_bc_128__avoid_lighting_diverse__budget050__seed001__eval_avoid_lighting_diverse.json,4.555681305627028,24.07447613279025
partial_resnet18,Partial ResNet-18,id,partial_resnet18_bc_128,avoid_lighting_diverse,avoid_reach,Obstacle-aware reach,lighting_direction_intensity,Lighting,diverse_train,50,2,avoid_lighting_diverse,diverse_train,150,0,0,20,150,0.0,0.0,0.13333333333333333,1.0,0.026922127828001977,0.2896895130475362,400.0,results/partial_resnet18_bc_128px_v1/metrics/id/metrics__partial_resnet18_bc_128__avoid_lighting_diverse__budget050__seed002__eval_avoid_lighting_diverse.json,2.6922127828001976,28.96895130475362
partial_resnet18,Partial ResNet-18,id,partial_resnet18_bc_128,avoid_lighting_diverse,avoid_reach,Obstacle-aware reach,lighting_direction_intensity,Lighting,diverse_train,100,0,avoid_lighting_diverse,diverse_train,150,0,18,107,136,0.0,0.12,0.7133333333333334,0.9066666666666666,0.02630898365750909,0.28383686939875286,400.0,results/partial_resnet18_bc_128px_v1/metrics/id/metrics__partial_resnet18_bc_128__avoid_lighting_diverse__budget100__seed000__eval_avoid_lighting_diverse.json,2.630898365750909,28.383686939875286
partial_resnet18,Partial ResNet-18,id,partial_resnet18_bc_128,avoid_lighting_diverse,avoid_reach,Obstacle-aware reach,lighting_direction_intensity,Lighting,diverse_train,200,0,avoid_lighting_diverse,diverse_train,150,0,0,0,0,0.0,0.0,0.0,0.0,0.08538700831433137,0.48808075100183484,400.0,results/partial_resnet18_bc_128px_v1/metrics/id/metrics__partial_resnet18_bc_128__avoid_lighting_diverse__budget200__seed000__eval_avoid_lighting_diverse.json,8.538700831433136,48.80807510018349
partial_resnet18,Partial ResNet-18,id,partial_resnet18_bc_128,avoid_lighting_fixed,avoid_reach,Obstacle-aware reach,lighting_direction_intensity,Lighting,fixed_train,5,0,avoid_lighting_fixed,fixed_train,150,0,0,0,0,0.0,0.0,0.0,0.0,0.08745543658733368,0.09424839168787003,400.0,results/partial_resnet18_bc_128px_v1/metrics/id/metrics__partial_resnet18_bc_128__avoid_lighting_fixed__budget005__seed000__eval_avoid_lighting_fixed.json,8.745543658733368,9.424839168787003
partial_resnet18,Partial ResNet-18,id,partial_resnet18_bc_128,avoid_lighting_fixed,avoid_reach,Obstacle-aware reach,lighting_direction_intensity,Lighting,fixed_train,5,1,avoid_lighting_fixed,fixed_train,150,0,0,0,0,0.0,0.0,0.0,0.0,0.07061963528394699,0.7045502662658691,400.0,results/partial_resnet18_bc_128px_v1/metrics/id/metrics__partial_resnet18_bc_128__avoid_lighting_fixed__budget005__seed001__eval_avoid_lighting_fixed.json,7.061963528394699,70.45502662658691
partial_resnet18,Partial ResNet-18,id,partial_resnet18_bc_128,avoid_lighting_fixed,avoid_reach,Obstacle-aware reach,lighting_direction_intensity,Lighting,fixed_train,5,2,avoid_lighting_fixed,fixed_train,150,0,0,0,0,0.0,0.0,0.0,0.0,0.09825222939252853,0.2712137699127197,400.0,results/partial_resnet18_bc_128px_v1/metrics/id/metrics__partial_resnet18_bc_128__avoid_lighting_fixed__budget005__seed002__eval_avoid_lighting_fixed.json,9.825222939252853,27.121376991271973
partial_resnet18,Partial ResNet-18,id,partial_resnet18_bc_128,avoid_lighting_fixed,avoid_reach,Obstacle-aware reach,lighting_direction_intensity,Lighting,fixed_train,20,0,avoid_lighting_fixed,fixed_train,150,0,0,0,0,0.0,0.0,0.0,0.0,0.12847258150577545,0.1296367049217224,400.0,results/partial_resnet18_bc_128px_v1/metrics/id/metrics__partial_resnet18_bc_128__avoid_lighting_fixed__budget020__seed000__eval_avoid_lighting_fixed.json,12.847258150577545,12.963670492172241
partial_resnet18,Partial ResNet-18,id,partial_resnet18_bc_128,avoid_lighting_fixed,avoid_reach,Obstacle-aware reach,lighting_direction_intensity,Lighting,fixed_train,20,1,avoid_lighting_fixed,fixed_train,150,0,0,0,150,0.0,0.0,0.0,1.0,0.04889936372637749,0.2321023941040039,400.0,results/partial_resnet18_bc_128px_v1/metrics/id/metrics__partial_resnet18_bc_128__avoid_lighting_fixed__budget020__seed001__eval_avoid_lighting_fixed.json,4.889936372637749,23.21023941040039
partial_resnet18,Partial ResNet-18,id,partial_resnet18_bc_128,avoid_lighting_fixed,avoid_reach,Obstacle-aware reach,lighting_direction_intensity,Lighting,fixed_train,20,2,avoid_lighting_fixed,fixed_train,150,0,0,0,150,0.0,0.0,0.0,1.0,0.04951823875308037,0.2180929034948349,400.0,results/partial_resnet18_bc_128px_v1/metrics/id/metrics__partial_resnet18_bc_128__avoid_lighting_fixed__budget020__seed002__eval_avoid_lighting_fixed.json,4.951823875308037,21.80929034948349
partial_resnet18,Partial ResNet-18,id,partial_resnet18_bc_128,avoid_lighting_fixed,avoid_reach,Obstacle-aware reach,lighting_direction_intensity,Lighting,fixed_train,50,0,avoid_lighting_fixed,fixed_train,150,0,0,0,0,0.0,0.0,0.0,0.0,0.06009989604353905,0.3341498076915741,400.0,results/partial_resnet18_bc_128px_v1/metrics/id/metrics__partial_resnet18_bc_128__avoid_lighting_fixed__budget050__seed000__eval_avoid_lighting_fixed.json,6.009989604353905,33.41498076915741
partial_resnet18,Partial ResNet-18,id,partial_resnet18_bc_128,avoid_lighting_fixed,avoid_reach,Obstacle-aware reach,lighting_direction_intensity,Lighting,fixed_train,50,1,avoid_lighting_fixed,fixed_train,150,0,0,150,150,0.0,0.0,1.0,1.0,0.01159420795738697,0.22623351216316223,400.0,results/partial_resnet18_bc_128px_v1/metrics/id/metrics__partial_resnet18_bc_128__avoid_lighting_fixed__budget050__seed001__eval_avoid_lighting_fixed.json,1.159420795738697,22.623351216316223
partial_resnet18,Partial ResNet-18,id,partial_resnet18_bc_128,avoid_lighting_fixed,avoid_reach,Obstacle-aware reach,lighting_direction_intensity,Lighting,fixed_train,50,2,avoid_lighting_fixed,fixed_train,150,0,0,0,150,0.0,0.0,0.0,1.0,0.023336779326200485,0.2795833647251129,400.0,results/partial_resnet18_bc_128px_v1/metrics/id/metrics__partial_resnet18_bc_128__avoid_lighting_fixed__budget050__seed002__eval_avoid_lighting_fixed.json,2.3336779326200485,27.95833647251129
partial_resnet18,Partial ResNet-18,id,partial_resnet18_bc_128,avoid_lighting_fixed,avoid_reach,Obstacle-aware reach,lighting_direction_intensity,Lighting,fixed_train,100,0,avoid_lighting_fixed,fixed_train,150,0,0,150,150,0.0,0.0,1.0,1.0,0.011713244952261448,0.21297712624073029,400.0,results/partial_resnet18_bc_128px_v1/metrics/id/metrics__partial_resnet18_bc_128__avoid_lighting_fixed__budget100__seed000__eval_avoid_lighting_fixed.json,1.1713244952261448,21.29771262407303
partial_resnet18,Partial ResNet-18,id,partial_resnet18_bc_128,avoid_lighting_fixed,avoid_reach,Obstacle-aware reach,lighting_direction_intensity,Lighting,fixed_train,200,0,avoid_lighting_fixed,fixed_train,150,0,0,0,150,0.0,0.0,0.0,1.0,0.04693513363599777,0.2606208920478821,400.0,results/partial_resnet18_bc_128px_v1/metrics/id/metrics__partial_resnet18_bc_128__avoid_lighting_fixed__budget200__seed000__eval_avoid_lighting_fixed.json,4.693513363599777,26.062089204788208
partial_resnet18,Partial ResNet-18,id,partial_resnet18_bc_128,avoid_spatial_narrow,avoid_reach,Obstacle-aware reach,spatial_distribution,Spatial distribution,narrow_train,5,0,avoid_spatial_narrow,narrow_train,150,0,2,7,23,0.0,0.013333333333333334,0.04666666666666667,0.15333333333333332,0.09706825172839065,0.17575519025325775,400.0,results/partial_resnet18_bc_128px_v1/metrics/id/metrics__partial_resnet18_bc_128__avoid_spatial_narrow__budget005__seed000__eval_avoid_spatial_narrow.json,9.706825172839064,17.575519025325775
partial_resnet18,Partial ResNet-18,id,partial_resnet18_bc_128,avoid_spatial_narrow,avoid_reach,Obstacle-aware reach,spatial_distribution,Spatial distribution,narrow_train,5,1,avoid_spatial_narrow,narrow_train,150,1,1,2,4,0.006666666666666667,0.006666666666666667,0.013333333333333334,0.02666666666666667,0.21314941328018905,0.8723831663529078,400.0,results/partial_resnet18_bc_128px_v1/metrics/id/metrics__partial_resnet18_bc_128__avoid_spatial_narrow__budget005__seed001__eval_avoid_spatial_narrow.json,21.314941328018904,87.23831663529079
partial_resnet18,Partial ResNet-18,id,partial_resnet18_bc_128,avoid_spatial_narrow,avoid_reach,Obstacle-aware reach,spatial_distribution,Spatial distribution,narrow_train,5,2,avoid_spatial_narrow,narrow_train,150,0,0,3,12,0.0,0.0,0.02,0.08,0.10200830044224858,0.2254303271571795,400.0,results/partial_resnet18_bc_128px_v1/metrics/id/metrics__partial_resnet18_bc_128__avoid_spatial_narrow__budget005__seed002__eval_avoid_spatial_narrow.json,10.200830044224858,22.54303271571795
partial_resnet18,Partial ResNet-18,id,partial_resnet18_bc_128,avoid_spatial_narrow,avoid_reach,Obstacle-aware reach,spatial_distribution,Spatial distribution,narrow_train,20,0,avoid_spatial_narrow,narrow_train,150,0,3,6,44,0.0,0.02,0.04,0.29333333333333333,0.07213006403297186,0.11563114166259765,400.0,results/partial_resnet18_bc_128px_v1/metrics/id/metrics__partial_resnet18_bc_128__avoid_spatial_narrow__budget020__seed000__eval_avoid_spatial_narrow.json,7.213006403297186,11.563114166259766
partial_resnet18,Partial ResNet-18,id,partial_resnet18_bc_128,avoid_spatial_narrow,avoid_reach,Obstacle-aware reach,spatial_distribution,Spatial distribution,narrow_train,20,1,avoid_spatial_narrow,narrow_train,150,0,0,8,75,0.0,0.0,0.05333333333333334,0.5,0.05122364687422911,0.2645125118891398,400.0,results/partial_resnet18_bc_128px_v1/metrics/id/metrics__partial_resnet18_bc_128__avoid_spatial_narrow__budget020__seed001__eval_avoid_spatial_narrow.json,5.122364687422911,26.451251188913982
partial_resnet18,Partial ResNet-18,id,partial_resnet18_bc_128,avoid_spatial_narrow,avoid_reach,Obstacle-aware reach,spatial_distribution,Spatial distribution,narrow_train,20,2,avoid_spatial_narrow,narrow_train,150,1,2,2,2,0.006666666666666667,0.013333333333333334,0.013333333333333334,0.013333333333333334,0.0989605241183502,0.21565644373496373,400.0,results/partial_resnet18_bc_128px_v1/metrics/id/metrics__partial_resnet18_bc_128__avoid_spatial_narrow__budget020__seed002__eval_avoid_spatial_narrow.json,9.89605241183502,21.565644373496372
partial_resnet18,Partial ResNet-18,id,partial_resnet18_bc_128,avoid_spatial_narrow,avoid_reach,Obstacle-aware reach,spatial_distribution,Spatial distribution,narrow_train,50,0,avoid_spatial_narrow,narrow_train,150,3,12,30,73,0.02,0.08,0.2,0.4866666666666667,0.05345993706335624,0.2240709745635589,400.0,results/partial_resnet18_bc_128px_v1/metrics/id/metrics__partial_resnet18_bc_128__avoid_spatial_narrow__budget050__seed000__eval_avoid_spatial_narrow.json,5.345993706335625,22.40709745635589
partial_resnet18,Partial ResNet-18,id,partial_resnet18_bc_128,avoid_spatial_narrow,avoid_reach,Obstacle-aware reach,spatial_distribution,Spatial distribution,narrow_train,50,1,avoid_spatial_narrow,narrow_train,150,5,17,46,133,0.03333333333333333,0.11333333333333333,0.30666666666666664,0.8866666666666667,0.03017253543095042,0.2461567978064219,400.0,results/partial_resnet18_bc_128px_v1/metrics/id/metrics__partial_resnet18_bc_128__avoid_spatial_narrow__budget050__seed001__eval_avoid_spatial_narrow.json,3.017253543095042,24.615679780642193
partial_resnet18,Partial ResNet-18,id,partial_resnet18_bc_128,avoid_spatial_narrow,avoid_reach,Obstacle-aware reach,spatial_distribution,Spatial distribution,narrow_train,50,2,avoid_spatial_narrow,narrow_train,150,0,5,10,36,0.0,0.03333333333333333,0.06666666666666667,0.24,0.1067454128836592,0.3949570057789485,400.0,results/partial_resnet18_bc_128px_v1/metrics/id/metrics__partial_resnet18_bc_128__avoid_spatial_narrow__budget050__seed002__eval_avoid_spatial_narrow.json,10.67454128836592,39.49570057789485
partial_resnet18,Partial ResNet-18,id,partial_resnet18_bc_128,avoid_spatial_narrow,avoid_reach,Obstacle-aware reach,spatial_distribution,Spatial distribution,narrow_train,100,0,avoid_spatial_narrow,narrow_train,150,0,0,10,93,0.0,0.0,0.06666666666666667,0.62,0.04495528101921081,0.2305869976679484,400.0,results/partial_resnet18_bc_128px_v1/metrics/id/metrics__partial_resnet18_bc_128__avoid_spatial_narrow__budget100__seed000__eval_avoid_spatial_narrow.json,4.4955281019210815,23.05869976679484
partial_resnet18,Partial ResNet-18,id,partial_resnet18_bc_128,avoid_spatial_narrow,avoid_reach,Obstacle-aware reach,spatial_distribution,Spatial distribution,narrow_train,200,0,avoid_spatial_narrow,narrow_train,150,8,22,57,106,0.05333333333333334,0.14666666666666667,0.38,0.7066666666666667,0.03685092579262952,0.2665241322914759,400.0,results/partial_resnet18_bc_128px_v1/metrics/id/metrics__partial_resnet18_bc_128__avoid_spatial_narrow__budget200__seed000__eval_avoid_spatial_narrow.json,3.685092579262952,26.65241322914759
partial_resnet18,Partial ResNet-18,id,partial_resnet18_bc_128,avoid_spatial_wide,avoid_reach,Obstacle-aware reach,spatial_distribution,Spatial distribution,wide_train,5,0,avoid_spatial_wide,wide_train,150,0,0,6,33,0.0,0.0,0.04,0.22,0.09997205261141062,0.17125851665933928,400.0,results/partial_resnet18_bc_128px_v1/metrics/id/metrics__partial_resnet18_bc_128__avoid_spatial_wide__budget005__seed000__eval_avoid_spatial_wide.json,9.997205261141062,17.12585166593393
partial_resnet18,Partial ResNet-18,id,partial_resnet18_bc_128,avoid_spatial_wide,avoid_reach,Obstacle-aware reach,spatial_distribution,Spatial distribution,wide_train,5,1,avoid_spatial_wide,wide_train,150,0,0,3,21,0.0,0.0,0.02,0.14,0.11439352092643579,0.24913136666019758,400.0,results/partial_resnet18_bc_128px_v1/metrics/id/metrics__partial_resnet18_bc_128__avoid_spatial_wide__budget005__seed001__eval_avoid_spatial_wide.json,11.43935209264358,24.91313666601976
partial_resnet18,Partial ResNet-18,id,partial_resnet18_bc_128,avoid_spatial_wide,avoid_reach,Obstacle-aware reach,spatial_distribution,Spatial distribution,wide_train,5,2,avoid_spatial_wide,wide_train,150,0,1,7,36,0.0,0.006666666666666667,0.04666666666666667,0.24,0.10207818545401097,0.2469893529266119,400.0,results/partial_resnet18_bc_128px_v1/metrics/id/metrics__partial_resnet18_bc_128__avoid_spatial_wide__budget005__seed002__eval_avoid_spatial_wide.json,10.207818545401096,24.69893529266119
partial_resnet18,Partial ResNet-18,id,partial_resnet18_bc_128,avoid_spatial_wide,avoid_reach,Obstacle-aware reach,spatial_distribution,Spatial distribution,wide_train,20,0,avoid_spatial_wide,wide_train,150,0,1,6,37,0.0,0.006666666666666667,0.04,0.24666666666666667,0.11031389127795894,0.1494133451084296,400.0,results/partial_resnet18_bc_128px_v1/metrics/id/metrics__partial_resnet18_bc_128__avoid_spatial_wide__budget020__seed000__eval_avoid_spatial_wide.json,11.031389127795894,14.94133451084296
partial_resnet18,Partial ResNet-18,id,partial_resnet18_bc_128,avoid_spatial_wide,avoid_reach,Obstacle-aware reach,spatial_distribution,Spatial distribution,wide_train,20,1,avoid_spatial_wide,wide_train,150,0,4,16,77,0.0,0.02666666666666667,0.10666666666666667,0.5133333333333333,0.056140653217832244,0.16106636566420396,400.0,results/partial_resnet18_bc_128px_v1/metrics/id/metrics__partial_resnet18_bc_128__avoid_spatial_wide__budget020__seed001__eval_avoid_spatial_wide.json,5.614065321783224,16.106636566420395
partial_resnet18,Partial ResNet-18,id,partial_resnet18_bc_128,avoid_spatial_wide,avoid_reach,Obstacle-aware reach,spatial_distribution,Spatial distribution,wide_train,20,2,avoid_spatial_wide,wide_train,150,0,1,5,12,0.0,0.006666666666666667,0.03333333333333333,0.08,0.1454428781569004,0.21108030465741953,400.0,results/partial_resnet18_bc_128px_v1/metrics/id/metrics__partial_resnet18_bc_128__avoid_spatial_wide__budget020__seed002__eval_avoid_spatial_wide.json,14.54428781569004,21.108030465741955
partial_resnet18,Partial ResNet-18,id,partial_resnet18_bc_128,avoid_spatial_wide,avoid_reach,Obstacle-aware reach,spatial_distribution,Spatial distribution,wide_train,50,0,avoid_spatial_wide,wide_train,150,2,14,43,117,0.013333333333333334,0.09333333333333334,0.2866666666666667,0.78,0.04113473918754607,0.18050536117206017,400.0,results/partial_resnet18_bc_128px_v1/metrics/id/metrics__partial_resnet18_bc_128__avoid_spatial_wide__budget050__seed000__eval_avoid_spatial_wide.json,4.113473918754607,18.05053611720602
partial_resnet18,Partial ResNet-18,id,partial_resnet18_bc_128,avoid_spatial_wide,avoid_reach,Obstacle-aware reach,spatial_distribution,Spatial distribution,wide_train,50,1,avoid_spatial_wide,wide_train,150,5,19,51,98,0.03333333333333333,0.12666666666666668,0.34,0.6533333333333333,0.044928848752751945,0.33612182170152666,400.0,results/partial_resnet18_bc_128px_v1/metrics/id/metrics__partial_resnet18_bc_128__avoid_spatial_wide__budget050__seed001__eval_avoid_spatial_wide.json,4.492884875275195,33.612182170152664
partial_resnet18,Partial ResNet-18,id,partial_resnet18_bc_128,avoid_spatial_wide,avoid_reach,Obstacle-aware reach,spatial_distribution,Spatial distribution,wide_train,50,2,avoid_spatial_wide,wide_train,150,1,1,4,14,0.006666666666666667,0.006666666666666667,0.02666666666666667,0.09333333333333334,0.08437694704004874,0.5829421517252922,400.0,results/partial_resnet18_bc_128px_v1/metrics/id/metrics__partial_resnet18_bc_128__avoid_spatial_wide__budget050__seed002__eval_avoid_spatial_wide.json,8.437694704004874,58.29421517252922
partial_resnet18,Partial ResNet-18,id,partial_resnet18_bc_128,avoid_spatial_wide,avoid_reach,Obstacle-aware reach,spatial_distribution,Spatial distribution,wide_train,100,0,avoid_spatial_wide,wide_train,150,1,3,13,58,0.006666666666666667,0.02,0.08666666666666667,0.38666666666666666,0.07354824376913409,0.31788697456320125,400.0,results/partial_resnet18_bc_128px_v1/metrics/id/metrics__partial_resnet18_bc_128__avoid_spatial_wide__budget100__seed000__eval_avoid_spatial_wide.json,7.354824376913409,31.788697456320126
partial_resnet18,Partial ResNet-18,id,partial_resnet18_bc_128,avoid_spatial_wide,avoid_reach,Obstacle-aware reach,spatial_distribution,Spatial distribution,wide_train,200,0,avoid_spatial_wide,wide_train,150,0,0,0,0,0.0,0.0,0.0,0.0,0.3694859190781911,0.9700442318121593,400.0,results/partial_resnet18_bc_128px_v1/metrics/id/metrics__partial_resnet18_bc_128__avoid_spatial_wide__budget200__seed000__eval_avoid_spatial_wide.json,36.948591907819115,97.00442318121593
partial_resnet18,Partial ResNet-18,id,partial_resnet18_bc_128,camera_fixed,reach,Reach,camera_location_viewpoint,Camera viewpoint,fixed_train,5,0,camera_fixed,fixed_train,150,0,0,0,150,0.0,0.0,0.0,1.0,0.034834086894989014,0.1873781532049179,400.0,results/partial_resnet18_bc_128px_v1/metrics/id/metrics__partial_resnet18_bc_128__camera_fixed__budget005__seed000__eval_camera_fixed.json,3.4834086894989014,18.73781532049179
partial_resnet18,Partial ResNet-18,id,partial_resnet18_bc_128,camera_fixed,reach,Reach,camera_location_viewpoint,Camera viewpoint,fixed_train,5,1,camera_fixed,fixed_train,150,0,0,0,0,0.0,0.0,0.0,0.0,0.055176880210638046,0.2272336632013321,400.0,results/partial_resnet18_bc_128px_v1/metrics/id/metrics__partial_resnet18_bc_128__camera_fixed__budget005__seed001__eval_camera_fixed.json,5.517688021063805,22.72336632013321
partial_resnet18,Partial ResNet-18,id,partial_resnet18_bc_128,camera_fixed,reach,Reach,camera_location_viewpoint,Camera viewpoint,fixed_train,5,2,camera_fixed,fixed_train,150,0,0,0,0,0.0,0.0,0.0,0.0,0.0746622085571289,0.2894672155380249,400.0,results/partial_resnet18_bc_128px_v1/metrics/id/metrics__partial_resnet18_bc_128__camera_fixed__budget005__seed002__eval_camera_fixed.json,7.466220855712891,28.94672155380249
partial_resnet18,Partial ResNet-18,id,partial_resnet18_bc_128,camera_fixed,reach,Reach,camera_location_viewpoint,Camera viewpoint,fixed_train,20,0,camera_fixed,fixed_train,150,0,0,0,0,0.0,0.0,0.0,0.0,0.07167673110961914,0.2053161859512329,400.0,results/partial_resnet18_bc_128px_v1/metrics/id/metrics__partial_resnet18_bc_128__camera_fixed__budget020__seed000__eval_camera_fixed.json,7.167673110961914,20.53161859512329
partial_resnet18,Partial ResNet-18,id,partial_resnet18_bc_128,camera_fixed,reach,Reach,camera_location_viewpoint,Camera viewpoint,fixed_train,20,1,camera_fixed,fixed_train,150,0,0,0,150,0.0,0.0,0.0,1.0,0.03665244206786156,0.10542984306812286,400.0,results/partial_resnet18_bc_128px_v1/metrics/id/metrics__partial_resnet18_bc_128__camera_fixed__budget020__seed001__eval_camera_fixed.json,3.6652442067861557,10.542984306812286
partial_resnet18,Partial ResNet-18,id,partial_resnet18_bc_128,camera_fixed,reach,Reach,camera_location_viewpoint,Camera viewpoint,fixed_train,20,2,camera_fixed,fixed_train,150,0,0,0,0,0.0,0.0,0.0,0.0,0.07478941977024078,0.2569945752620697,400.0,results/partial_resnet18_bc_128px_v1/metrics/id/metrics__partial_resnet18_bc_128__camera_fixed__budget020__seed002__eval_camera_fixed.json,7.478941977024078,25.69945752620697
partial_resnet18,Partial ResNet-18,id,partial_resnet18_bc_128,camera_fixed,reach,Reach,camera_location_viewpoint,Camera viewpoint,fixed_train,50,0,camera_fixed,fixed_train,150,0,0,0,0,0.0,0.0,0.0,0.0,0.07480687648057938,0.2145576775074005,400.0,results/partial_resnet18_bc_128px_v1/metrics/id/metrics__partial_resnet18_bc_128__camera_fixed__budget050__seed000__eval_camera_fixed.json,7.480687648057938,21.45576775074005
partial_resnet18,Partial ResNet-18,id,partial_resnet18_bc_128,camera_fixed,reach,Reach,camera_location_viewpoint,Camera viewpoint,fixed_train,50,1,camera_fixed,fixed_train,150,0,0,0,0,0.0,0.0,0.0,0.0,0.08154427260160446,0.35922273993492126,400.0,results/partial_resnet18_bc_128px_v1/metrics/id/metrics__partial_resnet18_bc_128__camera_fixed__budget050__seed001__eval_camera_fixed.json,8.154427260160446,35.92227399349213
partial_resnet18,Partial ResNet-18,id,partial_resnet18_bc_128,camera_fixed,reach,Reach,camera_location_viewpoint,Camera viewpoint,fixed_train,50,2,camera_fixed,fixed_train,150,0,0,0,150,0.0,0.0,0.0,1.0,0.03543470799922943,0.23853899538516998,400.0,results/partial_resnet18_bc_128px_v1/metrics/id/metrics__partial_resnet18_bc_128__camera_fixed__budget050__seed002__eval_camera_fixed.json,3.543470799922943,23.853899538517
partial_resnet18,Partial ResNet-18,id,partial_resnet18_bc_128,camera_fixed,reach,Reach,camera_location_viewpoint,Camera viewpoint,fixed_train,100,0,camera_fixed,fixed_train,150,0,0,150,150,0.0,0.0,1.0,1.0,0.010201143100857735,0.010208657011389732,400.0,results/partial_resnet18_bc_128px_v1/metrics/id/metrics__partial_resnet18_bc_128__camera_fixed__budget100__seed000__eval_camera_fixed.json,1.0201143100857735,1.0208657011389732
partial_resnet18,Partial ResNet-18,id,partial_resnet18_bc_128,camera_fixed,reach,Reach,camera_location_viewpoint,Camera viewpoint,fixed_train,200,0,camera_fixed,fixed_train,150,150,150,150,150,1.0,1.0,1.0,1.0,0.0027434187941253185,0.11497925221920013,400.0,results/partial_resnet18_bc_128px_v1/metrics/id/metrics__partial_resnet18_bc_128__camera_fixed__budget200__seed000__eval_camera_fixed.json,0.27434187941253185,11.497925221920013
partial_resnet18,Partial ResNet-18,id,partial_resnet18_bc_128,camera_multi_pose,reach,Reach,camera_location_viewpoint,Camera viewpoint,diverse_train,5,0,camera_multi_pose,diverse_train,150,0,3,17,91,0.0,0.02,0.11333333333333333,0.6066666666666667,0.04418764067813754,0.2238582809145252,400.0,results/partial_resnet18_bc_128px_v1/metrics/id/metrics__partial_resnet18_bc_128__camera_multi_pose__budget005__seed000__eval_camera_multi_pose.json,4.418764067813754,22.38582809145252
partial_resnet18,Partial ResNet-18,id,partial_resnet18_bc_128,camera_multi_pose,reach,Reach,camera_location_viewpoint,Camera viewpoint,diverse_train,5,1,camera_multi_pose,diverse_train,150,1,2,10,78,0.006666666666666667,0.013333333333333334,0.06666666666666667,0.52,0.05290408634580672,0.1957127317227423,400.0,results/partial_resnet18_bc_128px_v1/metrics/id/metrics__partial_resnet18_bc_128__camera_multi_pose__budget005__seed001__eval_camera_multi_pose.json,5.290408634580672,19.571273172274232
partial_resnet18,Partial ResNet-18,id,partial_resnet18_bc_128,camera_multi_pose,reach,Reach,camera_location_viewpoint,Camera viewpoint,diverse_train,5,2,camera_multi_pose,diverse_train,150,2,6,9,83,0.013333333333333334,0.04,0.06,0.5533333333333333,0.048272389244132984,0.18934277179961403,400.0,results/partial_resnet18_bc_128px_v1/metrics/id/metrics__partial_resnet18_bc_128__camera_multi_pose__budget005__seed002__eval_camera_multi_pose.json,4.827238924413298,18.934277179961402
partial_resnet18,Partial ResNet-18,id,partial_resnet18_bc_128,camera_multi_pose,reach,Reach,camera_location_viewpoint,Camera viewpoint,diverse_train,20,0,camera_multi_pose,diverse_train,150,3,6,21,74,0.02,0.04,0.14,0.49333333333333335,0.048910967704529566,0.24207076645145814,400.0,results/partial_resnet18_bc_128px_v1/metrics/id/metrics__partial_resnet18_bc_128__camera_multi_pose__budget020__seed000__eval_camera_multi_pose.json,4.891096770452957,24.207076645145815
partial_resnet18,Partial ResNet-18,id,partial_resnet18_bc_128,camera_multi_pose,reach,Reach,camera_location_viewpoint,Camera viewpoint,diverse_train,20,1,camera_multi_pose,diverse_train,150,19,33,61,96,0.12666666666666668,0.22,0.4066666666666667,0.64,0.03909773897263222,0.15528419142084507,399.76666666666665,results/partial_resnet18_bc_128px_v1/metrics/id/metrics__partial_resnet18_bc_128__camera_multi_pose__budget020__seed001__eval_camera_multi_pose.json,3.909773897263222,15.528419142084507
partial_resnet18,Partial ResNet-18,id,partial_resnet18_bc_128,camera_multi_pose,reach,Reach,camera_location_viewpoint,Camera viewpoint,diverse_train,20,2,camera_multi_pose,diverse_train,150,1,2,3,54,0.006666666666666667,0.013333333333333334,0.02,0.36,0.06109051107506578,0.2396886365216536,397.98,results/partial_resnet18_bc_128px_v1/metrics/id/metrics__partial_resnet18_bc_128__camera_multi_pose__budget020__seed002__eval_camera_multi_pose.json,6.109051107506578,23.96886365216536
partial_resnet18,Partial ResNet-18,id,partial_resnet18_bc_128,camera_multi_pose,reach,Reach,camera_location_viewpoint,Camera viewpoint,diverse_train,50,0,camera_multi_pose,diverse_train,150,5,26,75,150,0.03333333333333333,0.17333333333333334,0.5,1.0,0.020784559704673786,0.11785758088342846,400.0,results/partial_resnet18_bc_128px_v1/metrics/id/metrics__partial_resnet18_bc_128__camera_multi_pose__budget050__seed000__eval_camera_multi_pose.json,2.0784559704673784,11.785758088342845
partial_resnet18,Partial ResNet-18,id,partial_resnet18_bc_128,camera_multi_pose,reach,Reach,camera_location_viewpoint,Camera viewpoint,diverse_train,50,1,camera_multi_pose,diverse_train,150,3,5,32,142,0.02,0.03333333333333333,0.21333333333333335,0.9466666666666667,0.02930410345705847,0.17444536049539844,400.0,results/partial_resnet18_bc_128px_v1/metrics/id/metrics__partial_resnet18_bc_128__camera_multi_pose__budget050__seed001__eval_camera_multi_pose.json,2.930410345705847,17.444536049539845
partial_resnet18,Partial ResNet-18,id,partial_resnet18_bc_128,camera_multi_pose,reach,Reach,camera_location_viewpoint,Camera viewpoint,diverse_train,50,2,camera_multi_pose,diverse_train,150,0,0,3,150,0.0,0.0,0.02,1.0,0.03414868290225665,0.26690776079893114,400.0,results/partial_resnet18_bc_128px_v1/metrics/id/metrics__partial_resnet18_bc_128__camera_multi_pose__budget050__seed002__eval_camera_multi_pose.json,3.414868290225665,26.690776079893112
partial_resnet18,Partial ResNet-18,id,partial_resnet18_bc_128,camera_multi_pose,reach,Reach,camera_location_viewpoint,Camera viewpoint,diverse_train,100,0,camera_multi_pose,diverse_train,150,20,56,104,121,0.13333333333333333,0.37333333333333335,0.6933333333333334,0.8066666666666666,0.02395992731054624,0.2552614350818718,397.06666666666666,results/partial_resnet18_bc_128px_v1/metrics/id/metrics__partial_resnet18_bc_128__camera_multi_pose__budget100__seed000__eval_camera_multi_pose.json,2.395992731054624,25.526143508187182
partial_resnet18,Partial ResNet-18,id,partial_resnet18_bc_128,camera_multi_pose,reach,Reach,camera_location_viewpoint,Camera viewpoint,diverse_train,200,0,camera_multi_pose,diverse_train,150,0,0,150,150,0.0,0.0,1.0,1.0,0.015624092314392329,0.26537146990497906,400.0,results/partial_resnet18_bc_128px_v1/metrics/id/metrics__partial_resnet18_bc_128__camera_multi_pose__budget200__seed000__eval_camera_multi_pose.json,1.5624092314392328,26.537146990497906
partial_resnet18,Partial ResNet-18,id,partial_resnet18_bc_128,color_multi,reach,Reach,color,Color,diverse_train,5,0,color_multi,diverse_train,150,40,40,119,150,0.26666666666666666,0.26666666666666666,0.7933333333333333,1.0,0.015728940752645335,0.10659456099073092,400.0,results/partial_resnet18_bc_128px_v1/metrics/id/metrics__partial_resnet18_bc_128__color_multi__budget005__seed000__eval_color_multi.json,1.5728940752645335,10.659456099073092
partial_resnet18,Partial ResNet-18,id,partial_resnet18_bc_128,color_multi,reach,Reach,color,Color,diverse_train,5,1,color_multi,diverse_train,150,0,0,0,83,0.0,0.0,0.0,0.5533333333333333,0.04282532495756944,0.21477296551068623,400.0,results/partial_resnet18_bc_128px_v1/metrics/id/metrics__partial_resnet18_bc_128__color_multi__budget005__seed001__eval_color_multi.json,4.282532495756944,21.477296551068623
partial_resnet18,Partial ResNet-18,id,partial_resnet18_bc_128,color_multi,reach,Reach,color,Color,diverse_train,5,2,color_multi,diverse_train,150,0,0,0,0,0.0,0.0,0.0,0.0,0.0866779292623202,0.30285528441270193,400.0,results/partial_resnet18_bc_128px_v1/metrics/id/metrics__partial_resnet18_bc_128__color_multi__budget005__seed002__eval_color_multi.json,8.66779292623202,30.285528441270195
partial_resnet18,Partial ResNet-18,id,partial_resnet18_bc_128,color_multi,reach,Reach,color,Color,diverse_train,20,0,color_multi,diverse_train,150,0,0,0,0,0.0,0.0,0.0,0.0,0.05417394384741783,0.2444721515973409,400.0,results/partial_resnet18_bc_128px_v1/metrics/id/metrics__partial_resnet18_bc_128__color_multi__budget020__seed000__eval_color_multi.json,5.417394384741783,24.44721515973409
partial_resnet18,Partial ResNet-18,id,partial_resnet18_bc_128,color_multi,reach,Reach,color,Color,diverse_train,20,1,color_multi,diverse_train,150,0,0,0,36,0.0,0.0,0.0,0.24,0.05914171206454436,0.2642173957824707,400.0,results/partial_resnet18_bc_128px_v1/metrics/id/metrics__partial_resnet18_bc_128__color_multi__budget020__seed001__eval_color_multi.json,5.914171206454436,26.42173957824707
partial_resnet18,Partial ResNet-18,id,partial_resnet18_bc_128,color_multi,reach,Reach,color,Color,diverse_train,20,2,color_multi,diverse_train,150,0,0,0,150,0.0,0.0,0.0,1.0,0.04322034421066443,0.24197231968243918,400.0,results/partial_resnet18_bc_128px_v1/metrics/id/metrics__partial_resnet18_bc_128__color_multi__budget020__seed002__eval_color_multi.json,4.322034421066443,24.19723196824392
partial_resnet18,Partial ResNet-18,id,partial_resnet18_bc_128,color_multi,reach,Reach,color,Color,diverse_train,50,0,color_multi,diverse_train,150,0,0,0,0,0.0,0.0,0.0,0.0,0.06046807418266932,0.25844584226608275,400.0,results/partial_resnet18_bc_128px_v1/metrics/id/metrics__partial_resnet18_bc_128__color_multi__budget050__seed000__eval_color_multi.json,6.0468074182669325,25.844584226608276
partial_resnet18,Partial ResNet-18,id,partial_resnet18_bc_128,color_multi,reach,Reach,color,Color,diverse_train,50,1,color_multi,diverse_train,150,0,40,114,150,0.0,0.26666666666666666,0.76,1.0,0.012757556705425183,0.056860984563827516,400.0,results/partial_resnet18_bc_128px_v1/metrics/id/metrics__partial_resnet18_bc_128__color_multi__budget050__seed001__eval_color_multi.json,1.2757556705425184,5.6860984563827515
partial_resnet18,Partial ResNet-18,id,partial_resnet18_bc_128,color_multi,reach,Reach,color,Color,diverse_train,50,2,color_multi,diverse_train,150,0,0,0,31,0.0,0.0,0.0,0.20666666666666667,0.05343567222356796,0.42361616432666777,400.0,results/partial_resnet18_bc_128px_v1/metrics/id/metrics__partial_resnet18_bc_128__color_multi__budget050__seed002__eval_color_multi.json,5.343567222356796,42.36161643266678
partial_resnet18,Partial ResNet-18,id,partial_resnet18_bc_128,color_multi,reach,Reach,color,Color,diverse_train,100,0,color_multi,diverse_train,150,0,0,0,150,0.0,0.0,0.0,1.0,0.029394143211344877,0.23857927232980727,400.0,results/partial_resnet18_bc_128px_v1/metrics/id/metrics__partial_resnet18_bc_128__color_multi__budget100__seed000__eval_color_multi.json,2.9394143211344876,23.857927232980728
partial_resnet18,Partial ResNet-18,id,partial_resnet18_bc_128,color_multi,reach,Reach,color,Color,diverse_train,200,0,color_multi,diverse_train,150,150,150,150,150,1.0,1.0,1.0,1.0,0.002923750391540428,0.019938605750600497,400.0,results/partial_resnet18_bc_128px_v1/metrics/id/metrics__partial_resnet18_bc_128__color_multi__budget200__seed000__eval_color_multi.json,0.2923750391540428,1.9938605750600495
partial_resnet18,Partial ResNet-18,id,partial_resnet18_bc_128,color_red_only,reach,Reach,color,Color,fixed_train,5,0,color_red_only,fixed_train,150,0,0,0,150,0.0,0.0,0.0,1.0,0.034834086894989014,0.1873781532049179,400.0,results/partial_resnet18_bc_128px_v1/metrics/id/metrics__partial_resnet18_bc_128__color_red_only__budget005__seed000__eval_color_red_only.json,3.4834086894989014,18.73781532049179
partial_resnet18,Partial ResNet-18,id,partial_resnet18_bc_128,color_red_only,reach,Reach,color,Color,fixed_train,5,1,color_red_only,fixed_train,150,0,0,0,0,0.0,0.0,0.0,0.0,0.055176880210638046,0.2272336632013321,400.0,results/partial_resnet18_bc_128px_v1/metrics/id/metrics__partial_resnet18_bc_128__color_red_only__budget005__seed001__eval_color_red_only.json,5.517688021063805,22.72336632013321
partial_resnet18,Partial ResNet-18,id,partial_resnet18_bc_128,color_red_only,reach,Reach,color,Color,fixed_train,5,2,color_red_only,fixed_train,150,0,0,0,0,0.0,0.0,0.0,0.0,0.0746622085571289,0.2894672155380249,400.0,results/partial_resnet18_bc_128px_v1/metrics/id/metrics__partial_resnet18_bc_128__color_red_only__budget005__seed002__eval_color_red_only.json,7.466220855712891,28.94672155380249
partial_resnet18,Partial ResNet-18,id,partial_resnet18_bc_128,color_red_only,reach,Reach,color,Color,fixed_train,20,0,color_red_only,fixed_train,150,0,0,0,0,0.0,0.0,0.0,0.0,0.07167673110961914,0.2053161859512329,400.0,results/partial_resnet18_bc_128px_v1/metrics/id/metrics__partial_resnet18_bc_128__color_red_only__budget020__seed000__eval_color_red_only.json,7.167673110961914,20.53161859512329
partial_resnet18,Partial ResNet-18,id,partial_resnet18_bc_128,color_red_only,reach,Reach,color,Color,fixed_train,20,1,color_red_only,fixed_train,150,0,0,0,150,0.0,0.0,0.0,1.0,0.03665244206786156,0.10542984306812286,400.0,results/partial_resnet18_bc_128px_v1/metrics/id/metrics__partial_resnet18_bc_128__color_red_only__budget020__seed001__eval_color_red_only.json,3.6652442067861557,10.542984306812286
partial_resnet18,Partial ResNet-18,id,partial_resnet18_bc_128,color_red_only,reach,Reach,color,Color,fixed_train,20,2,color_red_only,fixed_train,150,0,0,0,0,0.0,0.0,0.0,0.0,0.07478941977024078,0.2569945752620697,400.0,results/partial_resnet18_bc_128px_v1/metrics/id/metrics__partial_resnet18_bc_128__color_red_only__budget020__seed002__eval_color_red_only.json,7.478941977024078,25.69945752620697
partial_resnet18,Partial ResNet-18,id,partial_resnet18_bc_128,color_red_only,reach,Reach,color,Color,fixed_train,50,0,color_red_only,fixed_train,150,0,0,0,0,0.0,0.0,0.0,0.0,0.07480687648057938,0.2145576775074005,400.0,results/partial_resnet18_bc_128px_v1/metrics/id/metrics__partial_resnet18_bc_128__color_red_only__budget050__seed000__eval_color_red_only.json,7.480687648057938,21.45576775074005
partial_resnet18,Partial ResNet-18,id,partial_resnet18_bc_128,color_red_only,reach,Reach,color,Color,fixed_train,50,1,color_red_only,fixed_train,150,0,0,0,0,0.0,0.0,0.0,0.0,0.08154427260160446,0.35922273993492126,400.0,results/partial_resnet18_bc_128px_v1/metrics/id/metrics__partial_resnet18_bc_128__color_red_only__budget050__seed001__eval_color_red_only.json,8.154427260160446,35.92227399349213
partial_resnet18,Partial ResNet-18,id,partial_resnet18_bc_128,color_red_only,reach,Reach,color,Color,fixed_train,50,2,color_red_only,fixed_train,150,0,0,0,150,0.0,0.0,0.0,1.0,0.03543470799922943,0.23853899538516998,400.0,results/partial_resnet18_bc_128px_v1/metrics/id/metrics__partial_resnet18_bc_128__color_red_only__budget050__seed002__eval_color_red_only.json,3.543470799922943,23.853899538517
partial_resnet18,Partial ResNet-18,id,partial_resnet18_bc_128,color_red_only,reach,Reach,color,Color,fixed_train,100,0,color_red_only,fixed_train,150,0,0,150,150,0.0,0.0,1.0,1.0,0.010201143100857735,0.010208657011389732,400.0,results/partial_resnet18_bc_128px_v1/metrics/id/metrics__partial_resnet18_bc_128__color_red_only__budget100__seed000__eval_color_red_only.json,1.0201143100857735,1.0208657011389732
partial_resnet18,Partial ResNet-18,id,partial_resnet18_bc_128,color_red_only,reach,Reach,color,Color,fixed_train,200,0,color_red_only,fixed_train,150,150,150,150,150,1.0,1.0,1.0,1.0,0.0027434187941253185,0.11497925221920013,400.0,results/partial_resnet18_bc_128px_v1/metrics/id/metrics__partial_resnet18_bc_128__color_red_only__budget200__seed000__eval_color_red_only.json,0.27434187941253185,11.497925221920013
partial_resnet18,Partial ResNet-18,id,partial_resnet18_bc_128,lighting_diverse,reach,Reach,lighting_direction_intensity,Lighting,diverse_train,5,0,lighting_diverse,diverse_train,150,0,45,90,129,0.0,0.3,0.6,0.86,0.02540044885749618,0.12315918633093437,400.0,results/partial_resnet18_bc_128px_v1/metrics/id/metrics__partial_resnet18_bc_128__lighting_diverse__budget005__seed000__eval_lighting_diverse.json,2.540044885749618,12.315918633093437
partial_resnet18,Partial ResNet-18,id,partial_resnet18_bc_128,lighting_diverse,reach,Reach,lighting_direction_intensity,Lighting,diverse_train,5,1,lighting_diverse,diverse_train,150,0,0,0,29,0.0,0.0,0.0,0.19333333333333333,0.09908668411274751,0.3422877203673124,400.0,results/partial_resnet18_bc_128px_v1/metrics/id/metrics__partial_resnet18_bc_128__lighting_diverse__budget005__seed001__eval_lighting_diverse.json,9.908668411274752,34.22877203673124
partial_resnet18,Partial ResNet-18,id,partial_resnet18_bc_128,lighting_diverse,reach,Reach,lighting_direction_intensity,Lighting,diverse_train,5,2,lighting_diverse,diverse_train,150,0,0,0,0,0.0,0.0,0.0,0.0,0.10892274603247643,0.34000142534573874,400.0,results/partial_resnet18_bc_128px_v1/metrics/id/metrics__partial_resnet18_bc_128__lighting_diverse__budget005__seed002__eval_lighting_diverse.json,10.892274603247643,34.000142534573875
partial_resnet18,Partial ResNet-18,id,partial_resnet18_bc_128,lighting_diverse,reach,Reach,lighting_direction_intensity,Lighting,diverse_train,20,0,lighting_diverse,diverse_train,150,0,11,11,72,0.0,0.07333333333333333,0.07333333333333333,0.48,0.0470675146766007,0.31000191390514376,400.0,results/partial_resnet18_bc_128px_v1/metrics/id/metrics__partial_resnet18_bc_128__lighting_diverse__budget020__seed000__eval_lighting_diverse.json,4.7067514676600695,31.000191390514374
partial_resnet18,Partial ResNet-18,id,partial_resnet18_bc_128,lighting_diverse,reach,Reach,lighting_direction_intensity,Lighting,diverse_train,20,1,lighting_diverse,diverse_train,150,0,11,11,59,0.0,0.07333333333333333,0.07333333333333333,0.3933333333333333,0.0722482464214166,0.25907758748779697,400.0,results/partial_resnet18_bc_128px_v1/metrics/id/metrics__partial_resnet18_bc_128__lighting_diverse__budget020__seed001__eval_lighting_diverse.json,7.22482464214166,25.907758748779695
partial_resnet18,Partial ResNet-18,id,partial_resnet18_bc_128,lighting_diverse,reach,Reach,lighting_direction_intensity,Lighting,diverse_train,20,2,lighting_diverse,diverse_train,150,0,0,30,110,0.0,0.0,0.2,0.7333333333333333,0.038459258917719126,0.17627741230030855,400.0,results/partial_resnet18_bc_128px_v1/metrics/id/metrics__partial_resnet18_bc_128__lighting_diverse__budget020__seed002__eval_lighting_diverse.json,3.8459258917719126,17.627741230030853
partial_resnet18,Partial ResNet-18,id,partial_resnet18_bc_128,lighting_diverse,reach,Reach,lighting_direction_intensity,Lighting,diverse_train,50,0,lighting_diverse,diverse_train,150,0,0,0,150,0.0,0.0,0.0,1.0,0.028873651797572772,0.19156575550635654,400.0,results/partial_resnet18_bc_128px_v1/metrics/id/metrics__partial_resnet18_bc_128__lighting_diverse__budget050__seed000__eval_lighting_diverse.json,2.887365179757277,19.156575550635655
partial_resnet18,Partial ResNet-18,id,partial_resnet18_bc_128,lighting_diverse,reach,Reach,lighting_direction_intensity,Lighting,diverse_train,50,1,lighting_diverse,diverse_train,150,0,0,0,0,0.0,0.0,0.0,0.0,0.08975345432758332,0.3620858827233315,400.0,results/partial_resnet18_bc_128px_v1/metrics/id/metrics__partial_resnet18_bc_128__lighting_diverse__budget050__seed001__eval_lighting_diverse.json,8.975345432758331,36.208588272333145
partial_resnet18,Partial ResNet-18,id,partial_resnet18_bc_128,lighting_diverse,reach,Reach,lighting_direction_intensity,Lighting,diverse_train,50,2,lighting_diverse,diverse_train,150,0,0,18,128,0.0,0.0,0.12,0.8533333333333334,0.03095234716931979,0.21518548200527826,400.0,results/partial_resnet18_bc_128px_v1/metrics/id/metrics__partial_resnet18_bc_128__lighting_diverse__budget050__seed002__eval_lighting_diverse.json,3.0952347169319787,21.518548200527825
partial_resnet18,Partial ResNet-18,id,partial_resnet18_bc_128,lighting_diverse,reach,Reach,lighting_direction_intensity,Lighting,diverse_train,100,0,lighting_diverse,diverse_train,150,0,36,150,150,0.0,0.24,1.0,1.0,0.010721017780403297,0.06705933077260852,400.0,results/partial_resnet18_bc_128px_v1/metrics/id/metrics__partial_resnet18_bc_128__lighting_diverse__budget100__seed000__eval_lighting_diverse.json,1.0721017780403297,6.705933077260852
partial_resnet18,Partial ResNet-18,id,partial_resnet18_bc_128,lighting_diverse,reach,Reach,lighting_direction_intensity,Lighting,diverse_train,200,0,lighting_diverse,diverse_train,150,73,150,150,150,0.4866666666666667,1.0,1.0,1.0,0.004850951069189856,0.0394053827226162,400.0,results/partial_resnet18_bc_128px_v1/metrics/id/metrics__partial_resnet18_bc_128__lighting_diverse__budget200__seed000__eval_lighting_diverse.json,0.4850951069189856,3.94053827226162
partial_resnet18,Partial ResNet-18,id,partial_resnet18_bc_128,lighting_fixed,reach,Reach,lighting_direction_intensity,Lighting,fixed_train,5,0,lighting_fixed,fixed_train,150,0,0,150,150,0.0,0.0,1.0,1.0,0.01844974048435688,0.13926777243614197,400.0,results/partial_resnet18_bc_128px_v1/metrics/id/metrics__partial_resnet18_bc_128__lighting_fixed__budget005__seed000__eval_lighting_fixed.json,1.844974048435688,13.926777243614197
partial_resnet18,Partial ResNet-18,id,partial_resnet18_bc_128,lighting_fixed,reach,Reach,lighting_direction_intensity,Lighting,fixed_train,5,1,lighting_fixed,fixed_train,150,0,0,0,0,0.0,0.0,0.0,0.0,0.1401653289794922,0.7883992195129395,400.0,results/partial_resnet18_bc_128px_v1/metrics/id/metrics__partial_resnet18_bc_128__lighting_fixed__budget005__seed001__eval_lighting_fixed.json,14.016532897949219,78.83992195129395
partial_resnet18,Partial ResNet-18,id,partial_resnet18_bc_128,lighting_fixed,reach,Reach,lighting_direction_intensity,Lighting,fixed_train,5,2,lighting_fixed,fixed_train,150,0,0,0,0,0.0,0.0,0.0,0.0,0.07785914838314056,0.2739222049713135,400.0,results/partial_resnet18_bc_128px_v1/metrics/id/metrics__partial_resnet18_bc_128__lighting_fixed__budget005__seed002__eval_lighting_fixed.json,7.785914838314056,27.392220497131348
partial_resnet18,Partial ResNet-18,id,partial_resnet18_bc_128,lighting_fixed,reach,Reach,lighting_direction_intensity,Lighting,fixed_train,20,0,lighting_fixed,fixed_train,150,0,0,0,0,0.0,0.0,0.0,0.0,0.06202279403805733,0.24069496989250183,400.0,results/partial_resnet18_bc_128px_v1/metrics/id/metrics__partial_resnet18_bc_128__lighting_fixed__budget020__seed000__eval_lighting_fixed.json,6.202279403805733,24.069496989250183
partial_resnet18,Partial ResNet-18,id,partial_resnet18_bc_128,lighting_fixed,reach,Reach,lighting_direction_intensity,Lighting,fixed_train,20,1,lighting_fixed,fixed_train,150,0,0,0,0,0.0,0.0,0.0,0.0,0.18378038704395294,1.0507107973098755,400.0,results/partial_resnet18_bc_128px_v1/metrics/id/metrics__partial_resnet18_bc_128__lighting_fixed__budget020__seed001__eval_lighting_fixed.json,18.378038704395294,105.07107973098755
partial_resnet18,Partial ResNet-18,id,partial_resnet18_bc_128,lighting_fixed,reach,Reach,lighting_direction_intensity,Lighting,fixed_train,20,2,lighting_fixed,fixed_train,150,0,0,0,0,0.0,0.0,0.0,0.0,0.052244529128074646,0.17977358400821686,400.0,results/partial_resnet18_bc_128px_v1/metrics/id/metrics__partial_resnet18_bc_128__lighting_fixed__budget020__seed002__eval_lighting_fixed.json,5.224452912807465,17.977358400821686
partial_resnet18,Partial ResNet-18,id,partial_resnet18_bc_128,lighting_fixed,reach,Reach,lighting_direction_intensity,Lighting,fixed_train,50,0,lighting_fixed,fixed_train,150,0,0,0,150,0.0,0.0,0.0,1.0,0.04990333318710327,0.22180378437042236,400.0,results/partial_resnet18_bc_128px_v1/metrics/id/metrics__partial_resnet18_bc_128__lighting_fixed__budget050__seed000__eval_lighting_fixed.json,4.990333318710327,22.180378437042236
partial_resnet18,Partial ResNet-18,id,partial_resnet18_bc_128,lighting_fixed,reach,Reach,lighting_direction_intensity,Lighting,fixed_train,50,1,lighting_fixed,fixed_train,150,0,0,0,0,0.0,0.0,0.0,0.0,0.07291780412197113,0.20828504860401154,400.0,results/partial_resnet18_bc_128px_v1/metrics/id/metrics__partial_resnet18_bc_128__lighting_fixed__budget050__seed001__eval_lighting_fixed.json,7.291780412197113,20.828504860401154
partial_resnet18,Partial ResNet-18,id,partial_resnet18_bc_128,lighting_fixed,reach,Reach,lighting_direction_intensity,Lighting,fixed_train,50,2,lighting_fixed,fixed_train,150,0,0,150,150,0.0,0.0,1.0,1.0,0.01554164569824934,0.22667452692985535,400.0,results/partial_resnet18_bc_128px_v1/metrics/id/metrics__partial_resnet18_bc_128__lighting_fixed__budget050__seed002__eval_lighting_fixed.json,1.554164569824934,22.667452692985535
partial_resnet18,Partial ResNet-18,id,partial_resnet18_bc_128,lighting_fixed,reach,Reach,lighting_direction_intensity,Lighting,fixed_train,100,0,lighting_fixed,fixed_train,150,0,0,0,150,0.0,0.0,0.0,1.0,0.04229886457324028,0.3550727367401123,400.0,results/partial_resnet18_bc_128px_v1/metrics/id/metrics__partial_resnet18_bc_128__lighting_fixed__budget100__seed000__eval_lighting_fixed.json,4.229886457324028,35.50727367401123
partial_resnet18,Partial ResNet-18,id,partial_resnet18_bc_128,lighting_fixed,reach,Reach,lighting_direction_intensity,Lighting,fixed_train,200,0,lighting_fixed,fixed_train,150,0,150,150,150,0.0,1.0,1.0,1.0,0.0061546494252979755,0.018947839736938477,400.0,results/partial_resnet18_bc_128px_v1/metrics/id/metrics__partial_resnet18_bc_128__lighting_fixed__budget200__seed000__eval_lighting_fixed.json,0.6154649425297976,1.8947839736938477
partial_resnet18,Partial ResNet-18,id,partial_resnet18_bc_128,spatial_narrow,reach,Reach,spatial_distribution,Spatial distribution,narrow_train,5,0,spatial_narrow,narrow_train,150,0,0,2,23,0.0,0.0,0.013333333333333334,0.15333333333333332,0.0925644321491321,0.2565624512235324,400.0,results/partial_resnet18_bc_128px_v1/metrics/id/metrics__partial_resnet18_bc_128__spatial_narrow__budget005__seed000__eval_spatial_narrow.json,9.25644321491321,25.656245122353237
partial_resnet18,Partial ResNet-18,id,partial_resnet18_bc_128,spatial_narrow,reach,Reach,spatial_distribution,Spatial distribution,narrow_train,5,1,spatial_narrow,narrow_train,150,0,2,13,33,0.0,0.013333333333333334,0.08666666666666667,0.22,0.07327848596808811,0.23089575226108233,400.0,results/partial_resnet18_bc_128px_v1/metrics/id/metrics__partial_resnet18_bc_128__spatial_narrow__budget005__seed001__eval_spatial_narrow.json,7.327848596808812,23.089575226108234
partial_resnet18,Partial ResNet-18,id,partial_resnet18_bc_128,spatial_narrow,reach,Reach,spatial_distribution,Spatial distribution,narrow_train,5,2,spatial_narrow,narrow_train,150,0,0,0,16,0.0,0.0,0.0,0.10666666666666667,0.06481713410466909,0.2115942952533563,400.0,results/partial_resnet18_bc_128px_v1/metrics/id/metrics__partial_resnet18_bc_128__spatial_narrow__budget005__seed002__eval_spatial_narrow.json,6.481713410466909,21.15942952533563
partial_resnet18,Partial ResNet-18,id,partial_resnet18_bc_128,spatial_narrow,reach,Reach,spatial_distribution,Spatial distribution,narrow_train,20,0,spatial_narrow,narrow_train,150,1,4,26,105,0.006666666666666667,0.02666666666666667,0.17333333333333334,0.7,0.04045242411394914,0.13657858127107222,400.0,results/partial_resnet18_bc_128px_v1/metrics/id/metrics__partial_resnet18_bc_128__spatial_narrow__budget020__seed000__eval_spatial_narrow.json,4.045242411394915,13.657858127107222
partial_resnet18,Partial ResNet-18,id,partial_resnet18_bc_128,spatial_narrow,reach,Reach,spatial_distribution,Spatial distribution,narrow_train,20,1,spatial_narrow,narrow_train,150,0,5,48,128,0.0,0.03333333333333333,0.32,0.8533333333333334,0.03035046930114428,0.09059317588806153,400.0,results/partial_resnet18_bc_128px_v1/metrics/id/metrics__partial_resnet18_bc_128__spatial_narrow__budget020__seed001__eval_spatial_narrow.json,3.035046930114428,9.059317588806152
partial_resnet18,Partial ResNet-18,id,partial_resnet18_bc_128,spatial_narrow,reach,Reach,spatial_distribution,Spatial distribution,narrow_train,20,2,spatial_narrow,narrow_train,150,0,2,23,108,0.0,0.013333333333333334,0.15333333333333332,0.72,0.041142450881501036,0.21200437205533187,400.0,results/partial_resnet18_bc_128px_v1/metrics/id/metrics__partial_resnet18_bc_128__spatial_narrow__budget020__seed002__eval_spatial_narrow.json,4.114245088150104,21.200437205533188
partial_resnet18,Partial ResNet-18,id,partial_resnet18_bc_128,spatial_narrow,reach,Reach,spatial_distribution,Spatial distribution,narrow_train,50,0,spatial_narrow,narrow_train,150,24,38,80,143,0.16,0.25333333333333335,0.5333333333333333,0.9533333333333334,0.021397418974277875,0.05857819138094783,400.0,results/partial_resnet18_bc_128px_v1/metrics/id/metrics__partial_resnet18_bc_128__spatial_narrow__budget050__seed000__eval_spatial_narrow.json,2.1397418974277875,5.857819138094783
partial_resnet18,Partial ResNet-18,id,partial_resnet18_bc_128,spatial_narrow,reach,Reach,spatial_distribution,Spatial distribution,narrow_train,50,1,spatial_narrow,narrow_train,150,5,16,63,145,0.03333333333333333,0.10666666666666667,0.42,0.9666666666666667,0.022974417100970944,0.03839253664016724,400.0,results/partial_resnet18_bc_128px_v1/metrics/id/metrics__partial_resnet18_bc_128__spatial_narrow__budget050__seed001__eval_spatial_narrow.json,2.2974417100970945,3.8392536640167236
partial_resnet18,Partial ResNet-18,id,partial_resnet18_bc_128,spatial_narrow,reach,Reach,spatial_distribution,Spatial distribution,narrow_train,50,2,spatial_narrow,narrow_train,150,0,2,17,128,0.0,0.013333333333333334,0.11333333333333333,0.8533333333333334,0.035795934113363424,0.20941418593128522,400.0,results/partial_resnet18_bc_128px_v1/metrics/id/metrics__partial_resnet18_bc_128__spatial_narrow__budget050__seed002__eval_spatial_narrow.json,3.5795934113363423,20.94141859312852
partial_resnet18,Partial ResNet-18,id,partial_resnet18_bc_128,spatial_narrow,reach,Reach,spatial_distribution,Spatial distribution,narrow_train,100,0,spatial_narrow,narrow_train,150,16,45,104,150,0.10666666666666667,0.3,0.6933333333333334,1.0,0.018397536079088846,0.21131161384284497,400.0,results/partial_resnet18_bc_128px_v1/metrics/id/metrics__partial_resnet18_bc_128__spatial_narrow__budget100__seed000__eval_spatial_narrow.json,1.8397536079088845,21.131161384284496
partial_resnet18,Partial ResNet-18,id,partial_resnet18_bc_128,spatial_narrow,reach,Reach,spatial_distribution,Spatial distribution,narrow_train,200,0,spatial_narrow,narrow_train,150,5,26,104,150,0.03333333333333333,0.17333333333333334,0.6933333333333334,1.0,0.016432795161381363,0.026839953577145935,400.0,results/partial_resnet18_bc_128px_v1/metrics/id/metrics__partial_resnet18_bc_128__spatial_narrow__budget200__seed000__eval_spatial_narrow.json,1.6432795161381364,2.6839953577145934
partial_resnet18,Partial ResNet-18,id,partial_resnet18_bc_128,spatial_wide,reach,Reach,spatial_distribution,Spatial distribution,wide_train,5,0,spatial_wide,wide_train,150,0,2,10,32,0.0,0.013333333333333334,0.06666666666666667,0.21333333333333335,0.10370884630829096,0.23934805850187937,400.0,results/partial_resnet18_bc_128px_v1/metrics/id/metrics__partial_resnet18_bc_128__spatial_wide__budget005__seed000__eval_spatial_wide.json,10.370884630829096,23.93480585018794
partial_resnet18,Partial ResNet-18,id,partial_resnet18_bc_128,spatial_wide,reach,Reach,spatial_distribution,Spatial distribution,wide_train,5,1,spatial_wide,wide_train,150,0,0,0,18,0.0,0.0,0.0,0.12,0.130896941733857,0.3426622840265433,400.0,results/partial_resnet18_bc_128px_v1/metrics/id/metrics__partial_resnet18_bc_128__spatial_wide__budget005__seed001__eval_spatial_wide.json,13.089694173385698,34.26622840265433
partial_resnet18,Partial ResNet-18,id,partial_resnet18_bc_128,spatial_wide,reach,Reach,spatial_distribution,Spatial distribution,wide_train,5,2,spatial_wide,wide_train,150,1,7,23,46,0.006666666666666667,0.04666666666666667,0.15333333333333332,0.30666666666666664,0.08643076262592028,0.2197332349792123,400.0,results/partial_resnet18_bc_128px_v1/metrics/id/metrics__partial_resnet18_bc_128__spatial_wide__budget005__seed002__eval_spatial_wide.json,8.643076262592029,21.97332349792123
partial_resnet18,Partial ResNet-18,id,partial_resnet18_bc_128,spatial_wide,reach,Reach,spatial_distribution,Spatial distribution,wide_train,20,0,spatial_wide,wide_train,150,0,3,21,63,0.0,0.02,0.14,0.42,0.09193245390430092,0.23492434974138934,400.0,results/partial_resnet18_bc_128px_v1/metrics/id/metrics__partial_resnet18_bc_128__spatial_wide__budget020__seed000__eval_spatial_wide.json,9.193245390430093,23.492434974138934
partial_resnet18,Partial ResNet-18,id,partial_resnet18_bc_128,spatial_wide,reach,Reach,spatial_distribution,Spatial distribution,wide_train,20,1,spatial_wide,wide_train,150,0,0,0,10,0.0,0.0,0.0,0.06666666666666667,0.08894930144151052,0.24730161041021348,400.0,results/partial_resnet18_bc_128px_v1/metrics/id/metrics__partial_resnet18_bc_128__spatial_wide__budget020__seed001__eval_spatial_wide.json,8.894930144151052,24.730161041021347
partial_resnet18,Partial ResNet-18,id,partial_resnet18_bc_128,spatial_wide,reach,Reach,spatial_distribution,Spatial distribution,wide_train,20,2,spatial_wide,wide_train,150,1,3,23,48,0.006666666666666667,0.02,0.15333333333333332,0.32,0.08040071144079168,0.15113755449963112,400.0,results/partial_resnet18_bc_128px_v1/metrics/id/metrics__partial_resnet18_bc_128__spatial_wide__budget020__seed002__eval_spatial_wide.json,8.040071144079167,15.113755449963111
partial_resnet18,Partial ResNet-18,id,partial_resnet18_bc_128,spatial_wide,reach,Reach,spatial_distribution,Spatial distribution,wide_train,50,0,spatial_wide,wide_train,150,2,5,39,95,0.013333333333333334,0.03333333333333333,0.26,0.6333333333333333,0.04544578953180462,0.1514216336918374,400.0,results/partial_resnet18_bc_128px_v1/metrics/id/metrics__partial_resnet18_bc_128__spatial_wide__budget050__seed000__eval_spatial_wide.json,4.544578953180462,15.14216336918374
partial_resnet18,Partial ResNet-18,id,partial_resnet18_bc_128,spatial_wide,reach,Reach,spatial_distribution,Spatial distribution,wide_train,50,1,spatial_wide,wide_train,150,0,0,38,108,0.0,0.0,0.25333333333333335,0.72,0.038816085420548915,0.07676546651870013,400.0,results/partial_resnet18_bc_128px_v1/metrics/id/metrics__partial_resnet18_bc_128__spatial_wide__budget050__seed001__eval_spatial_wide.json,3.8816085420548916,7.676546651870013
partial_resnet18,Partial ResNet-18,id,partial_resnet18_bc_128,spatial_wide,reach,Reach,spatial_distribution,Spatial distribution,wide_train,50,2,spatial_wide,wide_train,150,0,5,42,112,0.0,0.03333333333333333,0.28,0.7466666666666667,0.036855904990807174,0.08253993803014358,400.0,results/partial_resnet18_bc_128px_v1/metrics/id/metrics__partial_resnet18_bc_128__spatial_wide__budget050__seed002__eval_spatial_wide.json,3.6855904990807176,8.253993803014357
partial_resnet18,Partial ResNet-18,id,partial_resnet18_bc_128,spatial_wide,reach,Reach,spatial_distribution,Spatial distribution,wide_train,100,0,spatial_wide,wide_train,150,2,12,52,117,0.013333333333333334,0.08,0.3466666666666667,0.78,0.033054167844820764,0.10562818728697797,400.0,results/partial_resnet18_bc_128px_v1/metrics/id/metrics__partial_resnet18_bc_128__spatial_wide__budget100__seed000__eval_spatial_wide.json,3.3054167844820763,10.562818728697797
partial_resnet18,Partial ResNet-18,id,partial_resnet18_bc_128,spatial_wide,reach,Reach,spatial_distribution,Spatial distribution,wide_train,200,0,spatial_wide,wide_train,150,6,41,107,150,0.04,0.2733333333333333,0.7133333333333334,1.0,0.016488224054531504,0.06153325039893389,400.0,results/partial_resnet18_bc_128px_v1/metrics/id/metrics__partial_resnet18_bc_128__spatial_wide__budget200__seed000__eval_spatial_wide.json,1.6488224054531504,6.153325039893389
partial_resnet18,Partial ResNet-18,ood,partial_resnet18_bc_128,avoid_camera_fixed,avoid_reach,Obstacle-aware reach,camera_location_viewpoint,Camera viewpoint,fixed_train,5,0,avoid_camera_extreme_ood_eval,extreme_ood_eval,150,0,0,1,6,0.0,0.0,0.006666666666666667,0.04,0.1585430562744538,0.3147820639361938,400.0,results/partial_resnet18_bc_128px_v1/metrics/ood/metrics__partial_resnet18_bc_128__avoid_camera_fixed__budget005__seed000__eval_avoid_camera_extreme_ood_eval.json,15.854305627445381,31.47820639361938
partial_resnet18,Partial ResNet-18,ood,partial_resnet18_bc_128,avoid_camera_fixed,avoid_reach,Obstacle-aware reach,camera_location_viewpoint,Camera viewpoint,fixed_train,5,1,avoid_camera_extreme_ood_eval,extreme_ood_eval,150,0,0,4,21,0.0,0.0,0.02666666666666667,0.14,0.09087344508618117,0.25376438779135546,400.0,results/partial_resnet18_bc_128px_v1/metrics/ood/metrics__partial_resnet18_bc_128__avoid_camera_fixed__budget005__seed001__eval_avoid_camera_extreme_ood_eval.json,9.087344508618116,25.376438779135547
partial_resnet18,Partial ResNet-18,ood,partial_resnet18_bc_128,avoid_camera_fixed,avoid_reach,Obstacle-aware reach,camera_location_viewpoint,Camera viewpoint,fixed_train,5,2,avoid_camera_extreme_ood_eval,extreme_ood_eval,150,0,0,1,12,0.0,0.0,0.006666666666666667,0.08,0.12950230453163386,0.3156135519842307,400.0,results/partial_resnet18_bc_128px_v1/metrics/ood/metrics__partial_resnet18_bc_128__avoid_camera_fixed__budget005__seed002__eval_avoid_camera_extreme_ood_eval.json,12.950230453163385,31.56135519842307
partial_resnet18,Partial ResNet-18,ood,partial_resnet18_bc_128,avoid_camera_fixed,avoid_reach,Obstacle-aware reach,camera_location_viewpoint,Camera viewpoint,fixed_train,20,0,avoid_camera_extreme_ood_eval,extreme_ood_eval,150,0,2,3,22,0.0,0.013333333333333334,0.02,0.14666666666666667,0.14943202344390252,0.30821372747421266,400.0,results/partial_resnet18_bc_128px_v1/metrics/ood/metrics__partial_resnet18_bc_128__avoid_camera_fixed__budget020__seed000__eval_avoid_camera_extreme_ood_eval.json,14.943202344390253,30.821372747421265
partial_resnet18,Partial ResNet-18,ood,partial_resnet18_bc_128,avoid_camera_fixed,avoid_reach,Obstacle-aware reach,camera_location_viewpoint,Camera viewpoint,fixed_train,20,1,avoid_camera_extreme_ood_eval,extreme_ood_eval,150,0,0,0,0,0.0,0.0,0.0,0.0,0.14805818234880766,0.4305515064795812,400.0,results/partial_resnet18_bc_128px_v1/metrics/ood/metrics__partial_resnet18_bc_128__avoid_camera_fixed__budget020__seed001__eval_avoid_camera_extreme_ood_eval.json,14.805818234880766,43.055150647958115
partial_resnet18,Partial ResNet-18,ood,partial_resnet18_bc_128,avoid_camera_fixed,avoid_reach,Obstacle-aware reach,camera_location_viewpoint,Camera viewpoint,fixed_train,20,2,avoid_camera_extreme_ood_eval,extreme_ood_eval,150,0,0,0,0,0.0,0.0,0.0,0.0,0.13093895052870114,0.24594836483399074,400.0,results/partial_resnet18_bc_128px_v1/metrics/ood/metrics__partial_resnet18_bc_128__avoid_camera_fixed__budget020__seed002__eval_avoid_camera_extreme_ood_eval.json,13.093895052870113,24.594836483399074
partial_resnet18,Partial ResNet-18,ood,partial_resnet18_bc_128,avoid_camera_fixed,avoid_reach,Obstacle-aware reach,camera_location_viewpoint,Camera viewpoint,fixed_train,50,0,avoid_camera_extreme_ood_eval,extreme_ood_eval,150,0,0,1,9,0.0,0.0,0.006666666666666667,0.06,0.12880683430780968,0.3791566588481267,400.0,results/partial_resnet18_bc_128px_v1/metrics/ood/metrics__partial_resnet18_bc_128__avoid_camera_fixed__budget050__seed000__eval_avoid_camera_extreme_ood_eval.json,12.880683430780968,37.91566588481267
partial_resnet18,Partial ResNet-18,ood,partial_resnet18_bc_128,avoid_camera_fixed,avoid_reach,Obstacle-aware reach,camera_location_viewpoint,Camera viewpoint,fixed_train,50,1,avoid_camera_extreme_ood_eval,extreme_ood_eval,150,0,0,0,14,0.0,0.0,0.0,0.09333333333333334,0.09191092307368914,0.20611255606015524,400.0,results/partial_resnet18_bc_128px_v1/metrics/ood/metrics__partial_resnet18_bc_128__avoid_camera_fixed__budget050__seed001__eval_avoid_camera_extreme_ood_eval.json,9.191092307368914,20.611255606015526
partial_resnet18,Partial ResNet-18,ood,partial_resnet18_bc_128,avoid_camera_fixed,avoid_reach,Obstacle-aware reach,camera_location_viewpoint,Camera viewpoint,fixed_train,50,2,avoid_camera_extreme_ood_eval,extreme_ood_eval,150,0,4,11,50,0.0,0.02666666666666667,0.07333333333333333,0.3333333333333333,0.05445289413755139,0.2519790824751059,400.0,results/partial_resnet18_bc_128px_v1/metrics/ood/metrics__partial_resnet18_bc_128__avoid_camera_fixed__budget050__seed002__eval_avoid_camera_extreme_ood_eval.json,5.445289413755139,25.197908247510593
partial_resnet18,Partial ResNet-18,ood,partial_resnet18_bc_128,avoid_camera_fixed,avoid_reach,Obstacle-aware reach,camera_location_viewpoint,Camera viewpoint,fixed_train,100,0,avoid_camera_extreme_ood_eval,extreme_ood_eval,150,0,0,0,0,0.0,0.0,0.0,0.0,0.16669789652029673,0.39477939168612164,400.0,results/partial_resnet18_bc_128px_v1/metrics/ood/metrics__partial_resnet18_bc_128__avoid_camera_fixed__budget100__seed000__eval_avoid_camera_extreme_ood_eval.json,16.669789652029674,39.47793916861217
partial_resnet18,Partial ResNet-18,ood,partial_resnet18_bc_128,avoid_camera_fixed,avoid_reach,Obstacle-aware reach,camera_location_viewpoint,Camera viewpoint,fixed_train,200,0,avoid_camera_extreme_ood_eval,extreme_ood_eval,150,0,0,0,7,0.0,0.0,0.0,0.04666666666666667,0.12090267360210419,0.3279448072363933,400.0,results/partial_resnet18_bc_128px_v1/metrics/ood/metrics__partial_resnet18_bc_128__avoid_camera_fixed__budget200__seed000__eval_avoid_camera_extreme_ood_eval.json,12.090267360210419,32.79448072363933
partial_resnet18,Partial ResNet-18,ood,partial_resnet18_bc_128,avoid_camera_multi_pose,avoid_reach,Obstacle-aware reach,camera_location_viewpoint,Camera viewpoint,diverse_train,5,0,avoid_camera_extreme_ood_eval,extreme_ood_eval,150,0,0,2,17,0.0,0.0,0.013333333333333334,0.11333333333333333,0.11807967315117518,0.3461508187651634,400.0,results/partial_resnet18_bc_128px_v1/metrics/ood/metrics__partial_resnet18_bc_128__avoid_camera_multi_pose__budget005__seed000__eval_avoid_camera_extreme_ood_eval.json,11.807967315117518,34.61508187651634
partial_resnet18,Partial ResNet-18,ood,partial_resnet18_bc_128,avoid_camera_multi_pose,avoid_reach,Obstacle-aware reach,camera_location_viewpoint,Camera viewpoint,diverse_train,5,1,avoid_camera_extreme_ood_eval,extreme_ood_eval,150,0,0,0,5,0.0,0.0,0.0,0.03333333333333333,0.10941886022686959,0.40937134419878324,400.0,results/partial_resnet18_bc_128px_v1/metrics/ood/metrics__partial_resnet18_bc_128__avoid_camera_multi_pose__budget005__seed001__eval_avoid_camera_extreme_ood_eval.json,10.941886022686958,40.937134419878326
partial_resnet18,Partial ResNet-18,ood,partial_resnet18_bc_128,avoid_camera_multi_pose,avoid_reach,Obstacle-aware reach,camera_location_viewpoint,Camera viewpoint,diverse_train,5,2,avoid_camera_extreme_ood_eval,extreme_ood_eval,150,0,0,0,14,0.0,0.0,0.0,0.09333333333333334,0.0901786166553696,0.18746188749869663,400.0,results/partial_resnet18_bc_128px_v1/metrics/ood/metrics__partial_resnet18_bc_128__avoid_camera_multi_pose__budget005__seed002__eval_avoid_camera_extreme_ood_eval.json,9.017861665536959,18.746188749869663
partial_resnet18,Partial ResNet-18,ood,partial_resnet18_bc_128,avoid_camera_multi_pose,avoid_reach,Obstacle-aware reach,camera_location_viewpoint,Camera viewpoint,diverse_train,20,0,avoid_camera_extreme_ood_eval,extreme_ood_eval,150,0,0,2,140,0.0,0.0,0.013333333333333334,0.9333333333333333,0.039304092973470685,0.2527092610299587,400.0,results/partial_resnet18_bc_128px_v1/metrics/ood/metrics__partial_resnet18_bc_128__avoid_camera_multi_pose__budget020__seed000__eval_avoid_camera_extreme_ood_eval.json,3.9304092973470683,25.270926102995872
partial_resnet18,Partial ResNet-18,ood,partial_resnet18_bc_128,avoid_camera_multi_pose,avoid_reach,Obstacle-aware reach,camera_location_viewpoint,Camera viewpoint,diverse_train,20,1,avoid_camera_extreme_ood_eval,extreme_ood_eval,150,0,0,0,67,0.0,0.0,0.0,0.44666666666666666,0.052073987709979216,0.14269192459682623,400.0,results/partial_resnet18_bc_128px_v1/metrics/ood/metrics__partial_resnet18_bc_128__avoid_camera_multi_pose__budget020__seed001__eval_avoid_camera_extreme_ood_eval.json,5.207398770997922,14.269192459682623
partial_resnet18,Partial ResNet-18,ood,partial_resnet18_bc_128,avoid_camera_multi_pose,avoid_reach,Obstacle-aware reach,camera_location_viewpoint,Camera viewpoint,diverse_train,20,2,avoid_camera_extreme_ood_eval,extreme_ood_eval,150,7,18,69,119,0.04666666666666667,0.12,0.46,0.7933333333333333,0.030457305073117218,0.19890310058991115,400.0,results/partial_resnet18_bc_128px_v1/metrics/ood/metrics__partial_resnet18_bc_128__avoid_camera_multi_pose__budget020__seed002__eval_avoid_camera_extreme_ood_eval.json,3.045730507311722,19.890310058991115
partial_resnet18,Partial ResNet-18,ood,partial_resnet18_bc_128,avoid_camera_multi_pose,avoid_reach,Obstacle-aware reach,camera_location_viewpoint,Camera viewpoint,diverse_train,50,0,avoid_camera_extreme_ood_eval,extreme_ood_eval,150,0,0,0,64,0.0,0.0,0.0,0.4266666666666667,0.050242499299347404,0.41661052544911703,400.0,results/partial_resnet18_bc_128px_v1/metrics/ood/metrics__partial_resnet18_bc_128__avoid_camera_multi_pose__budget050__seed000__eval_avoid_camera_extreme_ood_eval.json,5.02424992993474,41.661052544911705
partial_resnet18,Partial ResNet-18,ood,partial_resnet18_bc_128,avoid_camera_multi_pose,avoid_reach,Obstacle-aware reach,camera_location_viewpoint,Camera viewpoint,diverse_train,50,1,avoid_camera_extreme_ood_eval,extreme_ood_eval,150,4,11,36,150,0.02666666666666667,0.07333333333333333,0.24,1.0,0.02537247207791855,0.2885921070973078,400.0,results/partial_resnet18_bc_128px_v1/metrics/ood/metrics__partial_resnet18_bc_128__avoid_camera_multi_pose__budget050__seed001__eval_avoid_camera_extreme_ood_eval.json,2.537247207791855,28.85921070973078
partial_resnet18,Partial ResNet-18,ood,partial_resnet18_bc_128,avoid_camera_multi_pose,avoid_reach,Obstacle-aware reach,camera_location_viewpoint,Camera viewpoint,diverse_train,50,2,avoid_camera_extreme_ood_eval,extreme_ood_eval,150,1,1,1,118,0.006666666666666667,0.006666666666666667,0.006666666666666667,0.7866666666666666,0.04802264420160403,0.0982123200595379,400.0,results/partial_resnet18_bc_128px_v1/metrics/ood/metrics__partial_resnet18_bc_128__avoid_camera_multi_pose__budget050__seed002__eval_avoid_camera_extreme_ood_eval.json,4.802264420160403,9.821232005953789
partial_resnet18,Partial ResNet-18,ood,partial_resnet18_bc_128,avoid_camera_multi_pose,avoid_reach,Obstacle-aware reach,camera_location_viewpoint,Camera viewpoint,diverse_train,100,0,avoid_camera_extreme_ood_eval,extreme_ood_eval,150,0,0,0,0,0.0,0.0,0.0,0.0,0.08962061693271,0.9157700721422831,400.0,results/partial_resnet18_bc_128px_v1/metrics/ood/metrics__partial_resnet18_bc_128__avoid_camera_multi_pose__budget100__seed000__eval_avoid_camera_extreme_ood_eval.json,8.962061693271,91.57700721422832
partial_resnet18,Partial ResNet-18,ood,partial_resnet18_bc_128,avoid_camera_multi_pose,avoid_reach,Obstacle-aware reach,camera_location_viewpoint,Camera viewpoint,diverse_train,200,0,avoid_camera_extreme_ood_eval,extreme_ood_eval,150,0,6,149,150,0.0,0.04,0.9933333333333333,1.0,0.013693443207691114,0.16925448626279832,400.0,results/partial_resnet18_bc_128px_v1/metrics/ood/metrics__partial_resnet18_bc_128__avoid_camera_multi_pose__budget200__seed000__eval_avoid_camera_extreme_ood_eval.json,1.3693443207691114,16.92544862627983
partial_resnet18,Partial ResNet-18,ood,partial_resnet18_bc_128,avoid_color_multi,avoid_reach,Obstacle-aware reach,color,Color,diverse_train,5,0,avoid_color_ood_eval,ood_eval,150,0,0,0,0,0.0,0.0,0.0,0.0,0.0731207902232806,0.18528211603562036,400.0,results/partial_resnet18_bc_128px_v1/metrics/ood/metrics__partial_resnet18_bc_128__avoid_color_multi__budget005__seed000__eval_avoid_color_ood_eval.json,7.312079022328059,18.528211603562035
partial_resnet18,Partial ResNet-18,ood,partial_resnet18_bc_128,avoid_color_multi,avoid_reach,Obstacle-aware reach,color,Color,diverse_train,5,1,avoid_color_ood_eval,ood_eval,150,0,0,0,0,0.0,0.0,0.0,0.0,0.23566297064224878,0.721836587190628,400.0,results/partial_resnet18_bc_128px_v1/metrics/ood/metrics__partial_resnet18_bc_128__avoid_color_multi__budget005__seed001__eval_avoid_color_ood_eval.json,23.566297064224877,72.1836587190628
partial_resnet18,Partial ResNet-18,ood,partial_resnet18_bc_128,avoid_color_multi,avoid_reach,Obstacle-aware reach,color,Color,diverse_train,5,2,avoid_color_ood_eval,ood_eval,150,0,0,0,150,0.0,0.0,0.0,1.0,0.03766002962986628,0.27143285195032757,400.0,results/partial_resnet18_bc_128px_v1/metrics/ood/metrics__partial_resnet18_bc_128__avoid_color_multi__budget005__seed002__eval_avoid_color_ood_eval.json,3.766002962986628,27.143285195032757
partial_resnet18,Partial ResNet-18,ood,partial_resnet18_bc_128,avoid_color_multi,avoid_reach,Obstacle-aware reach,color,Color,diverse_train,20,0,avoid_color_ood_eval,ood_eval,150,0,0,0,150,0.0,0.0,0.0,1.0,0.036374761064847314,0.2670455484588941,400.0,results/partial_resnet18_bc_128px_v1/metrics/ood/metrics__partial_resnet18_bc_128__avoid_color_multi__budget020__seed000__eval_avoid_color_ood_eval.json,3.637476106484731,26.70455484588941
partial_resnet18,Partial ResNet-18,ood,partial_resnet18_bc_128,avoid_color_multi,avoid_reach,Obstacle-aware reach,color,Color,diverse_train,20,1,avoid_color_ood_eval,ood_eval,150,0,0,0,0,0.0,0.0,0.0,0.0,0.20588762005170186,0.6624121741453807,400.0,results/partial_resnet18_bc_128px_v1/metrics/ood/metrics__partial_resnet18_bc_128__avoid_color_multi__budget020__seed001__eval_avoid_color_ood_eval.json,20.588762005170185,66.24121741453807
partial_resnet18,Partial ResNet-18,ood,partial_resnet18_bc_128,avoid_color_multi,avoid_reach,Obstacle-aware reach,color,Color,diverse_train,20,2,avoid_color_ood_eval,ood_eval,150,0,0,0,0,0.0,0.0,0.0,0.0,0.07478221982717514,0.07898711159825325,400.0,results/partial_resnet18_bc_128px_v1/metrics/ood/metrics__partial_resnet18_bc_128__avoid_color_multi__budget020__seed002__eval_avoid_color_ood_eval.json,7.478221982717514,7.898711159825325
partial_resnet18,Partial ResNet-18,ood,partial_resnet18_bc_128,avoid_color_multi,avoid_reach,Obstacle-aware reach,color,Color,diverse_train,50,0,avoid_color_ood_eval,ood_eval,150,0,0,0,42,0.0,0.0,0.0,0.28,0.06296179677049318,0.31587578495343527,400.0,results/partial_resnet18_bc_128px_v1/metrics/ood/metrics__partial_resnet18_bc_128__avoid_color_multi__budget050__seed000__eval_avoid_color_ood_eval.json,6.296179677049318,31.58757849534353
partial_resnet18,Partial ResNet-18,ood,partial_resnet18_bc_128,avoid_color_multi,avoid_reach,Obstacle-aware reach,color,Color,diverse_train,50,1,avoid_color_ood_eval,ood_eval,150,76,115,150,150,0.5066666666666667,0.7666666666666667,1.0,1.0,0.006903827066222826,0.2634368576606115,400.0,results/partial_resnet18_bc_128px_v1/metrics/ood/metrics__partial_resnet18_bc_128__avoid_color_multi__budget050__seed001__eval_avoid_color_ood_eval.json,0.6903827066222826,26.34368576606115
partial_resnet18,Partial ResNet-18,ood,partial_resnet18_bc_128,avoid_color_multi,avoid_reach,Obstacle-aware reach,color,Color,diverse_train,50,2,avoid_color_ood_eval,ood_eval,150,0,0,0,150,0.0,0.0,0.0,1.0,0.04098139852285385,0.44011030515034993,400.0,results/partial_resnet18_bc_128px_v1/metrics/ood/metrics__partial_resnet18_bc_128__avoid_color_multi__budget050__seed002__eval_avoid_color_ood_eval.json,4.098139852285385,44.011030515034996
partial_resnet18,Partial ResNet-18,ood,partial_resnet18_bc_128,avoid_color_multi,avoid_reach,Obstacle-aware reach,color,Color,diverse_train,100,0,avoid_color_ood_eval,ood_eval,150,0,0,0,150,0.0,0.0,0.0,1.0,0.02140222683548927,0.2893807222445806,400.0,results/partial_resnet18_bc_128px_v1/metrics/ood/metrics__partial_resnet18_bc_128__avoid_color_multi__budget100__seed000__eval_avoid_color_ood_eval.json,2.1402226835489273,28.93807222445806
partial_resnet18,Partial ResNet-18,ood,partial_resnet18_bc_128,avoid_color_multi,avoid_reach,Obstacle-aware reach,color,Color,diverse_train,200,0,avoid_color_ood_eval,ood_eval,150,0,0,0,0,0.0,0.0,0.0,0.0,0.07648227905233701,0.2622925748427709,400.0,results/partial_resnet18_bc_128px_v1/metrics/ood/metrics__partial_resnet18_bc_128__avoid_color_multi__budget200__seed000__eval_avoid_color_ood_eval.json,7.648227905233701,26.229257484277092
partial_resnet18,Partial ResNet-18,ood,partial_resnet18_bc_128,avoid_color_red_only,avoid_reach,Obstacle-aware reach,color,Color,fixed_train,5,0,avoid_color_ood_eval,ood_eval,150,0,0,0,0,0.0,0.0,0.0,0.0,0.06125987981756528,0.17883188406626382,400.0,results/partial_resnet18_bc_128px_v1/metrics/ood/metrics__partial_resnet18_bc_128__avoid_color_red_only__budget005__seed000__eval_avoid_color_ood_eval.json,6.125987981756528,17.88318840662638
partial_resnet18,Partial ResNet-18,ood,partial_resnet18_bc_128,avoid_color_red_only,avoid_reach,Obstacle-aware reach,color,Color,fixed_train,5,1,avoid_color_ood_eval,ood_eval,150,0,0,0,0,0.0,0.0,0.0,0.0,0.12761962413787842,0.77356254696846,400.0,results/partial_resnet18_bc_128px_v1/metrics/ood/metrics__partial_resnet18_bc_128__avoid_color_red_only__budget005__seed001__eval_avoid_color_ood_eval.json,12.761962413787842,77.35625469684601
partial_resnet18,Partial ResNet-18,ood,partial_resnet18_bc_128,avoid_color_red_only,avoid_reach,Obstacle-aware reach,color,Color,fixed_train,5,2,avoid_color_ood_eval,ood_eval,150,0,0,0,150,0.0,0.0,0.0,1.0,0.034024206238488355,0.24523856843511263,400.0,results/partial_resnet18_bc_128px_v1/metrics/ood/metrics__partial_resnet18_bc_128__avoid_color_red_only__budget005__seed002__eval_avoid_color_ood_eval.json,3.4024206238488355,24.523856843511265
partial_resnet18,Partial ResNet-18,ood,partial_resnet18_bc_128,avoid_color_red_only,avoid_reach,Obstacle-aware reach,color,Color,fixed_train,20,0,avoid_color_ood_eval,ood_eval,150,0,0,39,108,0.0,0.0,0.26,0.72,0.05777142681181431,0.289218731323878,400.0,results/partial_resnet18_bc_128px_v1/metrics/ood/metrics__partial_resnet18_bc_128__avoid_color_red_only__budget020__seed000__eval_avoid_color_ood_eval.json,5.777142681181431,28.921873132387798
partial_resnet18,Partial ResNet-18,ood,partial_resnet18_bc_128,avoid_color_red_only,avoid_reach,Obstacle-aware reach,color,Color,fixed_train,20,1,avoid_color_ood_eval,ood_eval,150,0,0,0,0,0.0,0.0,0.0,0.0,0.17789564897616705,0.7799939596652985,400.0,results/partial_resnet18_bc_128px_v1/metrics/ood/metrics__partial_resnet18_bc_128__avoid_color_red_only__budget020__seed001__eval_avoid_color_ood_eval.json,17.789564897616707,77.99939596652985
partial_resnet18,Partial ResNet-18,ood,partial_resnet18_bc_128,avoid_color_red_only,avoid_reach,Obstacle-aware reach,color,Color,fixed_train,20,2,avoid_color_ood_eval,ood_eval,150,0,0,0,0,0.0,0.0,0.0,0.0,0.11258216167489687,0.223067580362161,400.0,results/partial_resnet18_bc_128px_v1/metrics/ood/metrics__partial_resnet18_bc_128__avoid_color_red_only__budget020__seed002__eval_avoid_color_ood_eval.json,11.258216167489687,22.306758036216102
partial_resnet18,Partial ResNet-18,ood,partial_resnet18_bc_128,avoid_color_red_only,avoid_reach,Obstacle-aware reach,color,Color,fixed_train,50,0,avoid_color_ood_eval,ood_eval,150,0,0,0,39,0.0,0.0,0.0,0.26,0.060915520091851555,0.3119456626971563,400.0,results/partial_resnet18_bc_128px_v1/metrics/ood/metrics__partial_resnet18_bc_128__avoid_color_red_only__budget050__seed000__eval_avoid_color_ood_eval.json,6.091552009185156,31.19456626971563
partial_resnet18,Partial ResNet-18,ood,partial_resnet18_bc_128,avoid_color_red_only,avoid_reach,Obstacle-aware reach,color,Color,fixed_train,50,1,avoid_color_ood_eval,ood_eval,150,0,0,0,150,0.0,0.0,0.0,1.0,0.034709262748559316,0.27190417925516763,400.0,results/partial_resnet18_bc_128px_v1/metrics/ood/metrics__partial_resnet18_bc_128__avoid_color_red_only__budget050__seed001__eval_avoid_color_ood_eval.json,3.4709262748559317,27.190417925516762
partial_resnet18,Partial ResNet-18,ood,partial_resnet18_bc_128,avoid_color_red_only,avoid_reach,Obstacle-aware reach,color,Color,fixed_train,50,2,avoid_color_ood_eval,ood_eval,150,0,0,34,150,0.0,0.0,0.22666666666666666,1.0,0.028392812026043733,0.2603467381000519,400.0,results/partial_resnet18_bc_128px_v1/metrics/ood/metrics__partial_resnet18_bc_128__avoid_color_red_only__budget050__seed002__eval_avoid_color_ood_eval.json,2.8392812026043734,26.034673810005188
partial_resnet18,Partial ResNet-18,ood,partial_resnet18_bc_128,avoid_color_red_only,avoid_reach,Obstacle-aware reach,color,Color,fixed_train,100,0,avoid_color_ood_eval,ood_eval,150,0,0,0,111,0.0,0.0,0.0,0.74,0.04847780016561349,0.3225827974081039,400.0,results/partial_resnet18_bc_128px_v1/metrics/ood/metrics__partial_resnet18_bc_128__avoid_color_red_only__budget100__seed000__eval_avoid_color_ood_eval.json,4.847780016561349,32.258279740810394
partial_resnet18,Partial ResNet-18,ood,partial_resnet18_bc_128,avoid_color_red_only,avoid_reach,Obstacle-aware reach,color,Color,fixed_train,200,0,avoid_color_ood_eval,ood_eval,150,0,0,0,0,0.0,0.0,0.0,0.0,0.095726674447457,0.8313766638437907,400.0,results/partial_resnet18_bc_128px_v1/metrics/ood/metrics__partial_resnet18_bc_128__avoid_color_red_only__budget200__seed000__eval_avoid_color_ood_eval.json,9.5726674447457,83.13766638437907
partial_resnet18,Partial ResNet-18,ood,partial_resnet18_bc_128,avoid_lighting_diverse,avoid_reach,Obstacle-aware reach,lighting_direction_intensity,Lighting,diverse_train,5,0,avoid_lighting_extreme_ood_eval,extreme_ood_eval,150,0,0,31,31,0.0,0.0,0.20666666666666667,0.20666666666666667,0.09686870273202658,0.2466898868481318,400.0,results/partial_resnet18_bc_128px_v1/metrics/ood/metrics__partial_resnet18_bc_128__avoid_lighting_diverse__budget005__seed000__eval_avoid_lighting_extreme_ood_eval.json,9.686870273202658,24.668988684813183
partial_resnet18,Partial ResNet-18,ood,partial_resnet18_bc_128,avoid_lighting_diverse,avoid_reach,Obstacle-aware reach,lighting_direction_intensity,Lighting,diverse_train,5,1,avoid_lighting_extreme_ood_eval,extreme_ood_eval,150,0,0,0,0,0.0,0.0,0.0,0.0,0.15360414614280066,0.5140414122740428,400.0,results/partial_resnet18_bc_128px_v1/metrics/ood/metrics__partial_resnet18_bc_128__avoid_lighting_diverse__budget005__seed001__eval_avoid_lighting_extreme_ood_eval.json,15.360414614280065,51.404141227404274
partial_resnet18,Partial ResNet-18,ood,partial_resnet18_bc_128,avoid_lighting_diverse,avoid_reach,Obstacle-aware reach,lighting_direction_intensity,Lighting,diverse_train,5,2,avoid_lighting_extreme_ood_eval,extreme_ood_eval,150,0,0,0,31,0.0,0.0,0.0,0.20666666666666667,0.10376224319140116,0.2069150737921397,400.0,results/partial_resnet18_bc_128px_v1/metrics/ood/metrics__partial_resnet18_bc_128__avoid_lighting_diverse__budget005__seed002__eval_avoid_lighting_extreme_ood_eval.json,10.376224319140116,20.69150737921397
partial_resnet18,Partial ResNet-18,ood,partial_resnet18_bc_128,avoid_lighting_diverse,avoid_reach,Obstacle-aware reach,lighting_direction_intensity,Lighting,diverse_train,20,0,avoid_lighting_extreme_ood_eval,extreme_ood_eval,150,0,0,0,77,0.0,0.0,0.0,0.5133333333333333,0.06366686329245567,0.26727915326754254,400.0,results/partial_resnet18_bc_128px_v1/metrics/ood/metrics__partial_resnet18_bc_128__avoid_lighting_diverse__budget020__seed000__eval_avoid_lighting_extreme_ood_eval.json,6.366686329245567,26.727915326754253
partial_resnet18,Partial ResNet-18,ood,partial_resnet18_bc_128,avoid_lighting_diverse,avoid_reach,Obstacle-aware reach,lighting_direction_intensity,Lighting,diverse_train,20,1,avoid_lighting_extreme_ood_eval,extreme_ood_eval,150,0,0,0,0,0.0,0.0,0.0,0.0,0.13982277502616247,0.40958689550558725,400.0,results/partial_resnet18_bc_128px_v1/metrics/ood/metrics__partial_resnet18_bc_128__avoid_lighting_diverse__budget020__seed001__eval_avoid_lighting_extreme_ood_eval.json,13.982277502616247,40.958689550558724
partial_resnet18,Partial ResNet-18,ood,partial_resnet18_bc_128,avoid_lighting_diverse,avoid_reach,Obstacle-aware reach,lighting_direction_intensity,Lighting,diverse_train,20,2,avoid_lighting_extreme_ood_eval,extreme_ood_eval,150,0,0,0,150,0.0,0.0,0.0,1.0,0.036977067415912945,0.2210497929652532,400.0,results/partial_resnet18_bc_128px_v1/metrics/ood/metrics__partial_resnet18_bc_128__avoid_lighting_diverse__budget020__seed002__eval_avoid_lighting_extreme_ood_eval.json,3.6977067415912943,22.104979296525322
partial_resnet18,Partial ResNet-18,ood,partial_resnet18_bc_128,avoid_lighting_diverse,avoid_reach,Obstacle-aware reach,lighting_direction_intensity,Lighting,diverse_train,50,0,avoid_lighting_extreme_ood_eval,extreme_ood_eval,150,0,0,0,150,0.0,0.0,0.0,1.0,0.03084715496748686,0.3352548321088155,400.0,results/partial_resnet18_bc_128px_v1/metrics/ood/metrics__partial_resnet18_bc_128__avoid_lighting_diverse__budget050__seed000__eval_avoid_lighting_extreme_ood_eval.json,3.084715496748686,33.52548321088155
partial_resnet18,Partial ResNet-18,ood,partial_resnet18_bc_128,avoid_lighting_diverse,avoid_reach,Obstacle-aware reach,lighting_direction_intensity,Lighting,diverse_train,50,1,avoid_lighting_extreme_ood_eval,extreme_ood_eval,150,0,0,0,42,0.0,0.0,0.0,0.28,0.07882574150959651,0.21742867752909661,400.0,results/partial_resnet18_bc_128px_v1/metrics/ood/metrics__partial_resnet18_bc_128__avoid_lighting_diverse__budget050__seed001__eval_avoid_lighting_extreme_ood_eval.json,7.882574150959651,21.74286775290966
partial_resnet18,Partial ResNet-18,ood,partial_resnet18_bc_128,avoid_lighting_diverse,avoid_reach,Obstacle-aware reach,lighting_direction_intensity,Lighting,diverse_train,50,2,avoid_lighting_extreme_ood_eval,extreme_ood_eval,150,0,0,35,150,0.0,0.0,0.23333333333333334,1.0,0.024145080968737603,0.3002125422159831,400.0,results/partial_resnet18_bc_128px_v1/metrics/ood/metrics__partial_resnet18_bc_128__avoid_lighting_diverse__budget050__seed002__eval_avoid_lighting_extreme_ood_eval.json,2.4145080968737602,30.02125422159831
partial_resnet18,Partial ResNet-18,ood,partial_resnet18_bc_128,avoid_lighting_diverse,avoid_reach,Obstacle-aware reach,lighting_direction_intensity,Lighting,diverse_train,100,0,avoid_lighting_extreme_ood_eval,extreme_ood_eval,150,0,0,73,108,0.0,0.0,0.4866666666666667,0.72,0.03271349577854077,0.29849366694688795,400.0,results/partial_resnet18_bc_128px_v1/metrics/ood/metrics__partial_resnet18_bc_128__avoid_lighting_diverse__budget100__seed000__eval_avoid_lighting_extreme_ood_eval.json,3.271349577854077,29.849366694688793
partial_resnet18,Partial ResNet-18,ood,partial_resnet18_bc_128,avoid_lighting_diverse,avoid_reach,Obstacle-aware reach,lighting_direction_intensity,Lighting,diverse_train,200,0,avoid_lighting_extreme_ood_eval,extreme_ood_eval,150,0,0,0,0,0.0,0.0,0.0,0.0,0.15678081969420116,0.3938204143444697,400.0,results/partial_resnet18_bc_128px_v1/metrics/ood/metrics__partial_resnet18_bc_128__avoid_lighting_diverse__budget200__seed000__eval_avoid_lighting_extreme_ood_eval.json,15.678081969420116,39.38204143444697
partial_resnet18,Partial ResNet-18,ood,partial_resnet18_bc_128,avoid_lighting_fixed,avoid_reach,Obstacle-aware reach,lighting_direction_intensity,Lighting,fixed_train,5,0,avoid_lighting_extreme_ood_eval,extreme_ood_eval,150,0,0,0,0,0.0,0.0,0.0,0.0,0.12701337094108264,0.2615490342179934,400.0,results/partial_resnet18_bc_128px_v1/metrics/ood/metrics__partial_resnet18_bc_128__avoid_lighting_fixed__budget005__seed000__eval_avoid_lighting_extreme_ood_eval.json,12.701337094108265,26.154903421799343
partial_resnet18,Partial ResNet-18,ood,partial_resnet18_bc_128,avoid_lighting_fixed,avoid_reach,Obstacle-aware reach,lighting_direction_intensity,Lighting,fixed_train,5,1,avoid_lighting_extreme_ood_eval,extreme_ood_eval,150,0,0,0,0,0.0,0.0,0.0,0.0,0.2273677400747935,0.6231909151871999,400.0,results/partial_resnet18_bc_128px_v1/metrics/ood/metrics__partial_resnet18_bc_128__avoid_lighting_fixed__budget005__seed001__eval_avoid_lighting_extreme_ood_eval.json,22.736774007479347,62.31909151871999
partial_resnet18,Partial ResNet-18,ood,partial_resnet18_bc_128,avoid_lighting_fixed,avoid_reach,Obstacle-aware reach,lighting_direction_intensity,Lighting,fixed_train,5,2,avoid_lighting_extreme_ood_eval,extreme_ood_eval,150,0,0,0,0,0.0,0.0,0.0,0.0,0.13572563151518505,0.3096693656841914,400.0,results/partial_resnet18_bc_128px_v1/metrics/ood/metrics__partial_resnet18_bc_128__avoid_lighting_fixed__budget005__seed002__eval_avoid_lighting_extreme_ood_eval.json,13.572563151518505,30.96693656841914
partial_resnet18,Partial ResNet-18,ood,partial_resnet18_bc_128,avoid_lighting_fixed,avoid_reach,Obstacle-aware reach,lighting_direction_intensity,Lighting,fixed_train,20,0,avoid_lighting_extreme_ood_eval,extreme_ood_eval,150,0,0,0,0,0.0,0.0,0.0,0.0,0.11670638635754585,0.21066613574822743,400.0,results/partial_resnet18_bc_128px_v1/metrics/ood/metrics__partial_resnet18_bc_128__avoid_lighting_fixed__budget020__seed000__eval_avoid_lighting_extreme_ood_eval.json,11.670638635754585,21.066613574822743
partial_resnet18,Partial ResNet-18,ood,partial_resnet18_bc_128,avoid_lighting_fixed,avoid_reach,Obstacle-aware reach,lighting_direction_intensity,Lighting,fixed_train,20,1,avoid_lighting_extreme_ood_eval,extreme_ood_eval,150,0,0,0,42,0.0,0.0,0.0,0.28,0.15080095134675503,0.3649820639193058,400.0,results/partial_resnet18_bc_128px_v1/metrics/ood/metrics__partial_resnet18_bc_128__avoid_lighting_fixed__budget020__seed001__eval_avoid_lighting_extreme_ood_eval.json,15.080095134675503,36.49820639193058
partial_resnet18,Partial ResNet-18,ood,partial_resnet18_bc_128,avoid_lighting_fixed,avoid_reach,Obstacle-aware reach,lighting_direction_intensity,Lighting,fixed_train,20,2,avoid_lighting_extreme_ood_eval,extreme_ood_eval,150,0,0,0,66,0.0,0.0,0.0,0.44,0.07324682737390201,0.18790680646896363,400.0,results/partial_resnet18_bc_128px_v1/metrics/ood/metrics__partial_resnet18_bc_128__avoid_lighting_fixed__budget020__seed002__eval_avoid_lighting_extreme_ood_eval.json,7.324682737390201,18.790680646896362
partial_resnet18,Partial ResNet-18,ood,partial_resnet18_bc_128,avoid_lighting_fixed,avoid_reach,Obstacle-aware reach,lighting_direction_intensity,Lighting,fixed_train,50,0,avoid_lighting_extreme_ood_eval,extreme_ood_eval,150,0,0,42,108,0.0,0.0,0.28,0.72,0.03909667648375034,0.2339763393998146,400.0,results/partial_resnet18_bc_128px_v1/metrics/ood/metrics__partial_resnet18_bc_128__avoid_lighting_fixed__budget050__seed000__eval_avoid_lighting_extreme_ood_eval.json,3.9096676483750343,23.39763393998146
partial_resnet18,Partial ResNet-18,ood,partial_resnet18_bc_128,avoid_lighting_fixed,avoid_reach,Obstacle-aware reach,lighting_direction_intensity,Lighting,fixed_train,50,1,avoid_lighting_extreme_ood_eval,extreme_ood_eval,150,0,0,31,108,0.0,0.0,0.20666666666666667,0.72,0.04426810788611571,0.21397483428319294,400.0,results/partial_resnet18_bc_128px_v1/metrics/ood/metrics__partial_resnet18_bc_128__avoid_lighting_fixed__budget050__seed001__eval_avoid_lighting_extreme_ood_eval.json,4.426810788611571,21.397483428319294
partial_resnet18,Partial ResNet-18,ood,partial_resnet18_bc_128,avoid_lighting_fixed,avoid_reach,Obstacle-aware reach,lighting_direction_intensity,Lighting,fixed_train,50,2,avoid_lighting_extreme_ood_eval,extreme_ood_eval,150,0,0,0,42,0.0,0.0,0.0,0.28,0.12315184007088344,0.23472636530796687,400.0,results/partial_resnet18_bc_128px_v1/metrics/ood/metrics__partial_resnet18_bc_128__avoid_lighting_fixed__budget050__seed002__eval_avoid_lighting_extreme_ood_eval.json,12.315184007088344,23.472636530796688
partial_resnet18,Partial ResNet-18,ood,partial_resnet18_bc_128,avoid_lighting_fixed,avoid_reach,Obstacle-aware reach,lighting_direction_intensity,Lighting,fixed_train,100,0,avoid_lighting_extreme_ood_eval,extreme_ood_eval,150,0,0,0,150,0.0,0.0,0.0,1.0,0.031148974373936652,0.23419846822818122,400.0,results/partial_resnet18_bc_128px_v1/metrics/ood/metrics__partial_resnet18_bc_128__avoid_lighting_fixed__budget100__seed000__eval_avoid_lighting_extreme_ood_eval.json,3.1148974373936653,23.419846822818123
partial_resnet18,Partial ResNet-18,ood,partial_resnet18_bc_128,avoid_lighting_fixed,avoid_reach,Obstacle-aware reach,lighting_direction_intensity,Lighting,fixed_train,200,0,avoid_lighting_extreme_ood_eval,extreme_ood_eval,150,0,0,0,73,0.0,0.0,0.0,0.4866666666666667,0.051957666824261346,0.10297148634990057,400.0,results/partial_resnet18_bc_128px_v1/metrics/ood/metrics__partial_resnet18_bc_128__avoid_lighting_fixed__budget200__seed000__eval_avoid_lighting_extreme_ood_eval.json,5.195766682426135,10.297148634990057
partial_resnet18,Partial ResNet-18,ood,partial_resnet18_bc_128,avoid_spatial_narrow,avoid_reach,Obstacle-aware reach,spatial_distribution,Spatial distribution,narrow_train,5,0,avoid_spatial_edge_ood_eval,edge_ood_eval,150,0,0,0,5,0.0,0.0,0.0,0.03333333333333333,0.18443420805037022,0.25110955057044826,400.0,results/partial_resnet18_bc_128px_v1/metrics/ood/metrics__partial_resnet18_bc_128__avoid_spatial_narrow__budget005__seed000__eval_avoid_spatial_edge_ood_eval.json,18.44342080503702,25.110955057044826
partial_resnet18,Partial ResNet-18,ood,partial_resnet18_bc_128,avoid_spatial_narrow,avoid_reach,Obstacle-aware reach,spatial_distribution,Spatial distribution,narrow_train,5,1,avoid_spatial_edge_ood_eval,edge_ood_eval,150,0,1,5,20,0.0,0.006666666666666667,0.03333333333333333,0.13333333333333333,0.18950857682774463,0.5900586444139481,400.0,results/partial_resnet18_bc_128px_v1/metrics/ood/metrics__partial_resnet18_bc_128__avoid_spatial_narrow__budget005__seed001__eval_avoid_spatial_edge_ood_eval.json,18.950857682774462,59.005864441394806
partial_resnet18,Partial ResNet-18,ood,partial_resnet18_bc_128,avoid_spatial_narrow,avoid_reach,Obstacle-aware reach,spatial_distribution,Spatial distribution,narrow_train,5,2,avoid_spatial_edge_ood_eval,edge_ood_eval,150,0,0,3,21,0.0,0.0,0.02,0.14,0.1373948599025607,0.2430979834496975,400.0,results/partial_resnet18_bc_128px_v1/metrics/ood/metrics__partial_resnet18_bc_128__avoid_spatial_narrow__budget005__seed002__eval_avoid_spatial_edge_ood_eval.json,13.73948599025607,24.30979834496975
partial_resnet18,Partial ResNet-18,ood,partial_resnet18_bc_128,avoid_spatial_narrow,avoid_reach,Obstacle-aware reach,spatial_distribution,Spatial distribution,narrow_train,20,0,avoid_spatial_edge_ood_eval,edge_ood_eval,150,0,0,3,22,0.0,0.0,0.02,0.14666666666666667,0.14236379334082205,0.18111478984355928,400.0,results/partial_resnet18_bc_128px_v1/metrics/ood/metrics__partial_resnet18_bc_128__avoid_spatial_narrow__budget020__seed000__eval_avoid_spatial_edge_ood_eval.json,14.236379334082205,18.111478984355927
partial_resnet18,Partial ResNet-18,ood,partial_resnet18_bc_128,avoid_spatial_narrow,avoid_reach,Obstacle-aware reach,spatial_distribution,Spatial distribution,narrow_train,20,1,avoid_spatial_edge_ood_eval,edge_ood_eval,150,0,0,5,21,0.0,0.0,0.03333333333333333,0.14,0.11991720598191023,0.3158778501053651,400.0,results/partial_resnet18_bc_128px_v1/metrics/ood/metrics__partial_resnet18_bc_128__avoid_spatial_narrow__budget020__seed001__eval_avoid_spatial_edge_ood_eval.json,11.991720598191023,31.58778501053651
partial_resnet18,Partial ResNet-18,ood,partial_resnet18_bc_128,avoid_spatial_narrow,avoid_reach,Obstacle-aware reach,spatial_distribution,Spatial distribution,narrow_train,20,2,avoid_spatial_edge_ood_eval,edge_ood_eval,150,0,0,0,12,0.0,0.0,0.0,0.08,0.14748481464882693,0.22627495085199675,400.0,results/partial_resnet18_bc_128px_v1/metrics/ood/metrics__partial_resnet18_bc_128__avoid_spatial_narrow__budget020__seed002__eval_avoid_spatial_edge_ood_eval.json,14.748481464882692,22.627495085199676
partial_resnet18,Partial ResNet-18,ood,partial_resnet18_bc_128,avoid_spatial_narrow,avoid_reach,Obstacle-aware reach,spatial_distribution,Spatial distribution,narrow_train,50,0,avoid_spatial_edge_ood_eval,edge_ood_eval,150,0,0,4,18,0.0,0.0,0.02666666666666667,0.12,0.1473770857229829,0.28496253028512003,400.0,results/partial_resnet18_bc_128px_v1/metrics/ood/metrics__partial_resnet18_bc_128__avoid_spatial_narrow__budget050__seed000__eval_avoid_spatial_edge_ood_eval.json,14.737708572298288,28.496253028512005
partial_resnet18,Partial ResNet-18,ood,partial_resnet18_bc_128,avoid_spatial_narrow,avoid_reach,Obstacle-aware reach,spatial_distribution,Spatial distribution,narrow_train,50,1,avoid_spatial_edge_ood_eval,edge_ood_eval,150,1,2,10,33,0.006666666666666667,0.013333333333333334,0.06666666666666667,0.22,0.09302802489604801,0.3080802849928538,400.0,results/partial_resnet18_bc_128px_v1/metrics/ood/metrics__partial_resnet18_bc_128__avoid_spatial_narrow__budget050__seed001__eval_avoid_spatial_edge_ood_eval.json,9.302802489604801,30.808028499285378
partial_resnet18,Partial ResNet-18,ood,partial_resnet18_bc_128,avoid_spatial_narrow,avoid_reach,Obstacle-aware reach,spatial_distribution,Spatial distribution,narrow_train,50,2,avoid_spatial_edge_ood_eval,edge_ood_eval,150,1,4,6,18,0.006666666666666667,0.02666666666666667,0.04,0.12,0.1350922708772123,0.46655516465504965,400.0,results/partial_resnet18_bc_128px_v1/metrics/ood/metrics__partial_resnet18_bc_128__avoid_spatial_narrow__budget050__seed002__eval_avoid_spatial_edge_ood_eval.json,13.509227087721229,46.65551646550497
partial_resnet18,Partial ResNet-18,ood,partial_resnet18_bc_128,avoid_spatial_narrow,avoid_reach,Obstacle-aware reach,spatial_distribution,Spatial distribution,narrow_train,100,0,avoid_spatial_edge_ood_eval,edge_ood_eval,150,0,0,3,20,0.0,0.0,0.02,0.13333333333333333,0.12831312866260608,0.29841631531715396,400.0,results/partial_resnet18_bc_128px_v1/metrics/ood/metrics__partial_resnet18_bc_128__avoid_spatial_narrow__budget100__seed000__eval_avoid_spatial_edge_ood_eval.json,12.831312866260609,29.841631531715397
partial_resnet18,Partial ResNet-18,ood,partial_resnet18_bc_128,avoid_spatial_narrow,avoid_reach,Obstacle-aware reach,spatial_distribution,Spatial distribution,narrow_train,200,0,avoid_spatial_edge_ood_eval,edge_ood_eval,150,1,3,7,38,0.006666666666666667,0.02,0.04666666666666667,0.25333333333333335,0.11010085887896517,0.34640319590767227,400.0,results/partial_resnet18_bc_128px_v1/metrics/ood/metrics__partial_resnet18_bc_128__avoid_spatial_narrow__budget200__seed000__eval_avoid_spatial_edge_ood_eval.json,11.010085887896517,34.64031959076723
partial_resnet18,Partial ResNet-18,ood,partial_resnet18_bc_128,avoid_spatial_wide,avoid_reach,Obstacle-aware reach,spatial_distribution,Spatial distribution,wide_train,5,0,avoid_spatial_edge_ood_eval,edge_ood_eval,150,0,0,1,18,0.0,0.0,0.006666666666666667,0.12,0.1322432772939404,0.21331349400182564,400.0,results/partial_resnet18_bc_128px_v1/metrics/ood/metrics__partial_resnet18_bc_128__avoid_spatial_wide__budget005__seed000__eval_avoid_spatial_edge_ood_eval.json,13.224327729394039,21.331349400182564
partial_resnet18,Partial ResNet-18,ood,partial_resnet18_bc_128,avoid_spatial_wide,avoid_reach,Obstacle-aware reach,spatial_distribution,Spatial distribution,wide_train,5,1,avoid_spatial_edge_ood_eval,edge_ood_eval,150,0,0,2,15,0.0,0.0,0.013333333333333334,0.1,0.12801859829574824,0.23039647365609806,400.0,results/partial_resnet18_bc_128px_v1/metrics/ood/metrics__partial_resnet18_bc_128__avoid_spatial_wide__budget005__seed001__eval_avoid_spatial_edge_ood_eval.json,12.801859829574823,23.039647365609806
partial_resnet18,Partial ResNet-18,ood,partial_resnet18_bc_128,avoid_spatial_wide,avoid_reach,Obstacle-aware reach,spatial_distribution,Spatial distribution,wide_train,5,2,avoid_spatial_edge_ood_eval,edge_ood_eval,150,0,1,2,22,0.0,0.006666666666666667,0.013333333333333334,0.14666666666666667,0.13612910697236658,0.28131571985781195,400.0,results/partial_resnet18_bc_128px_v1/metrics/ood/metrics__partial_resnet18_bc_128__avoid_spatial_wide__budget005__seed002__eval_avoid_spatial_edge_ood_eval.json,13.612910697236657,28.131571985781196
partial_resnet18,Partial ResNet-18,ood,partial_resnet18_bc_128,avoid_spatial_wide,avoid_reach,Obstacle-aware reach,spatial_distribution,Spatial distribution,wide_train,20,0,avoid_spatial_edge_ood_eval,edge_ood_eval,150,0,0,2,19,0.0,0.0,0.013333333333333334,0.12666666666666668,0.14234979757418234,0.19169861281911532,400.0,results/partial_resnet18_bc_128px_v1/metrics/ood/metrics__partial_resnet18_bc_128__avoid_spatial_wide__budget020__seed000__eval_avoid_spatial_edge_ood_eval.json,14.234979757418234,19.169861281911533
partial_resnet18,Partial ResNet-18,ood,partial_resnet18_bc_128,avoid_spatial_wide,avoid_reach,Obstacle-aware reach,spatial_distribution,Spatial distribution,wide_train,20,1,avoid_spatial_edge_ood_eval,edge_ood_eval,150,0,1,12,60,0.0,0.006666666666666667,0.08,0.4,0.07456154112393658,0.2088302234063546,400.0,results/partial_resnet18_bc_128px_v1/metrics/ood/metrics__partial_resnet18_bc_128__avoid_spatial_wide__budget020__seed001__eval_avoid_spatial_edge_ood_eval.json,7.456154112393658,20.88302234063546
partial_resnet18,Partial ResNet-18,ood,partial_resnet18_bc_128,avoid_spatial_wide,avoid_reach,Obstacle-aware reach,spatial_distribution,Spatial distribution,wide_train,20,2,avoid_spatial_edge_ood_eval,edge_ood_eval,150,0,0,0,10,0.0,0.0,0.0,0.06666666666666667,0.16780551084627707,0.23251675367355346,400.0,results/partial_resnet18_bc_128px_v1/metrics/ood/metrics__partial_resnet18_bc_128__avoid_spatial_wide__budget020__seed002__eval_avoid_spatial_edge_ood_eval.json,16.780551084627707,23.251675367355347
partial_resnet18,Partial ResNet-18,ood,partial_resnet18_bc_128,avoid_spatial_wide,avoid_reach,Obstacle-aware reach,spatial_distribution,Spatial distribution,wide_train,50,0,avoid_spatial_edge_ood_eval,edge_ood_eval,150,2,11,32,98,0.013333333333333334,0.07333333333333333,0.21333333333333335,0.6533333333333333,0.061382421750264864,0.21496410852919023,400.0,results/partial_resnet18_bc_128px_v1/metrics/ood/metrics__partial_resnet18_bc_128__avoid_spatial_wide__budget050__seed000__eval_avoid_spatial_edge_ood_eval.json,6.138242175026487,21.496410852919023
partial_resnet18,Partial ResNet-18,ood,partial_resnet18_bc_128,avoid_spatial_wide,avoid_reach,Obstacle-aware reach,spatial_distribution,Spatial distribution,wide_train,50,1,avoid_spatial_edge_ood_eval,edge_ood_eval,150,1,18,34,72,0.006666666666666667,0.12,0.22666666666666666,0.48,0.05588874699547887,0.44517787781854473,400.0,results/partial_resnet18_bc_128px_v1/metrics/ood/metrics__partial_resnet18_bc_128__avoid_spatial_wide__budget050__seed001__eval_avoid_spatial_edge_ood_eval.json,5.588874699547887,44.51778778185447
partial_resnet18,Partial ResNet-18,ood,partial_resnet18_bc_128,avoid_spatial_wide,avoid_reach,Obstacle-aware reach,spatial_distribution,Spatial distribution,wide_train,50,2,avoid_spatial_edge_ood_eval,edge_ood_eval,150,0,1,1,7,0.0,0.006666666666666667,0.006666666666666667,0.04666666666666667,0.1030105459286521,0.594217297633489,400.0,results/partial_resnet18_bc_128px_v1/metrics/ood/metrics__partial_resnet18_bc_128__avoid_spatial_wide__budget050__seed002__eval_avoid_spatial_edge_ood_eval.json,10.30105459286521,59.42172976334889
partial_resnet18,Partial ResNet-18,ood,partial_resnet18_bc_128,avoid_spatial_wide,avoid_reach,Obstacle-aware reach,spatial_distribution,Spatial distribution,wide_train,100,0,avoid_spatial_edge_ood_eval,edge_ood_eval,150,1,4,15,72,0.006666666666666667,0.02666666666666667,0.1,0.48,0.08962789112546792,0.33913982632259526,400.0,results/partial_resnet18_bc_128px_v1/metrics/ood/metrics__partial_resnet18_bc_128__avoid_spatial_wide__budget100__seed000__eval_avoid_spatial_edge_ood_eval.json,8.962789112546792,33.913982632259525
partial_resnet18,Partial ResNet-18,ood,partial_resnet18_bc_128,avoid_spatial_wide,avoid_reach,Obstacle-aware reach,spatial_distribution,Spatial distribution,wide_train,200,0,avoid_spatial_edge_ood_eval,edge_ood_eval,150,0,0,0,0,0.0,0.0,0.0,0.0,0.3752815061807632,0.9747935124238332,400.0,results/partial_resnet18_bc_128px_v1/metrics/ood/metrics__partial_resnet18_bc_128__avoid_spatial_wide__budget200__seed000__eval_avoid_spatial_edge_ood_eval.json,37.528150618076324,97.47935124238332
partial_resnet18,Partial ResNet-18,ood,partial_resnet18_bc_128,camera_fixed,reach,Reach,camera_location_viewpoint,Camera viewpoint,fixed_train,5,0,camera_extreme_ood_eval,extreme_ood_eval,150,1,1,4,31,0.006666666666666667,0.006666666666666667,0.02666666666666667,0.20666666666666667,0.0867016187030822,0.26395752812425294,400.0,results/partial_resnet18_bc_128px_v1/metrics/ood/metrics__partial_resnet18_bc_128__camera_fixed__budget005__seed000__eval_camera_extreme_ood_eval.json,8.67016187030822,26.395752812425293
partial_resnet18,Partial ResNet-18,ood,partial_resnet18_bc_128,camera_fixed,reach,Reach,camera_location_viewpoint,Camera viewpoint,fixed_train,5,1,camera_extreme_ood_eval,extreme_ood_eval,150,2,6,8,39,0.013333333333333334,0.04,0.05333333333333334,0.26,0.07520656998114039,0.28806363853315514,400.0,results/partial_resnet18_bc_128px_v1/metrics/ood/metrics__partial_resnet18_bc_128__camera_fixed__budget005__seed001__eval_camera_extreme_ood_eval.json,7.520656998114039,28.806363853315514
partial_resnet18,Partial ResNet-18,ood,partial_resnet18_bc_128,camera_fixed,reach,Reach,camera_location_viewpoint,Camera viewpoint,fixed_train,5,2,camera_extreme_ood_eval,extreme_ood_eval,150,0,0,0,0,0.0,0.0,0.0,0.0,0.1128596365948518,0.31555862387021383,400.0,results/partial_resnet18_bc_128px_v1/metrics/ood/metrics__partial_resnet18_bc_128__camera_fixed__budget005__seed002__eval_camera_extreme_ood_eval.json,11.28596365948518,31.55586238702138
partial_resnet18,Partial ResNet-18,ood,partial_resnet18_bc_128,camera_fixed,reach,Reach,camera_location_viewpoint,Camera viewpoint,fixed_train,20,0,camera_extreme_ood_eval,extreme_ood_eval,150,1,2,3,5,0.006666666666666667,0.013333333333333334,0.02,0.03333333333333333,0.0918323864772295,0.22572817981243135,400.0,results/partial_resnet18_bc_128px_v1/metrics/ood/metrics__partial_resnet18_bc_128__camera_fixed__budget020__seed000__eval_camera_extreme_ood_eval.json,9.18323864772295,22.572817981243134
partial_resnet18,Partial ResNet-18,ood,partial_resnet18_bc_128,camera_fixed,reach,Reach,camera_location_viewpoint,Camera viewpoint,fixed_train,20,1,camera_extreme_ood_eval,extreme_ood_eval,150,4,11,19,80,0.02666666666666667,0.07333333333333333,0.12666666666666668,0.5333333333333333,0.05162074282299727,0.2182917567746093,400.0,results/partial_resnet18_bc_128px_v1/metrics/ood/metrics__partial_resnet18_bc_128__camera_fixed__budget020__seed001__eval_camera_extreme_ood_eval.json,5.162074282299727,21.82917567746093
partial_resnet18,Partial ResNet-18,ood,partial_resnet18_bc_128,camera_fixed,reach,Reach,camera_location_viewpoint,Camera viewpoint,fixed_train,20,2,camera_extreme_ood_eval,extreme_ood_eval,150,0,0,1,17,0.0,0.0,0.006666666666666667,0.11333333333333333,0.07586885466550787,0.25956139728426936,400.0,results/partial_resnet18_bc_128px_v1/metrics/ood/metrics__partial_resnet18_bc_128__camera_fixed__budget020__seed002__eval_camera_extreme_ood_eval.json,7.586885466550787,25.956139728426937
partial_resnet18,Partial ResNet-18,ood,partial_resnet18_bc_128,camera_fixed,reach,Reach,camera_location_viewpoint,Camera viewpoint,fixed_train,50,0,camera_extreme_ood_eval,extreme_ood_eval,150,0,0,0,1,0.0,0.0,0.0,0.006666666666666667,0.08502742772301038,0.22098136941591898,400.0,results/partial_resnet18_bc_128px_v1/metrics/ood/metrics__partial_resnet18_bc_128__camera_fixed__budget050__seed000__eval_camera_extreme_ood_eval.json,8.502742772301037,22.098136941591896
partial_resnet18,Partial ResNet-18,ood,partial_resnet18_bc_128,camera_fixed,reach,Reach,camera_location_viewpoint,Camera viewpoint,fixed_train,50,1,camera_extreme_ood_eval,extreme_ood_eval,150,4,9,30,94,0.02666666666666667,0.06,0.2,0.6266666666666667,0.050154510436890024,0.23561996494419873,400.0,results/partial_resnet18_bc_128px_v1/metrics/ood/metrics__partial_resnet18_bc_128__camera_fixed__budget050__seed001__eval_camera_extreme_ood_eval.json,5.015451043689002,23.561996494419873
partial_resnet18,Partial ResNet-18,ood,partial_resnet18_bc_128,camera_fixed,reach,Reach,camera_location_viewpoint,Camera viewpoint,fixed_train,50,2,camera_extreme_ood_eval,extreme_ood_eval,150,0,1,6,64,0.0,0.006666666666666667,0.04,0.4266666666666667,0.0515977042230467,0.23391759646435578,400.0,results/partial_resnet18_bc_128px_v1/metrics/ood/metrics__partial_resnet18_bc_128__camera_fixed__budget050__seed002__eval_camera_extreme_ood_eval.json,5.15977042230467,23.391759646435577
partial_resnet18,Partial ResNet-18,ood,partial_resnet18_bc_128,camera_fixed,reach,Reach,camera_location_viewpoint,Camera viewpoint,fixed_train,100,0,camera_extreme_ood_eval,extreme_ood_eval,150,7,10,47,99,0.04666666666666667,0.06666666666666667,0.31333333333333335,0.66,0.0394042073834377,0.20614617655208956,400.0,results/partial_resnet18_bc_128px_v1/metrics/ood/metrics__partial_resnet18_bc_128__camera_fixed__budget100__seed000__eval_camera_extreme_ood_eval.json,3.94042073834377,20.614617655208956
partial_resnet18,Partial ResNet-18,ood,partial_resnet18_bc_128,camera_fixed,reach,Reach,camera_location_viewpoint,Camera viewpoint,fixed_train,200,0,camera_extreme_ood_eval,extreme_ood_eval,150,0,0,0,150,0.0,0.0,0.0,1.0,0.03190759614109993,0.18098526726166408,400.0,results/partial_resnet18_bc_128px_v1/metrics/ood/metrics__partial_resnet18_bc_128__camera_fixed__budget200__seed000__eval_camera_extreme_ood_eval.json,3.1907596141099925,18.09852672616641
partial_resnet18,Partial ResNet-18,ood,partial_resnet18_bc_128,camera_multi_pose,reach,Reach,camera_location_viewpoint,Camera viewpoint,diverse_train,5,0,camera_extreme_ood_eval,extreme_ood_eval,150,1,4,10,54,0.006666666666666667,0.02666666666666667,0.06666666666666667,0.36,0.06485052675008773,0.2617035837968191,400.0,results/partial_resnet18_bc_128px_v1/metrics/ood/metrics__partial_resnet18_bc_128__camera_multi_pose__budget005__seed000__eval_camera_extreme_ood_eval.json,6.485052675008774,26.170358379681907
partial_resnet18,Partial ResNet-18,ood,partial_resnet18_bc_128,camera_multi_pose,reach,Reach,camera_location_viewpoint,Camera viewpoint,diverse_train,5,1,camera_extreme_ood_eval,extreme_ood_eval,150,2,6,18,79,0.013333333333333334,0.04,0.12,0.5266666666666666,0.048487832291672625,0.17559361096471549,400.0,results/partial_resnet18_bc_128px_v1/metrics/ood/metrics__partial_resnet18_bc_128__camera_multi_pose__budget005__seed001__eval_camera_extreme_ood_eval.json,4.848783229167262,17.559361096471548
partial_resnet18,Partial ResNet-18,ood,partial_resnet18_bc_128,camera_multi_pose,reach,Reach,camera_location_viewpoint,Camera viewpoint,diverse_train,5,2,camera_extreme_ood_eval,extreme_ood_eval,150,0,3,9,48,0.0,0.02,0.06,0.32,0.060899663977324964,0.18883283297220865,400.0,results/partial_resnet18_bc_128px_v1/metrics/ood/metrics__partial_resnet18_bc_128__camera_multi_pose__budget005__seed002__eval_camera_extreme_ood_eval.json,6.089966397732496,18.883283297220864
partial_resnet18,Partial ResNet-18,ood,partial_resnet18_bc_128,camera_multi_pose,reach,Reach,camera_location_viewpoint,Camera viewpoint,diverse_train,20,0,camera_extreme_ood_eval,extreme_ood_eval,150,0,1,6,84,0.0,0.006666666666666667,0.04,0.56,0.04876881647234162,0.2385031679024299,400.0,results/partial_resnet18_bc_128px_v1/metrics/ood/metrics__partial_resnet18_bc_128__camera_multi_pose__budget020__seed000__eval_camera_extreme_ood_eval.json,4.876881647234161,23.85031679024299
partial_resnet18,Partial ResNet-18,ood,partial_resnet18_bc_128,camera_multi_pose,reach,Reach,camera_location_viewpoint,Camera viewpoint,diverse_train,20,1,camera_extreme_ood_eval,extreme_ood_eval,150,7,12,15,39,0.04666666666666667,0.08,0.1,0.26,0.06714892637450248,0.2340144337636108,400.0,results/partial_resnet18_bc_128px_v1/metrics/ood/metrics__partial_resnet18_bc_128__camera_multi_pose__budget020__seed001__eval_camera_extreme_ood_eval.json,6.714892637450248,23.40144337636108
partial_resnet18,Partial ResNet-18,ood,partial_resnet18_bc_128,camera_multi_pose,reach,Reach,camera_location_viewpoint,Camera viewpoint,diverse_train,20,2,camera_extreme_ood_eval,extreme_ood_eval,150,0,0,5,58,0.0,0.0,0.03333333333333333,0.38666666666666666,0.05500570766627789,0.2263427623361349,400.0,results/partial_resnet18_bc_128px_v1/metrics/ood/metrics__partial_resnet18_bc_128__camera_multi_pose__budget020__seed002__eval_camera_extreme_ood_eval.json,5.5005707666277885,22.63427623361349
partial_resnet18,Partial ResNet-18,ood,partial_resnet18_bc_128,camera_multi_pose,reach,Reach,camera_location_viewpoint,Camera viewpoint,diverse_train,50,0,camera_extreme_ood_eval,extreme_ood_eval,150,9,43,115,150,0.06,0.2866666666666667,0.7666666666666667,1.0,0.01497675989366447,0.10787497606516505,399.2733333333333,results/partial_resnet18_bc_128px_v1/metrics/ood/metrics__partial_resnet18_bc_128__camera_multi_pose__budget050__seed000__eval_camera_extreme_ood_eval.json,1.497675989366447,10.787497606516505
partial_resnet18,Partial ResNet-18,ood,partial_resnet18_bc_128,camera_multi_pose,reach,Reach,camera_location_viewpoint,Camera viewpoint,diverse_train,50,1,camera_extreme_ood_eval,extreme_ood_eval,150,6,16,58,145,0.04,0.10666666666666667,0.38666666666666666,0.9666666666666667,0.025808619035718343,0.13513352599538242,400.0,results/partial_resnet18_bc_128px_v1/metrics/ood/metrics__partial_resnet18_bc_128__camera_multi_pose__budget050__seed001__eval_camera_extreme_ood_eval.json,2.5808619035718343,13.513352599538242
partial_resnet18,Partial ResNet-18,ood,partial_resnet18_bc_128,camera_multi_pose,reach,Reach,camera_location_viewpoint,Camera viewpoint,diverse_train,50,2,camera_extreme_ood_eval,extreme_ood_eval,150,0,0,1,149,0.0,0.0,0.006666666666666667,0.9933333333333333,0.03575644720345736,0.2548986758788427,400.0,results/partial_resnet18_bc_128px_v1/metrics/ood/metrics__partial_resnet18_bc_128__camera_multi_pose__budget050__seed002__eval_camera_extreme_ood_eval.json,3.575644720345736,25.48986758788427
partial_resnet18,Partial ResNet-18,ood,partial_resnet18_bc_128,camera_multi_pose,reach,Reach,camera_location_viewpoint,Camera viewpoint,diverse_train,100,0,camera_extreme_ood_eval,extreme_ood_eval,150,46,82,124,137,0.30666666666666664,0.5466666666666666,0.8266666666666667,0.9133333333333333,0.01503493403744263,0.2619810365035664,395.68,results/partial_resnet18_bc_128px_v1/metrics/ood/metrics__partial_resnet18_bc_128__camera_multi_pose__budget100__seed000__eval_camera_extreme_ood_eval.json,1.503493403744263,26.198103650356643
partial_resnet18,Partial ResNet-18,ood,partial_resnet18_bc_128,camera_multi_pose,reach,Reach,camera_location_viewpoint,Camera viewpoint,diverse_train,200,0,camera_extreme_ood_eval,extreme_ood_eval,150,0,0,108,150,0.0,0.0,0.72,1.0,0.019145015602310498,0.19444660231471061,400.0,results/partial_resnet18_bc_128px_v1/metrics/ood/metrics__partial_resnet18_bc_128__camera_multi_pose__budget200__seed000__eval_camera_extreme_ood_eval.json,1.9145015602310498,19.44466023147106
partial_resnet18,Partial ResNet-18,ood,partial_resnet18_bc_128,color_multi,reach,Reach,color,Color,diverse_train,5,0,color_ood_eval,ood_eval,150,0,0,39,80,0.0,0.0,0.26,0.5333333333333333,0.03796633206307888,0.2589345118403435,400.0,results/partial_resnet18_bc_128px_v1/metrics/ood/metrics__partial_resnet18_bc_128__color_multi__budget005__seed000__eval_color_ood_eval.json,3.796633206307888,25.89345118403435
partial_resnet18,Partial ResNet-18,ood,partial_resnet18_bc_128,color_multi,reach,Reach,color,Color,diverse_train,5,1,color_ood_eval,ood_eval,150,0,0,0,150,0.0,0.0,0.0,1.0,0.03796964441736539,0.14102973294754823,400.0,results/partial_resnet18_bc_128px_v1/metrics/ood/metrics__partial_resnet18_bc_128__color_multi__budget005__seed001__eval_color_ood_eval.json,3.796964441736539,14.102973294754822
partial_resnet18,Partial ResNet-18,ood,partial_resnet18_bc_128,color_multi,reach,Reach,color,Color,diverse_train,5,2,color_ood_eval,ood_eval,150,0,0,0,0,0.0,0.0,0.0,0.0,0.08962604473034541,0.32158567289511364,400.0,results/partial_resnet18_bc_128px_v1/metrics/ood/metrics__partial_resnet18_bc_128__color_multi__budget005__seed002__eval_color_ood_eval.json,8.962604473034542,32.15856728951137
partial_resnet18,Partial ResNet-18,ood,partial_resnet18_bc_128,color_multi,reach,Reach,color,Color,diverse_train,20,0,color_ood_eval,ood_eval,150,0,0,0,38,0.0,0.0,0.0,0.25333333333333335,0.05817048378288746,0.271417831381162,400.0,results/partial_resnet18_bc_128px_v1/metrics/ood/metrics__partial_resnet18_bc_128__color_multi__budget020__seed000__eval_color_ood_eval.json,5.817048378288746,27.1417831381162
partial_resnet18,Partial ResNet-18,ood,partial_resnet18_bc_128,color_multi,reach,Reach,color,Color,diverse_train,20,1,color_ood_eval,ood_eval,150,0,0,32,32,0.0,0.0,0.21333333333333335,0.21333333333333335,0.05020898396770159,0.24889624635378518,400.0,results/partial_resnet18_bc_128px_v1/metrics/ood/metrics__partial_resnet18_bc_128__color_multi__budget020__seed001__eval_color_ood_eval.json,5.020898396770159,24.889624635378517
partial_resnet18,Partial ResNet-18,ood,partial_resnet18_bc_128,color_multi,reach,Reach,color,Color,diverse_train,20,2,color_ood_eval,ood_eval,150,0,0,0,150,0.0,0.0,0.0,1.0,0.04151775620877743,0.23015829185644784,400.0,results/partial_resnet18_bc_128px_v1/metrics/ood/metrics__partial_resnet18_bc_128__color_multi__budget020__seed002__eval_color_ood_eval.json,4.151775620877743,23.015829185644783
partial_resnet18,Partial ResNet-18,ood,partial_resnet18_bc_128,color_multi,reach,Reach,color,Color,diverse_train,50,0,color_ood_eval,ood_eval,150,0,0,0,0,0.0,0.0,0.0,0.0,0.057588473334908484,0.25884600698947907,400.0,results/partial_resnet18_bc_128px_v1/metrics/ood/metrics__partial_resnet18_bc_128__color_multi__budget050__seed000__eval_color_ood_eval.json,5.7588473334908485,25.884600698947906
partial_resnet18,Partial ResNet-18,ood,partial_resnet18_bc_128,color_multi,reach,Reach,color,Color,diverse_train,50,1,color_ood_eval,ood_eval,150,0,39,150,150,0.0,0.26,1.0,1.0,0.01247889466273288,0.08512637297312418,400.0,results/partial_resnet18_bc_128px_v1/metrics/ood/metrics__partial_resnet18_bc_128__color_multi__budget050__seed001__eval_color_ood_eval.json,1.247889466273288,8.512637297312418
partial_resnet18,Partial ResNet-18,ood,partial_resnet18_bc_128,color_multi,reach,Reach,color,Color,diverse_train,50,2,color_ood_eval,ood_eval,150,0,0,0,41,0.0,0.0,0.0,0.2733333333333333,0.05583890669047833,0.4312339019775391,400.0,results/partial_resnet18_bc_128px_v1/metrics/ood/metrics__partial_resnet18_bc_128__color_multi__budget050__seed002__eval_color_ood_eval.json,5.5838906690478325,43.123390197753906
partial_resnet18,Partial ResNet-18,ood,partial_resnet18_bc_128,color_multi,reach,Reach,color,Color,diverse_train,100,0,color_ood_eval,ood_eval,150,0,0,0,150,0.0,0.0,0.0,1.0,0.03051937443514665,0.27732838988304137,400.0,results/partial_resnet18_bc_128px_v1/metrics/ood/metrics__partial_resnet18_bc_128__color_multi__budget100__seed000__eval_color_ood_eval.json,3.051937443514665,27.732838988304138
partial_resnet18,Partial ResNet-18,ood,partial_resnet18_bc_128,color_multi,reach,Reach,color,Color,diverse_train,200,0,color_ood_eval,ood_eval,150,150,150,150,150,1.0,1.0,1.0,1.0,0.0031805471408491333,0.025174901659289997,400.0,results/partial_resnet18_bc_128px_v1/metrics/ood/metrics__partial_resnet18_bc_128__color_multi__budget200__seed000__eval_color_ood_eval.json,0.3180547140849133,2.517490165929
partial_resnet18,Partial ResNet-18,ood,partial_resnet18_bc_128,color_red_only,reach,Reach,color,Color,fixed_train,5,0,color_ood_eval,ood_eval,150,0,0,0,73,0.0,0.0,0.0,0.4866666666666667,0.06079878432055314,0.2611033250888189,400.0,results/partial_resnet18_bc_128px_v1/metrics/ood/metrics__partial_resnet18_bc_128__color_red_only__budget005__seed000__eval_color_ood_eval.json,6.079878432055314,26.11033250888189
partial_resnet18,Partial ResNet-18,ood,partial_resnet18_bc_128,color_red_only,reach,Reach,color,Color,fixed_train,5,1,color_ood_eval,ood_eval,150,0,0,0,0,0.0,0.0,0.0,0.0,0.09977484891812007,0.30059338370958966,400.0,results/partial_resnet18_bc_128px_v1/metrics/ood/metrics__partial_resnet18_bc_128__color_red_only__budget005__seed001__eval_color_ood_eval.json,9.977484891812006,30.059338370958965
partial_resnet18,Partial ResNet-18,ood,partial_resnet18_bc_128,color_red_only,reach,Reach,color,Color,fixed_train,5,2,color_ood_eval,ood_eval,150,0,0,0,41,0.0,0.0,0.0,0.2733333333333333,0.07140801166494687,0.2904713700215022,400.0,results/partial_resnet18_bc_128px_v1/metrics/ood/metrics__partial_resnet18_bc_128__color_red_only__budget005__seed002__eval_color_ood_eval.json,7.140801166494687,29.04713700215022
partial_resnet18,Partial ResNet-18,ood,partial_resnet18_bc_128,color_red_only,reach,Reach,color,Color,fixed_train,20,0,color_ood_eval,ood_eval,150,0,0,0,0,0.0,0.0,0.0,0.0,0.06571838162839412,0.34108533104260763,400.0,results/partial_resnet18_bc_128px_v1/metrics/ood/metrics__partial_resnet18_bc_128__color_red_only__budget020__seed000__eval_color_ood_eval.json,6.571838162839412,34.108533104260765
partial_resnet18,Partial ResNet-18,ood,partial_resnet18_bc_128,color_red_only,reach,Reach,color,Color,fixed_train,20,1,color_ood_eval,ood_eval,150,0,0,0,70,0.0,0.0,0.0,0.4666666666666667,0.08137089570363362,0.34234570066134135,400.0,results/partial_resnet18_bc_128px_v1/metrics/ood/metrics__partial_resnet18_bc_128__color_red_only__budget020__seed001__eval_color_ood_eval.json,8.137089570363361,34.23457006613413
partial_resnet18,Partial ResNet-18,ood,partial_resnet18_bc_128,color_red_only,reach,Reach,color,Color,fixed_train,20,2,color_ood_eval,ood_eval,150,0,0,0,112,0.0,0.0,0.0,0.7466666666666667,0.04547605400284131,0.2248334155480067,400.0,results/partial_resnet18_bc_128px_v1/metrics/ood/metrics__partial_resnet18_bc_128__color_red_only__budget020__seed002__eval_color_ood_eval.json,4.547605400284131,22.48334155480067
partial_resnet18,Partial ResNet-18,ood,partial_resnet18_bc_128,color_red_only,reach,Reach,color,Color,fixed_train,50,0,color_ood_eval,ood_eval,150,0,0,0,0,0.0,0.0,0.0,0.0,0.07138858591516813,0.12698171506325404,400.0,results/partial_resnet18_bc_128px_v1/metrics/ood/metrics__partial_resnet18_bc_128__color_red_only__budget050__seed000__eval_color_ood_eval.json,7.138858591516812,12.698171506325403
partial_resnet18,Partial ResNet-18,ood,partial_resnet18_bc_128,color_red_only,reach,Reach,color,Color,fixed_train,50,1,color_ood_eval,ood_eval,150,0,0,38,38,0.0,0.0,0.25333333333333335,0.25333333333333335,0.05646742042154074,0.3147979817787806,400.0,results/partial_resnet18_bc_128px_v1/metrics/ood/metrics__partial_resnet18_bc_128__color_red_only__budget050__seed001__eval_color_ood_eval.json,5.646742042154074,31.47979817787806
partial_resnet18,Partial ResNet-18,ood,partial_resnet18_bc_128,color_red_only,reach,Reach,color,Color,fixed_train,50,2,color_ood_eval,ood_eval,150,0,0,32,150,0.0,0.0,0.21333333333333335,1.0,0.03415258266031742,0.2507052387793859,400.0,results/partial_resnet18_bc_128px_v1/metrics/ood/metrics__partial_resnet18_bc_128__color_red_only__budget050__seed002__eval_color_ood_eval.json,3.415258266031742,25.070523877938587
partial_resnet18,Partial ResNet-18,ood,partial_resnet18_bc_128,color_red_only,reach,Reach,color,Color,fixed_train,100,0,color_ood_eval,ood_eval,150,0,0,73,150,0.0,0.0,0.4866666666666667,1.0,0.019051956404000522,0.03238762198636929,400.0,results/partial_resnet18_bc_128px_v1/metrics/ood/metrics__partial_resnet18_bc_128__color_red_only__budget100__seed000__eval_color_ood_eval.json,1.9051956404000523,3.238762198636929
partial_resnet18,Partial ResNet-18,ood,partial_resnet18_bc_128,color_red_only,reach,Reach,color,Color,fixed_train,200,0,color_ood_eval,ood_eval,150,32,112,112,150,0.21333333333333335,0.7466666666666667,0.7466666666666667,1.0,0.012567217561105888,0.07585340965539217,400.0,results/partial_resnet18_bc_128px_v1/metrics/ood/metrics__partial_resnet18_bc_128__color_red_only__budget200__seed000__eval_color_ood_eval.json,1.2567217561105888,7.585340965539217
partial_resnet18,Partial ResNet-18,ood,partial_resnet18_bc_128,lighting_diverse,reach,Reach,lighting_direction_intensity,Lighting,diverse_train,5,0,lighting_extreme_ood_eval,extreme_ood_eval,150,0,0,34,122,0.0,0.0,0.22666666666666666,0.8133333333333334,0.035464823668201764,0.19130654993156593,400.0,results/partial_resnet18_bc_128px_v1/metrics/ood/metrics__partial_resnet18_bc_128__lighting_diverse__budget005__seed000__eval_lighting_extreme_ood_eval.json,3.5464823668201766,19.130654993156593
partial_resnet18,Partial ResNet-18,ood,partial_resnet18_bc_128,lighting_diverse,reach,Reach,lighting_direction_intensity,Lighting,diverse_train,5,1,lighting_extreme_ood_eval,extreme_ood_eval,150,0,0,0,0,0.0,0.0,0.0,0.0,0.14338620762030282,0.32066782474517824,400.0,results/partial_resnet18_bc_128px_v1/metrics/ood/metrics__partial_resnet18_bc_128__lighting_diverse__budget005__seed001__eval_lighting_extreme_ood_eval.json,14.338620762030283,32.06678247451782
partial_resnet18,Partial ResNet-18,ood,partial_resnet18_bc_128,lighting_diverse,reach,Reach,lighting_direction_intensity,Lighting,diverse_train,5,2,lighting_extreme_ood_eval,extreme_ood_eval,150,0,0,0,40,0.0,0.0,0.0,0.26666666666666666,0.07009302298227946,0.18278153161207836,400.0,results/partial_resnet18_bc_128px_v1/metrics/ood/metrics__partial_resnet18_bc_128__lighting_diverse__budget005__seed002__eval_lighting_extreme_ood_eval.json,7.009302298227945,18.278153161207836
partial_resnet18,Partial ResNet-18,ood,partial_resnet18_bc_128,lighting_diverse,reach,Reach,lighting_direction_intensity,Lighting,diverse_train,20,0,lighting_extreme_ood_eval,extreme_ood_eval,150,0,40,40,74,0.0,0.26666666666666666,0.26666666666666666,0.49333333333333335,0.05840612431367238,0.26819875061511994,400.0,results/partial_resnet18_bc_128px_v1/metrics/ood/metrics__partial_resnet18_bc_128__lighting_diverse__budget020__seed000__eval_lighting_extreme_ood_eval.json,5.840612431367238,26.819875061511993
partial_resnet18,Partial ResNet-18,ood,partial_resnet18_bc_128,lighting_diverse,reach,Reach,lighting_direction_intensity,Lighting,diverse_train,20,1,lighting_extreme_ood_eval,extreme_ood_eval,150,0,0,34,62,0.0,0.0,0.22666666666666666,0.41333333333333333,0.09516977292795976,0.23749309475223224,400.0,results/partial_resnet18_bc_128px_v1/metrics/ood/metrics__partial_resnet18_bc_128__lighting_diverse__budget020__seed001__eval_lighting_extreme_ood_eval.json,9.516977292795977,23.749309475223225
partial_resnet18,Partial ResNet-18,ood,partial_resnet18_bc_128,lighting_diverse,reach,Reach,lighting_direction_intensity,Lighting,diverse_train,20,2,lighting_extreme_ood_eval,extreme_ood_eval,150,0,0,28,150,0.0,0.0,0.18666666666666668,1.0,0.026464792862534524,0.24184928327798844,400.0,results/partial_resnet18_bc_128px_v1/metrics/ood/metrics__partial_resnet18_bc_128__lighting_diverse__budget020__seed002__eval_lighting_extreme_ood_eval.json,2.6464792862534523,24.184928327798843
partial_resnet18,Partial ResNet-18,ood,partial_resnet18_bc_128,lighting_diverse,reach,Reach,lighting_direction_intensity,Lighting,diverse_train,50,0,lighting_extreme_ood_eval,extreme_ood_eval,150,0,0,0,102,0.0,0.0,0.0,0.68,0.04060470615824063,0.22289619386196136,400.0,results/partial_resnet18_bc_128px_v1/metrics/ood/metrics__partial_resnet18_bc_128__lighting_diverse__budget050__seed000__eval_lighting_extreme_ood_eval.json,4.060470615824063,22.289619386196136
partial_resnet18,Partial ResNet-18,ood,partial_resnet18_bc_128,lighting_diverse,reach,Reach,lighting_direction_intensity,Lighting,diverse_train,50,1,lighting_extreme_ood_eval,extreme_ood_eval,150,0,0,0,34,0.0,0.0,0.0,0.22666666666666666,0.0637581500907739,0.25384667456150056,400.0,results/partial_resnet18_bc_128px_v1/metrics/ood/metrics__partial_resnet18_bc_128__lighting_diverse__budget050__seed001__eval_lighting_extreme_ood_eval.json,6.375815009077391,25.384667456150055
partial_resnet18,Partial ResNet-18,ood,partial_resnet18_bc_128,lighting_diverse,reach,Reach,lighting_direction_intensity,Lighting,diverse_train,50,2,lighting_extreme_ood_eval,extreme_ood_eval,150,0,0,48,150,0.0,0.0,0.32,1.0,0.02415125658114751,0.27518239458402,400.0,results/partial_resnet18_bc_128px_v1/metrics/ood/metrics__partial_resnet18_bc_128__lighting_diverse__budget050__seed002__eval_lighting_extreme_ood_eval.json,2.4151256581147513,27.518239458402
partial_resnet18,Partial ResNet-18,ood,partial_resnet18_bc_128,lighting_diverse,reach,Reach,lighting_direction_intensity,Lighting,diverse_train,100,0,lighting_extreme_ood_eval,extreme_ood_eval,150,0,102,150,150,0.0,0.68,1.0,1.0,0.00921901512891054,0.04023844679196675,400.0,results/partial_resnet18_bc_128px_v1/metrics/ood/metrics__partial_resnet18_bc_128__lighting_diverse__budget100__seed000__eval_lighting_extreme_ood_eval.json,0.921901512891054,4.023844679196675
partial_resnet18,Partial ResNet-18,ood,partial_resnet18_bc_128,lighting_diverse,reach,Reach,lighting_direction_intensity,Lighting,diverse_train,200,0,lighting_extreme_ood_eval,extreme_ood_eval,150,110,150,150,150,0.7333333333333333,1.0,1.0,1.0,0.00364177697027723,0.04031104778250059,400.0,results/partial_resnet18_bc_128px_v1/metrics/ood/metrics__partial_resnet18_bc_128__lighting_diverse__budget200__seed000__eval_lighting_extreme_ood_eval.json,0.364177697027723,4.031104778250059
partial_resnet18,Partial ResNet-18,ood,partial_resnet18_bc_128,lighting_fixed,reach,Reach,lighting_direction_intensity,Lighting,fixed_train,5,0,lighting_extreme_ood_eval,extreme_ood_eval,150,0,0,40,122,0.0,0.0,0.26666666666666666,0.8133333333333334,0.039343035345276195,0.20984013001124063,400.0,results/partial_resnet18_bc_128px_v1/metrics/ood/metrics__partial_resnet18_bc_128__lighting_fixed__budget005__seed000__eval_lighting_extreme_ood_eval.json,3.9343035345276194,20.98401300112406
partial_resnet18,Partial ResNet-18,ood,partial_resnet18_bc_128,lighting_fixed,reach,Reach,lighting_direction_intensity,Lighting,fixed_train,5,1,lighting_extreme_ood_eval,extreme_ood_eval,150,0,0,0,62,0.0,0.0,0.0,0.41333333333333333,0.17466165627042451,0.598327792485555,400.0,results/partial_resnet18_bc_128px_v1/metrics/ood/metrics__partial_resnet18_bc_128__lighting_fixed__budget005__seed001__eval_lighting_extreme_ood_eval.json,17.46616562704245,59.832779248555504
partial_resnet18,Partial ResNet-18,ood,partial_resnet18_bc_128,lighting_fixed,reach,Reach,lighting_direction_intensity,Lighting,fixed_train,5,2,lighting_extreme_ood_eval,extreme_ood_eval,150,0,0,0,34,0.0,0.0,0.0,0.22666666666666666,0.06816663439075152,0.21782758583625159,400.0,results/partial_resnet18_bc_128px_v1/metrics/ood/metrics__partial_resnet18_bc_128__lighting_fixed__budget005__seed002__eval_lighting_extreme_ood_eval.json,6.8166634390751515,21.78275858362516
partial_resnet18,Partial ResNet-18,ood,partial_resnet18_bc_128,lighting_fixed,reach,Reach,lighting_direction_intensity,Lighting,fixed_train,20,0,lighting_extreme_ood_eval,extreme_ood_eval,150,0,0,0,62,0.0,0.0,0.0,0.41333333333333333,0.06207451298832893,0.32778066873550415,400.0,results/partial_resnet18_bc_128px_v1/metrics/ood/metrics__partial_resnet18_bc_128__lighting_fixed__budget020__seed000__eval_lighting_extreme_ood_eval.json,6.207451298832893,32.778066873550415
partial_resnet18,Partial ResNet-18,ood,partial_resnet18_bc_128,lighting_fixed,reach,Reach,lighting_direction_intensity,Lighting,fixed_train,20,1,lighting_extreme_ood_eval,extreme_ood_eval,150,0,0,0,0,0.0,0.0,0.0,0.0,0.17624100704987844,0.8506494919459026,400.0,results/partial_resnet18_bc_128px_v1/metrics/ood/metrics__partial_resnet18_bc_128__lighting_fixed__budget020__seed001__eval_lighting_extreme_ood_eval.json,17.624100704987843,85.06494919459026
partial_resnet18,Partial ResNet-18,ood,partial_resnet18_bc_128,lighting_fixed,reach,Reach,lighting_direction_intensity,Lighting,fixed_train,20,2,lighting_extreme_ood_eval,extreme_ood_eval,150,0,0,0,76,0.0,0.0,0.0,0.5066666666666667,0.05254444887240728,0.2014501827955246,400.0,results/partial_resnet18_bc_128px_v1/metrics/ood/metrics__partial_resnet18_bc_128__lighting_fixed__budget020__seed002__eval_lighting_extreme_ood_eval.json,5.254444887240728,20.14501827955246
partial_resnet18,Partial ResNet-18,ood,partial_resnet18_bc_128,lighting_fixed,reach,Reach,lighting_direction_intensity,Lighting,fixed_train,50,0,lighting_extreme_ood_eval,extreme_ood_eval,150,0,0,0,62,0.0,0.0,0.0,0.41333333333333333,0.09311484153072039,0.2899290972948074,400.0,results/partial_resnet18_bc_128px_v1/metrics/ood/metrics__partial_resnet18_bc_128__lighting_fixed__budget050__seed000__eval_lighting_extreme_ood_eval.json,9.311484153072039,28.992909729480743
partial_resnet18,Partial ResNet-18,ood,partial_resnet18_bc_128,lighting_fixed,reach,Reach,lighting_direction_intensity,Lighting,fixed_train,50,1,lighting_extreme_ood_eval,extreme_ood_eval,150,0,0,0,0,0.0,0.0,0.0,0.0,0.14374768406152724,0.5622015452384949,400.0,results/partial_resnet18_bc_128px_v1/metrics/ood/metrics__partial_resnet18_bc_128__lighting_fixed__budget050__seed001__eval_lighting_extreme_ood_eval.json,14.374768406152723,56.22015452384949
partial_resnet18,Partial ResNet-18,ood,partial_resnet18_bc_128,lighting_fixed,reach,Reach,lighting_direction_intensity,Lighting,fixed_train,50,2,lighting_extreme_ood_eval,extreme_ood_eval,150,0,34,34,150,0.0,0.22666666666666666,0.22666666666666666,1.0,0.032169284907480084,0.22200422873099646,400.0,results/partial_resnet18_bc_128px_v1/metrics/ood/metrics__partial_resnet18_bc_128__lighting_fixed__budget050__seed002__eval_lighting_extreme_ood_eval.json,3.2169284907480082,22.200422873099647
partial_resnet18,Partial ResNet-18,ood,partial_resnet18_bc_128,lighting_fixed,reach,Reach,lighting_direction_intensity,Lighting,fixed_train,100,0,lighting_extreme_ood_eval,extreme_ood_eval,150,0,0,0,62,0.0,0.0,0.0,0.41333333333333333,0.04907756673792998,0.23722972095012665,400.0,results/partial_resnet18_bc_128px_v1/metrics/ood/metrics__partial_resnet18_bc_128__lighting_fixed__budget100__seed000__eval_lighting_extreme_ood_eval.json,4.907756673792997,23.722972095012665
partial_resnet18,Partial ResNet-18,ood,partial_resnet18_bc_128,lighting_fixed,reach,Reach,lighting_direction_intensity,Lighting,fixed_train,200,0,lighting_extreme_ood_eval,extreme_ood_eval,150,0,0,74,150,0.0,0.0,0.49333333333333335,1.0,0.0231708208968242,0.12392185111840566,400.0,results/partial_resnet18_bc_128px_v1/metrics/ood/metrics__partial_resnet18_bc_128__lighting_fixed__budget200__seed000__eval_lighting_extreme_ood_eval.json,2.31708208968242,12.392185111840567
partial_resnet18,Partial ResNet-18,ood,partial_resnet18_bc_128,spatial_narrow,reach,Reach,spatial_distribution,Spatial distribution,narrow_train,5,0,spatial_edge_ood_eval,edge_ood_eval,150,0,0,1,12,0.0,0.0,0.006666666666666667,0.08,0.15634469502295056,0.2869084376531343,400.0,results/partial_resnet18_bc_128px_v1/metrics/ood/metrics__partial_resnet18_bc_128__spatial_narrow__budget005__seed000__eval_spatial_edge_ood_eval.json,15.634469502295056,28.690843765313428
partial_resnet18,Partial ResNet-18,ood,partial_resnet18_bc_128,spatial_narrow,reach,Reach,spatial_distribution,Spatial distribution,narrow_train,5,1,spatial_edge_ood_eval,edge_ood_eval,150,0,0,8,16,0.0,0.0,0.05333333333333334,0.10666666666666667,0.1216950131393969,0.2610430399266382,400.0,results/partial_resnet18_bc_128px_v1/metrics/ood/metrics__partial_resnet18_bc_128__spatial_narrow__budget005__seed001__eval_spatial_edge_ood_eval.json,12.16950131393969,26.10430399266382
partial_resnet18,Partial ResNet-18,ood,partial_resnet18_bc_128,spatial_narrow,reach,Reach,spatial_distribution,Spatial distribution,narrow_train,5,2,spatial_edge_ood_eval,edge_ood_eval,150,0,2,4,16,0.0,0.013333333333333334,0.02666666666666667,0.10666666666666667,0.13646832249127328,0.2629253602027893,400.0,results/partial_resnet18_bc_128px_v1/metrics/ood/metrics__partial_resnet18_bc_128__spatial_narrow__budget005__seed002__eval_spatial_edge_ood_eval.json,13.646832249127328,26.292536020278927
partial_resnet18,Partial ResNet-18,ood,partial_resnet18_bc_128,spatial_narrow,reach,Reach,spatial_distribution,Spatial distribution,narrow_train,20,0,spatial_edge_ood_eval,edge_ood_eval,150,0,1,2,23,0.0,0.006666666666666667,0.013333333333333334,0.15333333333333332,0.11094387851655484,0.20969398390501737,400.0,results/partial_resnet18_bc_128px_v1/metrics/ood/metrics__partial_resnet18_bc_128__spatial_narrow__budget020__seed000__eval_spatial_edge_ood_eval.json,11.094387851655483,20.969398390501738
partial_resnet18,Partial ResNet-18,ood,partial_resnet18_bc_128,spatial_narrow,reach,Reach,spatial_distribution,Spatial distribution,narrow_train,20,1,spatial_edge_ood_eval,edge_ood_eval,150,1,2,12,39,0.006666666666666667,0.013333333333333334,0.08,0.26,0.09775928303754577,0.18871705025434493,400.0,results/partial_resnet18_bc_128px_v1/metrics/ood/metrics__partial_resnet18_bc_128__spatial_narrow__budget020__seed001__eval_spatial_edge_ood_eval.json,9.775928303754577,18.871705025434494
partial_resnet18,Partial ResNet-18,ood,partial_resnet18_bc_128,spatial_narrow,reach,Reach,spatial_distribution,Spatial distribution,narrow_train,20,2,spatial_edge_ood_eval,edge_ood_eval,150,0,3,5,21,0.0,0.02,0.03333333333333333,0.14,0.12715213370199005,0.26013224403063456,400.0,results/partial_resnet18_bc_128px_v1/metrics/ood/metrics__partial_resnet18_bc_128__spatial_narrow__budget020__seed002__eval_spatial_edge_ood_eval.json,12.715213370199004,26.013224403063457
partial_resnet18,Partial ResNet-18,ood,partial_resnet18_bc_128,spatial_narrow,reach,Reach,spatial_distribution,Spatial distribution,narrow_train,50,0,spatial_edge_ood_eval,edge_ood_eval,150,5,6,14,39,0.03333333333333333,0.04,0.09333333333333334,0.26,0.08993224134009022,0.1555377197882626,399.1333333333333,results/partial_resnet18_bc_128px_v1/metrics/ood/metrics__partial_resnet18_bc_128__spatial_narrow__budget050__seed000__eval_spatial_edge_ood_eval.json,8.993224134009022,15.553771978826262
partial_resnet18,Partial ResNet-18,ood,partial_resnet18_bc_128,spatial_narrow,reach,Reach,spatial_distribution,Spatial distribution,narrow_train,50,1,spatial_edge_ood_eval,edge_ood_eval,150,0,3,16,34,0.0,0.02,0.10666666666666667,0.22666666666666666,0.10071475400589407,0.15403495729590455,400.0,results/partial_resnet18_bc_128px_v1/metrics/ood/metrics__partial_resnet18_bc_128__spatial_narrow__budget050__seed001__eval_spatial_edge_ood_eval.json,10.071475400589406,15.403495729590455
partial_resnet18,Partial ResNet-18,ood,partial_resnet18_bc_128,spatial_narrow,reach,Reach,spatial_distribution,Spatial distribution,narrow_train,50,2,spatial_edge_ood_eval,edge_ood_eval,150,0,1,5,25,0.0,0.006666666666666667,0.03333333333333333,0.16666666666666666,0.108852949483941,0.23499524583419165,400.0,results/partial_resnet18_bc_128px_v1/metrics/ood/metrics__partial_resnet18_bc_128__spatial_narrow__budget050__seed002__eval_spatial_edge_ood_eval.json,10.885294948394101,23.499524583419166
partial_resnet18,Partial ResNet-18,ood,partial_resnet18_bc_128,spatial_narrow,reach,Reach,spatial_distribution,Spatial distribution,narrow_train,100,0,spatial_edge_ood_eval,edge_ood_eval,150,1,4,14,37,0.006666666666666667,0.02666666666666667,0.09333333333333334,0.24666666666666667,0.08614462979448338,0.2284676270186901,400.0,results/partial_resnet18_bc_128px_v1/metrics/ood/metrics__partial_resnet18_bc_128__spatial_narrow__budget100__seed000__eval_spatial_edge_ood_eval.json,8.614462979448339,22.84676270186901
partial_resnet18,Partial ResNet-18,ood,partial_resnet18_bc_128,spatial_narrow,reach,Reach,spatial_distribution,Spatial distribution,narrow_train,200,0,spatial_edge_ood_eval,edge_ood_eval,150,4,9,25,59,0.02666666666666667,0.06,0.16666666666666666,0.3933333333333333,0.08073353756840031,0.10863813402441641,400.0,results/partial_resnet18_bc_128px_v1/metrics/ood/metrics__partial_resnet18_bc_128__spatial_narrow__budget200__seed000__eval_spatial_edge_ood_eval.json,8.073353756840032,10.863813402441641
partial_resnet18,Partial ResNet-18,ood,partial_resnet18_bc_128,spatial_wide,reach,Reach,spatial_distribution,Spatial distribution,wide_train,5,0,spatial_edge_ood_eval,edge_ood_eval,150,0,0,6,19,0.0,0.0,0.04,0.12666666666666668,0.12588532318671544,0.24642370882133643,400.0,results/partial_resnet18_bc_128px_v1/metrics/ood/metrics__partial_resnet18_bc_128__spatial_wide__budget005__seed000__eval_spatial_edge_ood_eval.json,12.588532318671545,24.642370882133644
partial_resnet18,Partial ResNet-18,ood,partial_resnet18_bc_128,spatial_wide,reach,Reach,spatial_distribution,Spatial distribution,wide_train,5,1,spatial_edge_ood_eval,edge_ood_eval,150,0,0,1,14,0.0,0.0,0.006666666666666667,0.09333333333333334,0.13857695200790962,0.3623345251878103,400.0,results/partial_resnet18_bc_128px_v1/metrics/ood/metrics__partial_resnet18_bc_128__spatial_wide__budget005__seed001__eval_spatial_edge_ood_eval.json,13.857695200790962,36.23345251878103
partial_resnet18,Partial ResNet-18,ood,partial_resnet18_bc_128,spatial_wide,reach,Reach,spatial_distribution,Spatial distribution,wide_train,5,2,spatial_edge_ood_eval,edge_ood_eval,150,0,3,11,28,0.0,0.02,0.07333333333333333,0.18666666666666668,0.1171121141128242,0.2419546663761139,400.0,results/partial_resnet18_bc_128px_v1/metrics/ood/metrics__partial_resnet18_bc_128__spatial_wide__budget005__seed002__eval_spatial_edge_ood_eval.json,11.71121141128242,24.19546663761139
partial_resnet18,Partial ResNet-18,ood,partial_resnet18_bc_128,spatial_wide,reach,Reach,spatial_distribution,Spatial distribution,wide_train,20,0,spatial_edge_ood_eval,edge_ood_eval,150,0,2,18,43,0.0,0.013333333333333334,0.12,0.2866666666666667,0.10783986378461123,0.24462157535677154,400.0,results/partial_resnet18_bc_128px_v1/metrics/ood/metrics__partial_resnet18_bc_128__spatial_wide__budget020__seed000__eval_spatial_edge_ood_eval.json,10.783986378461123,24.462157535677154
partial_resnet18,Partial ResNet-18,ood,partial_resnet18_bc_128,spatial_wide,reach,Reach,spatial_distribution,Spatial distribution,wide_train,20,1,spatial_edge_ood_eval,edge_ood_eval,150,0,0,1,20,0.0,0.0,0.006666666666666667,0.13333333333333333,0.09737227843453487,0.23278067576388517,400.0,results/partial_resnet18_bc_128px_v1/metrics/ood/metrics__partial_resnet18_bc_128__spatial_wide__budget020__seed001__eval_spatial_edge_ood_eval.json,9.737227843453487,23.278067576388516
partial_resnet18,Partial ResNet-18,ood,partial_resnet18_bc_128,spatial_wide,reach,Reach,spatial_distribution,Spatial distribution,wide_train,20,2,spatial_edge_ood_eval,edge_ood_eval,150,0,2,15,38,0.0,0.013333333333333334,0.1,0.25333333333333335,0.10960552087674538,0.18258471018945177,400.0,results/partial_resnet18_bc_128px_v1/metrics/ood/metrics__partial_resnet18_bc_128__spatial_wide__budget020__seed002__eval_spatial_edge_ood_eval.json,10.960552087674538,18.258471018945176
partial_resnet18,Partial ResNet-18,ood,partial_resnet18_bc_128,spatial_wide,reach,Reach,spatial_distribution,Spatial distribution,wide_train,50,0,spatial_edge_ood_eval,edge_ood_eval,150,1,6,25,69,0.006666666666666667,0.04,0.16666666666666666,0.46,0.05912322215580692,0.1430941319776078,400.0,results/partial_resnet18_bc_128px_v1/metrics/ood/metrics__partial_resnet18_bc_128__spatial_wide__budget050__seed000__eval_spatial_edge_ood_eval.json,5.912322215580692,14.309413197760781
partial_resnet18,Partial ResNet-18,ood,partial_resnet18_bc_128,spatial_wide,reach,Reach,spatial_distribution,Spatial distribution,wide_train,50,1,spatial_edge_ood_eval,edge_ood_eval,150,0,1,31,81,0.0,0.006666666666666667,0.20666666666666667,0.54,0.056508028289924066,0.09821673224369686,400.0,results/partial_resnet18_bc_128px_v1/metrics/ood/metrics__partial_resnet18_bc_128__spatial_wide__budget050__seed001__eval_spatial_edge_ood_eval.json,5.650802828992407,9.821673224369686
partial_resnet18,Partial ResNet-18,ood,partial_resnet18_bc_128,spatial_wide,reach,Reach,spatial_distribution,Spatial distribution,wide_train,50,2,spatial_edge_ood_eval,edge_ood_eval,150,3,8,32,79,0.02,0.05333333333333334,0.21333333333333335,0.5266666666666666,0.05296536206267774,0.09576062019293508,400.0,results/partial_resnet18_bc_128px_v1/metrics/ood/metrics__partial_resnet18_bc_128__spatial_wide__budget050__seed002__eval_spatial_edge_ood_eval.json,5.296536206267774,9.576062019293508
partial_resnet18,Partial ResNet-18,ood,partial_resnet18_bc_128,spatial_wide,reach,Reach,spatial_distribution,Spatial distribution,wide_train,100,0,spatial_edge_ood_eval,edge_ood_eval,150,2,7,36,80,0.013333333333333334,0.04666666666666667,0.24,0.5333333333333333,0.05169860580082362,0.10936722102963055,400.0,results/partial_resnet18_bc_128px_v1/metrics/ood/metrics__partial_resnet18_bc_128__spatial_wide__budget100__seed000__eval_spatial_edge_ood_eval.json,5.169860580082362,10.936722102963055
partial_resnet18,Partial ResNet-18,ood,partial_resnet18_bc_128,spatial_wide,reach,Reach,spatial_distribution,Spatial distribution,wide_train,200,0,spatial_edge_ood_eval,edge_ood_eval,150,4,26,65,111,0.02666666666666667,0.17333333333333334,0.43333333333333335,0.74,0.03480780072355022,0.07628262199927122,400.0,results/partial_resnet18_bc_128px_v1/metrics/ood/metrics__partial_resnet18_bc_128__spatial_wide__budget200__seed000__eval_spatial_edge_ood_eval.json,3.4807800723550217,7.628262199927121
