family,family_label,split,task,task_label,axis,axis_label,train_config,variant,budget,metric_file_count,rollout_count,seed_count,train_config_count,success_at_0p5cm_count,success_at_0p5cm,success_at_0p5cm_pct,success_at_1cm_count,success_at_1cm,success_at_1cm_pct,success_at_2cm_count,success_at_2cm,success_at_2cm_pct,success_at_5cm_count,success_at_5cm,success_at_5cm_pct,nearest_distance_m,nearest_distance_m_file_mean,nearest_distance_m_file_std,nearest_distance_m_file_ci95,end_distance_m,end_distance_m_file_mean,end_distance_m_file_std,end_distance_m_file_ci95,mean_steps,mean_steps_file_mean,mean_steps_file_std,mean_steps_file_ci95,nearest_distance_cm,end_distance_cm
frozen_resnet18,Frozen ResNet-18,id,avoid_reach,Obstacle-aware reach,camera_location_viewpoint,Camera viewpoint,avoid_camera_fixed,fixed_train,5,3,450,3,1,0,0.0,0.0,0,0.0,0.0,0,0.0,0.0,150,0.3333333333333333,33.33333333333333,0.05947112167874972,0.05947112167874972,0.02318692787609997,0.026238478939855644,0.15592501560846964,0.15592501560846964,0.053285532778445666,0.060298256719354536,400.0,400.0,0.0,0.0,5.947112167874971,15.592501560846964
frozen_resnet18,Frozen ResNet-18,id,avoid_reach,Obstacle-aware reach,camera_location_viewpoint,Camera viewpoint,avoid_camera_fixed,fixed_train,20,3,450,3,1,0,0.0,0.0,0,0.0,0.0,0,0.0,0.0,450,1.0,100.0,0.0351144274075826,0.0351144274075826,0.0031883845072070032,0.003607996720891352,0.10864807044466336,0.10864807044466336,0.04606999323305669,0.05213310506955225,400.0,400.0,0.0,0.0,3.5114427407582602,10.864807044466335
frozen_resnet18,Frozen ResNet-18,id,avoid_reach,Obstacle-aware reach,camera_location_viewpoint,Camera viewpoint,avoid_camera_fixed,fixed_train,50,3,450,3,1,0,0.0,0.0,0,0.0,0.0,0,0.0,0.0,450,1.0,100.0,0.038827523589134216,0.038827523589134216,0.0027319390654298795,0.0030914800794777674,0.15050635611017546,0.15050635611017546,0.1067669664135484,0.12081819612686694,400.0,400.0,0.0,0.0,3.8827523589134216,15.050635611017546
frozen_resnet18,Frozen ResNet-18,id,avoid_reach,Obstacle-aware reach,camera_location_viewpoint,Camera viewpoint,avoid_camera_fixed,fixed_train,100,1,150,1,1,0,0.0,0.0,0,0.0,0.0,0,0.0,0.0,150,1.0,100.0,0.03772420808672905,0.03772420808672905,0.0,0.0,0.11383550614118576,0.11383550614118576,0.0,0.0,400.0,400.0,0.0,0.0,3.772420808672905,11.383550614118576
frozen_resnet18,Frozen ResNet-18,id,avoid_reach,Obstacle-aware reach,camera_location_viewpoint,Camera viewpoint,avoid_camera_fixed,fixed_train,200,1,150,1,1,0,0.0,0.0,0,0.0,0.0,0,0.0,0.0,150,1.0,100.0,0.04135121777653694,0.04135121777653694,0.0,0.0,0.14060896635055542,0.14060896635055542,0.0,0.0,400.0,400.0,0.0,0.0,4.135121777653694,14.060896635055542
frozen_resnet18,Frozen ResNet-18,id,avoid_reach,Obstacle-aware reach,camera_location_viewpoint,Camera viewpoint,avoid_camera_multi_pose,diverse_train,5,3,450,3,1,0,0.0,0.0,0,0.0,0.0,0,0.0,0.0,180,0.4,40.0,0.056045336036218536,0.056045336036218536,0.005300959259242804,0.005998600100362662,0.11224113654759195,0.11224113654759195,0.05260705447840878,0.05953048624618992,400.0,400.0,0.0,0.0,5.604533603621854,11.224113654759195
frozen_resnet18,Frozen ResNet-18,id,avoid_reach,Obstacle-aware reach,camera_location_viewpoint,Camera viewpoint,avoid_camera_multi_pose,diverse_train,20,3,450,3,1,0,0.0,0.0,0,0.0,0.0,0,0.0,0.0,303,0.6733333333333333,67.33333333333333,0.08769983881877529,0.08769983881877529,0.07659205661875243,0.0866720712329826,0.21858875686095822,0.21858875686095822,0.17340464616014628,0.19622582951301282,400.0,400.0,0.0,0.0,8.769983881877529,21.85887568609582
frozen_resnet18,Frozen ResNet-18,id,avoid_reach,Obstacle-aware reach,camera_location_viewpoint,Camera viewpoint,avoid_camera_multi_pose,diverse_train,50,3,450,3,1,0,0.0,0.0,0,0.0,0.0,0,0.0,0.0,450,1.0,100.0,0.03747376343028413,0.03747376343028413,0.003960746473823409,0.00448200656399346,0.13553506340417598,0.13553506340417598,0.017047934114218906,0.01929155352594373,400.0,400.0,0.0,0.0,3.747376343028413,13.553506340417599
frozen_resnet18,Frozen ResNet-18,id,avoid_reach,Obstacle-aware reach,camera_location_viewpoint,Camera viewpoint,avoid_camera_multi_pose,diverse_train,100,1,150,1,1,0,0.0,0.0,0,0.0,0.0,0,0.0,0.0,150,1.0,100.0,0.04218785134454568,0.04218785134454568,0.0,0.0,0.15926751186450322,0.15926751186450322,0.0,0.0,400.0,400.0,0.0,0.0,4.218785134454568,15.926751186450321
frozen_resnet18,Frozen ResNet-18,id,avoid_reach,Obstacle-aware reach,camera_location_viewpoint,Camera viewpoint,avoid_camera_multi_pose,diverse_train,200,1,150,1,1,0,0.0,0.0,0,0.0,0.0,0,0.0,0.0,150,1.0,100.0,0.038374604980150856,0.038374604980150856,0.0,0.0,0.10949830460051696,0.10949830460051696,0.0,0.0,400.0,400.0,0.0,0.0,3.8374604980150857,10.949830460051697
frozen_resnet18,Frozen ResNet-18,id,avoid_reach,Obstacle-aware reach,color,Color,avoid_color_multi,diverse_train,5,3,450,3,1,0,0.0,0.0,0,0.0,0.0,0,0.0,0.0,409,0.9088888888888889,90.88888888888889,0.05935284234583378,0.059352842345833774,0.023843085472814256,0.026980991159439513,0.12043609377410677,0.12043609377410676,0.06810169771088198,0.07706432567107055,400.0,400.0,0.0,0.0,5.935284234583378,12.043609377410677
frozen_resnet18,Frozen ResNet-18,id,avoid_reach,Obstacle-aware reach,color,Color,avoid_color_multi,diverse_train,20,3,450,3,1,0,0.0,0.0,0,0.0,0.0,0,0.0,0.0,341,0.7577777777777778,75.77777777777777,0.07754510013593567,0.07754510013593567,0.06340691828433144,0.07175168262628899,0.1975535031242503,0.19755350312425032,0.15481666893724194,0.1751915531524773,400.0,400.0,0.0,0.0,7.754510013593567,19.75535031242503
frozen_resnet18,Frozen ResNet-18,id,avoid_reach,Obstacle-aware reach,color,Color,avoid_color_multi,diverse_train,50,3,450,3,1,0,0.0,0.0,0,0.0,0.0,0,0.0,0.0,450,1.0,100.0,0.04135812795824475,0.04135812795824475,0.0009536508702357573,0.0010791575498213294,0.10890363262759314,0.10890363262759316,0.055548839080912356,0.06285942890521047,400.0,400.0,0.0,0.0,4.135812795824475,10.890363262759314
frozen_resnet18,Frozen ResNet-18,id,avoid_reach,Obstacle-aware reach,color,Color,avoid_color_multi,diverse_train,100,1,150,1,1,0,0.0,0.0,0,0.0,0.0,0,0.0,0.0,150,1.0,100.0,0.03722782902419567,0.03722782902419567,0.0,0.0,0.14210176289081575,0.14210176289081575,0.0,0.0,400.0,400.0,0.0,0.0,3.722782902419567,14.210176289081575
frozen_resnet18,Frozen ResNet-18,id,avoid_reach,Obstacle-aware reach,color,Color,avoid_color_multi,diverse_train,200,1,150,1,1,0,0.0,0.0,0,0.0,0.0,0,0.0,0.0,150,1.0,100.0,0.0383701274295648,0.0383701274295648,0.0,0.0,0.1381857427954674,0.1381857427954674,0.0,0.0,400.0,400.0,0.0,0.0,3.8370127429564795,13.81857427954674
frozen_resnet18,Frozen ResNet-18,id,avoid_reach,Obstacle-aware reach,color,Color,avoid_color_red_only,fixed_train,5,3,450,3,1,0,0.0,0.0,0,0.0,0.0,0,0.0,0.0,150,0.3333333333333333,33.33333333333333,0.05947112167874972,0.05947112167874972,0.02318692787609997,0.026238478939855644,0.15592501560846964,0.15592501560846964,0.053285532778445666,0.060298256719354536,400.0,400.0,0.0,0.0,5.947112167874971,15.592501560846964
frozen_resnet18,Frozen ResNet-18,id,avoid_reach,Obstacle-aware reach,color,Color,avoid_color_red_only,fixed_train,20,3,450,3,1,0,0.0,0.0,0,0.0,0.0,0,0.0,0.0,450,1.0,100.0,0.0351144274075826,0.0351144274075826,0.0031883845072070032,0.003607996720891352,0.10864807044466336,0.10864807044466336,0.04606999323305669,0.05213310506955225,400.0,400.0,0.0,0.0,3.5114427407582602,10.864807044466335
frozen_resnet18,Frozen ResNet-18,id,avoid_reach,Obstacle-aware reach,color,Color,avoid_color_red_only,fixed_train,50,3,450,3,1,0,0.0,0.0,0,0.0,0.0,0,0.0,0.0,450,1.0,100.0,0.038827523589134216,0.038827523589134216,0.0027319390654298795,0.0030914800794777674,0.15050635611017546,0.15050635611017546,0.1067669664135484,0.12081819612686694,400.0,400.0,0.0,0.0,3.8827523589134216,15.050635611017546
frozen_resnet18,Frozen ResNet-18,id,avoid_reach,Obstacle-aware reach,color,Color,avoid_color_red_only,fixed_train,100,1,150,1,1,0,0.0,0.0,0,0.0,0.0,0,0.0,0.0,150,1.0,100.0,0.03772420808672905,0.03772420808672905,0.0,0.0,0.11383550614118576,0.11383550614118576,0.0,0.0,400.0,400.0,0.0,0.0,3.772420808672905,11.383550614118576
frozen_resnet18,Frozen ResNet-18,id,avoid_reach,Obstacle-aware reach,color,Color,avoid_color_red_only,fixed_train,200,1,150,1,1,0,0.0,0.0,0,0.0,0.0,0,0.0,0.0,150,1.0,100.0,0.04135121777653694,0.04135121777653694,0.0,0.0,0.14060896635055542,0.14060896635055542,0.0,0.0,400.0,400.0,0.0,0.0,4.135121777653694,14.060896635055542
frozen_resnet18,Frozen ResNet-18,id,avoid_reach,Obstacle-aware reach,lighting_direction_intensity,Lighting,avoid_lighting_diverse,diverse_train,5,3,450,3,1,14,0.03111111111111111,3.111111111111111,52,0.11555555555555555,11.555555555555555,79,0.17555555555555555,17.555555555555554,219,0.4866666666666667,48.66666666666667,0.06266370219488938,0.06266370219488938,0.025309652542706375,0.028640568028909748,0.18311400137013858,0.18311400137013858,0.07923425843227512,0.08966200405243226,400.0,400.0,0.0,0.0,6.266370219488938,18.31140013701386
frozen_resnet18,Frozen ResNet-18,id,avoid_reach,Obstacle-aware reach,lighting_direction_intensity,Lighting,avoid_lighting_diverse,diverse_train,20,3,450,3,1,0,0.0,0.0,106,0.23555555555555555,23.555555555555554,210,0.4666666666666667,46.666666666666664,450,1.0,100.0,0.024333579659255016,0.024333579659255016,0.014973625963367248,0.016944252882161906,0.2235188959621721,0.2235188959621721,0.13786356011416318,0.15600730454497042,400.0,400.0,0.0,0.0,2.433357965925502,22.35188959621721
frozen_resnet18,Frozen ResNet-18,id,avoid_reach,Obstacle-aware reach,lighting_direction_intensity,Lighting,avoid_lighting_diverse,diverse_train,50,3,450,3,1,0,0.0,0.0,0,0.0,0.0,63,0.14,14.000000000000002,450,1.0,100.0,0.030363586309055487,0.030363586309055487,0.009010089438776694,0.010195876023284645,0.14805867076747947,0.14805867076747947,0.025816441115988555,0.029214053286554867,400.0,400.0,0.0,0.0,3.0363586309055486,14.805867076747948
frozen_resnet18,Frozen ResNet-18,id,avoid_reach,Obstacle-aware reach,lighting_direction_intensity,Lighting,avoid_lighting_diverse,diverse_train,100,1,150,1,1,0,0.0,0.0,31,0.20666666666666667,20.666666666666668,84,0.56,56.00000000000001,150,1.0,100.0,0.019320150973896187,0.019320150973896187,0.0,0.0,0.16341631809870402,0.16341631809870402,0.0,0.0,400.0,400.0,0.0,0.0,1.9320150973896186,16.341631809870403
frozen_resnet18,Frozen ResNet-18,id,avoid_reach,Obstacle-aware reach,lighting_direction_intensity,Lighting,avoid_lighting_diverse,diverse_train,200,1,150,1,1,0,0.0,0.0,0,0.0,0.0,0,0.0,0.0,150,1.0,100.0,0.030749379619956017,0.030749379619956017,0.0,0.0,0.10604320019483567,0.10604320019483567,0.0,0.0,400.0,400.0,0.0,0.0,3.0749379619956017,10.604320019483566
frozen_resnet18,Frozen ResNet-18,id,avoid_reach,Obstacle-aware reach,lighting_direction_intensity,Lighting,avoid_lighting_fixed,fixed_train,5,3,450,3,1,0,0.0,0.0,0,0.0,0.0,0,0.0,0.0,450,1.0,100.0,0.027319084852933884,0.027319084852933884,0.001811964080229472,0.00205043038098554,0.16163612405459085,0.16163612405459085,0.04535431494072941,0.05132323884228474,400.0,400.0,0.0,0.0,2.7319084852933884,16.163612405459084
frozen_resnet18,Frozen ResNet-18,id,avoid_reach,Obstacle-aware reach,lighting_direction_intensity,Lighting,avoid_lighting_fixed,fixed_train,20,3,450,3,1,0,0.0,0.0,0,0.0,0.0,0,0.0,0.0,450,1.0,100.0,0.03788560380538305,0.03788560380538305,0.004181465033202112,0.004731773126551444,0.0887783740957578,0.0887783740957578,0.04104528704099633,0.04644711474328599,400.0,400.0,0.0,0.0,3.788560380538305,8.877837409575779
frozen_resnet18,Frozen ResNet-18,id,avoid_reach,Obstacle-aware reach,lighting_direction_intensity,Lighting,avoid_lighting_fixed,fixed_train,50,3,450,3,1,0,0.0,0.0,0,0.0,0.0,0,0.0,0.0,450,1.0,100.0,0.035008929669857025,0.035008929669857025,0.005355141527206773,0.006059913108471493,0.13114557166894278,0.13114557166894278,0.004808268738874431,0.005441068291421422,400.0,400.0,0.0,0.0,3.5008929669857025,13.114557166894278
frozen_resnet18,Frozen ResNet-18,id,avoid_reach,Obstacle-aware reach,lighting_direction_intensity,Lighting,avoid_lighting_fixed,fixed_train,100,1,150,1,1,0,0.0,0.0,0,0.0,0.0,0,0.0,0.0,150,1.0,100.0,0.029623592272400856,0.029623592272400856,0.0,0.0,0.09910475462675095,0.09910475462675095,0.0,0.0,400.0,400.0,0.0,0.0,2.9623592272400856,9.910475462675095
frozen_resnet18,Frozen ResNet-18,id,avoid_reach,Obstacle-aware reach,lighting_direction_intensity,Lighting,avoid_lighting_fixed,fixed_train,200,1,150,1,1,0,0.0,0.0,0,0.0,0.0,0,0.0,0.0,150,1.0,100.0,0.03221552073955536,0.03221552073955536,0.0,0.0,0.10440917313098907,0.10440917313098907,0.0,0.0,400.0,400.0,0.0,0.0,3.221552073955536,10.440917313098907
frozen_resnet18,Frozen ResNet-18,id,avoid_reach,Obstacle-aware reach,spatial_distribution,Spatial distribution,avoid_spatial_narrow,narrow_train,5,3,450,3,1,0,0.0,0.0,4,0.008888888888888889,0.8888888888888888,21,0.04666666666666667,4.666666666666667,133,0.29555555555555557,29.555555555555557,0.08104953642003238,0.08104953642003238,0.013770756591707135,0.015583078049327178,0.23591254639128845,0.23591254639128845,0.04327124048742778,0.04896601819342751,400.0,400.0,0.0,0.0,8.104953642003238,23.591254639128845
frozen_resnet18,Frozen ResNet-18,id,avoid_reach,Obstacle-aware reach,spatial_distribution,Spatial distribution,avoid_spatial_narrow,narrow_train,20,3,450,3,1,2,0.0044444444444444444,0.4444444444444444,3,0.006666666666666667,0.6666666666666667,15,0.03333333333333333,3.3333333333333335,118,0.26222222222222225,26.222222222222225,0.10591248498349969,0.10591248498349969,0.043410568314977145,0.04912368247256032,0.2552887099567387,0.2552887099567387,0.0531454713597286,0.06013976230366776,400.0,400.0,0.0,0.0,10.591248498349968,25.52887099567387
frozen_resnet18,Frozen ResNet-18,id,avoid_reach,Obstacle-aware reach,spatial_distribution,Spatial distribution,avoid_spatial_narrow,narrow_train,50,3,450,3,1,5,0.011111111111111112,1.1111111111111112,23,0.051111111111111114,5.111111111111112,72,0.16,16.0,292,0.6488888888888888,64.88888888888889,0.047746984413824974,0.047746984413824974,0.015379389282563792,0.017403417302830092,0.18939409544898403,0.18939409544898403,0.017827054039768458,0.020173210719487918,400.0,400.0,0.0,0.0,4.7746984413824975,18.939409544898403
frozen_resnet18,Frozen ResNet-18,id,avoid_reach,Obstacle-aware reach,spatial_distribution,Spatial distribution,avoid_spatial_narrow,narrow_train,100,1,150,1,1,4,0.02666666666666667,2.666666666666667,10,0.06666666666666667,6.666666666666667,27,0.18,18.0,92,0.6133333333333333,61.33333333333333,0.045380709014522534,0.045380709014522534,0.0,0.0,0.1351038391639789,0.1351038391639789,0.0,0.0,400.0,400.0,0.0,0.0,4.538070901452254,13.510383916397888
frozen_resnet18,Frozen ResNet-18,id,avoid_reach,Obstacle-aware reach,spatial_distribution,Spatial distribution,avoid_spatial_narrow,narrow_train,200,1,150,1,1,4,0.02666666666666667,2.666666666666667,12,0.08,8.0,23,0.15333333333333332,15.333333333333332,60,0.4,40.0,0.05828248325735331,0.05828248325735331,0.0,0.0,0.15990156094233196,0.15990156094233196,0.0,0.0,400.0,400.0,0.0,0.0,5.828248325735331,15.990156094233196
frozen_resnet18,Frozen ResNet-18,id,avoid_reach,Obstacle-aware reach,spatial_distribution,Spatial distribution,avoid_spatial_wide,wide_train,5,3,450,3,1,0,0.0,0.0,3,0.006666666666666667,0.6666666666666667,27,0.06,6.0,94,0.2088888888888889,20.88888888888889,0.12056009714284704,0.12056009714284706,0.013299678600120414,0.015050003119033453,0.28892241481277675,0.28892241481277675,0.034673906605291654,0.03923721905234532,400.0,400.0,0.0,0.0,12.056009714284704,28.892241481277676
frozen_resnet18,Frozen ResNet-18,id,avoid_reach,Obstacle-aware reach,spatial_distribution,Spatial distribution,avoid_spatial_wide,wide_train,20,3,450,3,1,15,0.03333333333333333,3.3333333333333335,34,0.07555555555555556,7.555555555555555,95,0.2111111111111111,21.11111111111111,178,0.39555555555555555,39.55555555555556,0.10827426361696174,0.10827426361696174,0.07814358192316792,0.08842778739521384,0.2970278266320626,0.29702782663206256,0.07818412113592649,0.08847366183299567,400.0,400.0,0.0,0.0,10.827426361696174,29.70278266320626
frozen_resnet18,Frozen ResNet-18,id,avoid_reach,Obstacle-aware reach,spatial_distribution,Spatial distribution,avoid_spatial_wide,wide_train,50,3,450,3,1,8,0.017777777777777778,1.7777777777777777,32,0.07111111111111111,7.111111111111111,108,0.24,24.0,293,0.6511111111111111,65.11111111111111,0.054071059070217115,0.054071059070217115,0.010071899670011847,0.011397427412035196,0.20221776152650514,0.20221776152650514,0.06939649611216332,0.07852952799390166,400.0,400.0,0.0,0.0,5.407105907021712,20.221776152650513
frozen_resnet18,Frozen ResNet-18,id,avoid_reach,Obstacle-aware reach,spatial_distribution,Spatial distribution,avoid_spatial_wide,wide_train,100,1,150,1,1,2,0.013333333333333334,1.3333333333333335,8,0.05333333333333334,5.333333333333334,23,0.15333333333333332,15.333333333333332,58,0.38666666666666666,38.666666666666664,0.08646881937049329,0.08646881937049329,0.0,0.0,0.17202998097985983,0.17202998097985983,0.0,0.0,400.0,400.0,0.0,0.0,8.64688193704933,17.202998097985983
frozen_resnet18,Frozen ResNet-18,id,avoid_reach,Obstacle-aware reach,spatial_distribution,Spatial distribution,avoid_spatial_wide,wide_train,200,1,150,1,1,4,0.02666666666666667,2.666666666666667,19,0.12666666666666668,12.666666666666668,42,0.28,28.000000000000004,106,0.7066666666666667,70.66666666666667,0.04084539722496023,0.04084539722496023,0.0,0.0,0.29736290872097015,0.29736290872097015,0.0,0.0,400.0,400.0,0.0,0.0,4.084539722496023,29.736290872097015
frozen_resnet18,Frozen ResNet-18,id,reach,Reach,camera_location_viewpoint,Camera viewpoint,camera_fixed,fixed_train,5,3,450,3,1,0,0.0,0.0,150,0.3333333333333333,33.33333333333333,300,0.6666666666666666,66.66666666666666,450,1.0,100.0,0.015939108716944855,0.015939108716944855,0.0070420385252603765,0.007968816762877475,0.2967691620190938,0.2967691620190938,0.026800659469859028,0.030327801200389904,400.0,400.0,0.0,0.0,1.5939108716944854,29.676916201909382
frozen_resnet18,Frozen ResNet-18,id,reach,Reach,camera_location_viewpoint,Camera viewpoint,camera_fixed,fixed_train,20,3,450,3,1,0,0.0,0.0,300,0.6666666666666666,66.66666666666666,450,1.0,100.0,450,1.0,100.0,0.009611300503214201,0.009611300503214201,0.002797408413231466,0.0031655656208085213,0.3392213483651479,0.3392213483651479,0.0034714922181932144,0.003928363254660545,400.0,400.0,0.0,0.0,0.9611300503214201,33.922134836514786
frozen_resnet18,Frozen ResNet-18,id,reach,Reach,camera_location_viewpoint,Camera viewpoint,camera_fixed,fixed_train,50,3,450,3,1,0,0.0,0.0,150,0.3333333333333333,33.33333333333333,450,1.0,100.0,450,1.0,100.0,0.01185017948349317,0.01185017948349317,0.0035189857262352704,0.003982107218380113,0.3263746500015259,0.3263746500015259,0.026428914772772913,0.029907132474562236,400.0,400.0,0.0,0.0,1.185017948349317,32.63746500015259
frozen_resnet18,Frozen ResNet-18,id,reach,Reach,camera_location_viewpoint,Camera viewpoint,camera_fixed,fixed_train,100,1,150,1,1,0,0.0,0.0,150,1.0,100.0,150,1.0,100.0,150,1.0,100.0,0.00984689500182867,0.00984689500182867,0.0,0.0,0.3387063145637512,0.3387063145637512,0.0,0.0,400.0,400.0,0.0,0.0,0.984689500182867,33.87063145637512
frozen_resnet18,Frozen ResNet-18,id,reach,Reach,camera_location_viewpoint,Camera viewpoint,camera_fixed,fixed_train,200,1,150,1,1,0,0.0,0.0,150,1.0,100.0,150,1.0,100.0,150,1.0,100.0,0.006921463180333376,0.006921463180333376,0.0,0.0,0.3301149308681488,0.3301149308681488,0.0,0.0,400.0,400.0,0.0,0.0,0.6921463180333376,33.01149308681488
frozen_resnet18,Frozen ResNet-18,id,reach,Reach,camera_location_viewpoint,Camera viewpoint,camera_multi_pose,diverse_train,5,3,450,3,1,62,0.13777777777777778,13.777777777777779,160,0.35555555555555557,35.55555555555556,351,0.78,78.0,450,1.0,100.0,0.014145858281473111,0.014145858281473113,0.006246477835908588,0.007068555093695755,0.3092228672690948,0.3092228672690948,0.01808211611535578,0.02046184062916871,399.34,399.34,1.1431535329954694,1.2936000000000119,1.4145858281473112,30.92228672690948
frozen_resnet18,Frozen ResNet-18,id,reach,Reach,camera_location_viewpoint,Camera viewpoint,camera_multi_pose,diverse_train,20,3,450,3,1,10,0.022222222222222223,2.2222222222222223,86,0.19111111111111112,19.11111111111111,366,0.8133333333333334,81.33333333333333,450,1.0,100.0,0.015031836986438268,0.01503183698643827,0.0032257403471195128,0.0036502688331807634,0.32029418998294407,0.32029418998294407,0.017005843428371532,0.01924392343108719,400.0,400.0,0.0,0.0,1.5031836986438267,32.0294189982944
frozen_resnet18,Frozen ResNet-18,id,reach,Reach,camera_location_viewpoint,Camera viewpoint,camera_multi_pose,diverse_train,50,3,450,3,1,4,0.008888888888888889,0.8888888888888888,138,0.30666666666666664,30.666666666666664,439,0.9755555555555555,97.55555555555556,450,1.0,100.0,0.01250530164430125,0.012505301644301248,0.003565177551540477,0.004034378189417783,0.33826616022321915,0.3382661602232191,0.0054650300972212285,0.006184263731609763,400.0,400.0,0.0,0.0,1.250530164430125,33.826616022321915
frozen_resnet18,Frozen ResNet-18,id,reach,Reach,camera_location_viewpoint,Camera viewpoint,camera_multi_pose,diverse_train,100,1,150,1,1,0,0.0,0.0,83,0.5533333333333333,55.333333333333336,150,1.0,100.0,150,1.0,100.0,0.009827889688313007,0.009827889688313007,0.0,0.0,0.34217684745788574,0.34217684745788574,0.0,0.0,400.0,400.0,0.0,0.0,0.9827889688313006,34.217684745788574
frozen_resnet18,Frozen ResNet-18,id,reach,Reach,camera_location_viewpoint,Camera viewpoint,camera_multi_pose,diverse_train,200,1,150,1,1,129,0.86,86.0,150,1.0,100.0,150,1.0,100.0,150,1.0,100.0,0.003998368905546765,0.003998368905546765,0.0,0.0,0.32890322449306647,0.32890322449306647,0.0,0.0,400.0,400.0,0.0,0.0,0.39983689055467647,32.890322449306645
frozen_resnet18,Frozen ResNet-18,id,reach,Reach,color,Color,color_multi,diverse_train,5,3,450,3,1,115,0.25555555555555554,25.555555555555554,336,0.7466666666666667,74.66666666666667,450,1.0,100.0,450,1.0,100.0,0.008296103256030215,0.008296103256030215,0.004626853995974632,0.0052357781841510164,0.31580389625496336,0.31580389625496336,0.014933271921319068,0.01689858798476467,400.0,400.0,0.0,0.0,0.8296103256030215,31.580389625496334
frozen_resnet18,Frozen ResNet-18,id,reach,Reach,color,Color,color_multi,diverse_train,20,3,450,3,1,0,0.0,0.0,150,0.3333333333333333,33.33333333333333,450,1.0,100.0,450,1.0,100.0,0.01094854656399952,0.010948546563999519,0.0030156560734521396,0.0034125360977502084,0.33416277666886646,0.33416277666886646,0.036229603354379594,0.040997655648597475,400.0,400.0,0.0,0.0,1.0948546563999522,33.41627766688664
frozen_resnet18,Frozen ResNet-18,id,reach,Reach,color,Color,color_multi,diverse_train,50,3,450,3,1,0,0.0,0.0,67,0.14888888888888888,14.888888888888888,450,1.0,100.0,450,1.0,100.0,0.01444885328412056,0.01444885328412056,0.0039031441854126773,0.004416823438422507,0.32292735675970713,0.32292735675970713,0.02828038259921393,0.03200226555262588,400.0,400.0,0.0,0.0,1.444885328412056,32.29273567597071
frozen_resnet18,Frozen ResNet-18,id,reach,Reach,color,Color,color_multi,diverse_train,100,1,150,1,1,150,1.0,100.0,150,1.0,100.0,150,1.0,100.0,150,1.0,100.0,0.0027247379207983612,0.0027247379207983612,0.0,0.0,0.29624050835768384,0.29624050835768384,0.0,0.0,400.0,400.0,0.0,0.0,0.27247379207983613,29.624050835768383
frozen_resnet18,Frozen ResNet-18,id,reach,Reach,color,Color,color_multi,diverse_train,200,1,150,1,1,0,0.0,0.0,150,1.0,100.0,150,1.0,100.0,150,1.0,100.0,0.008788872255633275,0.008788872255633275,0.0,0.0,0.29392394026120505,0.29392394026120505,0.0,0.0,400.0,400.0,0.0,0.0,0.8788872255633274,29.392394026120506
frozen_resnet18,Frozen ResNet-18,id,reach,Reach,color,Color,color_red_only,fixed_train,5,3,450,3,1,0,0.0,0.0,150,0.3333333333333333,33.33333333333333,300,0.6666666666666666,66.66666666666666,450,1.0,100.0,0.015939108716944855,0.015939108716944855,0.0070420385252603765,0.007968816762877475,0.2967691620190938,0.2967691620190938,0.026800659469859028,0.030327801200389904,400.0,400.0,0.0,0.0,1.5939108716944854,29.676916201909382
frozen_resnet18,Frozen ResNet-18,id,reach,Reach,color,Color,color_red_only,fixed_train,20,3,450,3,1,0,0.0,0.0,300,0.6666666666666666,66.66666666666666,450,1.0,100.0,450,1.0,100.0,0.009611300503214201,0.009611300503214201,0.002797408413231466,0.0031655656208085213,0.3392213483651479,0.3392213483651479,0.0034714922181932144,0.003928363254660545,400.0,400.0,0.0,0.0,0.9611300503214201,33.922134836514786
frozen_resnet18,Frozen ResNet-18,id,reach,Reach,color,Color,color_red_only,fixed_train,50,3,450,3,1,0,0.0,0.0,150,0.3333333333333333,33.33333333333333,450,1.0,100.0,450,1.0,100.0,0.01185017948349317,0.01185017948349317,0.0035189857262352704,0.003982107218380113,0.3263746500015259,0.3263746500015259,0.026428914772772913,0.029907132474562236,400.0,400.0,0.0,0.0,1.185017948349317,32.63746500015259
frozen_resnet18,Frozen ResNet-18,id,reach,Reach,color,Color,color_red_only,fixed_train,100,1,150,1,1,0,0.0,0.0,150,1.0,100.0,150,1.0,100.0,150,1.0,100.0,0.00984689500182867,0.00984689500182867,0.0,0.0,0.3387063145637512,0.3387063145637512,0.0,0.0,400.0,400.0,0.0,0.0,0.984689500182867,33.87063145637512
frozen_resnet18,Frozen ResNet-18,id,reach,Reach,color,Color,color_red_only,fixed_train,200,1,150,1,1,0,0.0,0.0,150,1.0,100.0,150,1.0,100.0,150,1.0,100.0,0.006921463180333376,0.006921463180333376,0.0,0.0,0.3301149308681488,0.3301149308681488,0.0,0.0,400.0,400.0,0.0,0.0,0.6921463180333376,33.01149308681488
frozen_resnet18,Frozen ResNet-18,id,reach,Reach,lighting_direction_intensity,Lighting,lighting_diverse,diverse_train,5,3,450,3,1,108,0.24,24.0,172,0.38222222222222224,38.22222222222222,382,0.8488888888888889,84.88888888888889,450,1.0,100.0,0.012033174026291817,0.012033174026291817,0.00580754363522417,0.006571854287009259,0.31272435792618325,0.3127243579261833,0.05323264790908141,0.06023841185597005,400.0,400.0,0.0,0.0,1.2033174026291817,31.272435792618325
frozen_resnet18,Frozen ResNet-18,id,reach,Reach,lighting_direction_intensity,Lighting,lighting_diverse,diverse_train,20,3,450,3,1,75,0.16666666666666666,16.666666666666664,334,0.7422222222222222,74.22222222222223,450,1.0,100.0,450,1.0,100.0,0.00819842065167096,0.00819842065167096,0.0034202009354371093,0.003870321704284161,0.34018431709872354,0.34018431709872354,0.01714948012695659,0.01940646365681063,400.0,400.0,0.0,0.0,0.819842065167096,34.01843170987235
frozen_resnet18,Frozen ResNet-18,id,reach,Reach,lighting_direction_intensity,Lighting,lighting_diverse,diverse_train,50,3,450,3,1,0,0.0,0.0,253,0.5622222222222222,56.222222222222214,450,1.0,100.0,450,1.0,100.0,0.010638550963873665,0.010638550963873665,0.004391430706575969,0.004969371653115679,0.3479705308543311,0.3479705308543311,0.010175069883808096,0.011514175499422121,400.0,400.0,0.0,0.0,1.0638550963873665,34.79705308543311
frozen_resnet18,Frozen ResNet-18,id,reach,Reach,lighting_direction_intensity,Lighting,lighting_diverse,diverse_train,100,1,150,1,1,11,0.07333333333333333,7.333333333333333,150,1.0,100.0,150,1.0,100.0,150,1.0,100.0,0.006948809803773959,0.006948809803773959,0.0,0.0,0.3624408402045568,0.3624408402045568,0.0,0.0,400.0,400.0,0.0,0.0,0.6948809803773959,36.24408402045568
frozen_resnet18,Frozen ResNet-18,id,reach,Reach,lighting_direction_intensity,Lighting,lighting_diverse,diverse_train,200,1,150,1,1,0,0.0,0.0,86,0.5733333333333334,57.333333333333336,150,1.0,100.0,150,1.0,100.0,0.010487675567468007,0.010487675567468007,0.0,0.0,0.3337248754501343,0.3337248754501343,0.0,0.0,400.0,400.0,0.0,0.0,1.0487675567468007,33.37248754501343
frozen_resnet18,Frozen ResNet-18,id,reach,Reach,lighting_direction_intensity,Lighting,lighting_fixed,fixed_train,5,3,450,3,1,150,0.3333333333333333,33.33333333333333,150,0.3333333333333333,33.33333333333333,300,0.6666666666666666,66.66666666666666,450,1.0,100.0,0.012326844114189347,0.012326844114189347,0.00925077988407436,0.010468242902317241,0.22071818557257453,0.22071818557257453,0.18611775075072395,0.21061206165392038,400.0,400.0,0.0,0.0,1.2326844114189348,22.07181855725745
frozen_resnet18,Frozen ResNet-18,id,reach,Reach,lighting_direction_intensity,Lighting,lighting_fixed,fixed_train,20,3,450,3,1,0,0.0,0.0,150,0.3333333333333333,33.33333333333333,450,1.0,100.0,450,1.0,100.0,0.011672087013721466,0.011672087013721466,0.006029845584019389,0.006823412623366722,0.30223830540974933,0.30223830540974933,0.01947299323396798,0.022035766255695984,400.0,400.0,0.0,0.0,1.1672087013721466,30.223830540974934
frozen_resnet18,Frozen ResNet-18,id,reach,Reach,lighting_direction_intensity,Lighting,lighting_fixed,fixed_train,50,3,450,3,1,150,0.3333333333333333,33.33333333333333,300,0.6666666666666666,66.66666666666666,450,1.0,100.0,450,1.0,100.0,0.0069011549931019545,0.0069011549931019545,0.0036001923456481576,0.004074001158993012,0.3212747971216838,0.3212747971216838,0.02837669755528866,0.03211125618562667,400.0,400.0,0.0,0.0,0.6901154993101954,32.12747971216838
frozen_resnet18,Frozen ResNet-18,id,reach,Reach,lighting_direction_intensity,Lighting,lighting_fixed,fixed_train,100,1,150,1,1,0,0.0,0.0,150,1.0,100.0,150,1.0,100.0,150,1.0,100.0,0.007208055816590786,0.007208055816590786,0.0,0.0,0.2871477007865906,0.2871477007865906,0.0,0.0,400.0,400.0,0.0,0.0,0.7208055816590786,28.714770078659058
frozen_resnet18,Frozen ResNet-18,id,reach,Reach,lighting_direction_intensity,Lighting,lighting_fixed,fixed_train,200,1,150,1,1,0,0.0,0.0,150,1.0,100.0,150,1.0,100.0,150,1.0,100.0,0.008260090835392475,0.008260090835392475,0.0,0.0,0.3022751212120056,0.3022751212120056,0.0,0.0,400.0,400.0,0.0,0.0,0.8260090835392475,30.22751212120056
frozen_resnet18,Frozen ResNet-18,id,reach,Reach,spatial_distribution,Spatial distribution,spatial_narrow,narrow_train,5,3,450,3,1,18,0.04,4.0,51,0.11333333333333333,11.333333333333332,110,0.24444444444444444,24.444444444444443,261,0.58,57.99999999999999,0.047283705800978675,0.047283705800978675,0.013648479791159577,0.015444708823652092,0.2771515926382401,0.2771515926382401,0.07533016083972881,0.08524410173227386,400.0,400.0,0.0,0.0,4.7283705800978675,27.715159263824006
frozen_resnet18,Frozen ResNet-18,id,reach,Reach,spatial_distribution,Spatial distribution,spatial_narrow,narrow_train,20,3,450,3,1,25,0.05555555555555555,5.555555555555555,74,0.16444444444444445,16.444444444444446,185,0.4111111111111111,41.11111111111111,431,0.9577777777777777,95.77777777777777,0.02504096193627144,0.02504096193627144,0.008717359869084661,0.009864621331396187,0.21610064609053856,0.21610064609053856,0.050326983794932695,0.0569503433773524,399.3466666666667,399.34666666666664,1.1316065276116547,1.2805333333333202,2.5040961936271438,21.610064609053854
frozen_resnet18,Frozen ResNet-18,id,reach,Reach,spatial_distribution,Spatial distribution,spatial_narrow,narrow_train,50,3,450,3,1,54,0.12,12.0,191,0.42444444444444446,42.44444444444444,419,0.9311111111111111,93.11111111111111,449,0.9977777777777778,99.77777777777777,0.011684488943234707,0.011684488943234707,0.004466977226402648,0.005054860588089894,0.17820382817480196,0.17820382817480196,0.0167260546893914,0.018927312667705032,398.7266666666667,398.7266666666667,2.2054780283043662,2.4957333333333285,1.1684488943234708,17.820382817480194
frozen_resnet18,Frozen ResNet-18,id,reach,Reach,spatial_distribution,Spatial distribution,spatial_narrow,narrow_train,100,1,150,1,1,35,0.23333333333333334,23.333333333333332,96,0.64,64.0,149,0.9933333333333333,99.33333333333333,150,1.0,100.0,0.008575079860941817,0.008575079860941817,0.0,0.0,0.1735859614610672,0.1735859614610672,0.0,0.0,400.0,400.0,0.0,0.0,0.8575079860941817,17.35859614610672
frozen_resnet18,Frozen ResNet-18,id,reach,Reach,spatial_distribution,Spatial distribution,spatial_narrow,narrow_train,200,1,150,1,1,71,0.47333333333333333,47.333333333333336,147,0.98,98.0,150,1.0,100.0,150,1.0,100.0,0.005060799228570735,0.005060799228570735,0.0,0.0,0.16458688564947807,0.16458688564947807,0.0,0.0,398.06,398.06,0.0,0.0,0.5060799228570735,16.458688564947806
frozen_resnet18,Frozen ResNet-18,id,reach,Reach,spatial_distribution,Spatial distribution,spatial_wide,wide_train,5,3,450,3,1,3,0.006666666666666667,0.6666666666666667,13,0.028888888888888888,2.888888888888889,38,0.08444444444444445,8.444444444444445,126,0.28,28.000000000000004,0.09454397592848787,0.09454397592848789,0.021101444816546657,0.02387853269644156,0.27485379004695765,0.2748537900469576,0.03981344899185457,0.04505315876591676,399.28222222222223,399.2822222222223,1.2432275796549792,1.4068444444444275,9.454397592848787,27.485379004695766
frozen_resnet18,Frozen ResNet-18,id,reach,Reach,spatial_distribution,Spatial distribution,spatial_wide,wide_train,20,3,450,3,1,1,0.0022222222222222222,0.2222222222222222,10,0.022222222222222223,2.2222222222222223,77,0.1711111111111111,17.11111111111111,267,0.5933333333333334,59.333333333333336,0.04994469424088796,0.04994469424088796,0.008833207613369622,0.009995715395038133,0.20575473350162307,0.20575473350162307,0.03914207296549055,0.044293425272001245,400.0,400.0,0.0,0.0,4.994469424088796,20.57547335016231
frozen_resnet18,Frozen ResNet-18,id,reach,Reach,spatial_distribution,Spatial distribution,spatial_wide,wide_train,50,3,450,3,1,34,0.07555555555555556,7.555555555555555,92,0.20444444444444446,20.444444444444446,261,0.58,57.99999999999999,413,0.9177777777777778,91.77777777777779,0.022564441514874085,0.022564441514874082,0.007565869826638681,0.00856158768288448,0.15661218071770336,0.15661218071770336,0.05289561335404568,0.05985702135346094,400.0,400.0,0.0,0.0,2.2564441514874085,15.661218071770335
frozen_resnet18,Frozen ResNet-18,id,reach,Reach,spatial_distribution,Spatial distribution,spatial_wide,wide_train,100,1,150,1,1,6,0.04,4.0,32,0.21333333333333335,21.333333333333336,89,0.5933333333333334,59.333333333333336,149,0.9933333333333333,99.33333333333333,0.018564329880755393,0.018564329880755393,0.0,0.0,0.15140025845340763,0.15140025845340763,0.0,0.0,398.11333333333334,398.11333333333334,0.0,0.0,1.8564329880755392,15.140025845340762
frozen_resnet18,Frozen ResNet-18,id,reach,Reach,spatial_distribution,Spatial distribution,spatial_wide,wide_train,200,1,150,1,1,26,0.17333333333333334,17.333333333333336,78,0.52,52.0,133,0.8866666666666667,88.66666666666667,149,0.9933333333333333,99.33333333333333,0.011200669036867717,0.011200669036867717,0.0,0.0,0.12135950160678476,0.12135950160678476,0.0,0.0,398.12666666666667,398.12666666666667,0.0,0.0,1.1200669036867716,12.135950160678476
frozen_resnet18,Frozen ResNet-18,ood,avoid_reach,Obstacle-aware reach,camera_location_viewpoint,Camera viewpoint,avoid_camera_fixed,fixed_train,5,3,450,3,1,0,0.0,0.0,2,0.0044444444444444444,0.4444444444444444,6,0.013333333333333334,1.3333333333333335,158,0.3511111111111111,35.11111111111111,0.055820570407021375,0.055820570407021375,0.004812011788977801,0.0054453039513515725,0.2006968707508511,0.2006968707508511,0.006785211768632169,0.0076781899286116635,400.0,400.0,0.0,0.0,5.5820570407021375,20.06968707508511
frozen_resnet18,Frozen ResNet-18,ood,avoid_reach,Obstacle-aware reach,camera_location_viewpoint,Camera viewpoint,avoid_camera_fixed,fixed_train,20,3,450,3,1,0,0.0,0.0,0,0.0,0.0,9,0.02,2.0,259,0.5755555555555556,57.55555555555556,0.06355390458057324,0.06355390458057324,0.02290222166098482,0.025916303528379724,0.1991073967433638,0.19910739674336378,0.02675641903516452,0.03027773843570522,400.0,400.0,0.0,0.0,6.3553904580573235,19.91073967433638
frozen_resnet18,Frozen ResNet-18,ood,avoid_reach,Obstacle-aware reach,camera_location_viewpoint,Camera viewpoint,avoid_camera_fixed,fixed_train,50,3,450,3,1,0,0.0,0.0,1,0.0022222222222222222,0.2222222222222222,4,0.008888888888888889,0.8888888888888888,245,0.5444444444444444,54.44444444444444,0.07321077222314974,0.07321077222314974,0.02024666096284881,0.022911253707900023,0.20310352911551793,0.20310352911551796,0.10690685479826166,0.12097649473614551,400.0,400.0,0.0,0.0,7.321077222314974,20.310352911551792
frozen_resnet18,Frozen ResNet-18,ood,avoid_reach,Obstacle-aware reach,camera_location_viewpoint,Camera viewpoint,avoid_camera_fixed,fixed_train,100,1,150,1,1,0,0.0,0.0,0,0.0,0.0,1,0.006666666666666667,0.6666666666666667,137,0.9133333333333333,91.33333333333333,0.04443944543600083,0.04443944543600083,0.0,0.0,0.14633119165897368,0.14633119165897368,0.0,0.0,400.0,400.0,0.0,0.0,4.443944543600082,14.633119165897368
frozen_resnet18,Frozen ResNet-18,ood,avoid_reach,Obstacle-aware reach,camera_location_viewpoint,Camera viewpoint,avoid_camera_fixed,fixed_train,200,1,150,1,1,0,0.0,0.0,0,0.0,0.0,0,0.0,0.0,132,0.88,88.0,0.050764453212420145,0.050764453212420145,0.0,0.0,0.17596963547170164,0.17596963547170164,0.0,0.0,400.0,400.0,0.0,0.0,5.076445321242015,17.596963547170162
frozen_resnet18,Frozen ResNet-18,ood,avoid_reach,Obstacle-aware reach,camera_location_viewpoint,Camera viewpoint,avoid_camera_multi_pose,diverse_train,5,3,450,3,1,0,0.0,0.0,0,0.0,0.0,0,0.0,0.0,248,0.5511111111111111,55.111111111111114,0.057217876095738675,0.057217876095738675,0.010331986782014453,0.01169174368572501,0.10059298927999205,0.10059298927999205,0.052316296431870093,0.05920146254277114,400.0,400.0,0.0,0.0,5.721787609573868,10.059298927999205
frozen_resnet18,Frozen ResNet-18,ood,avoid_reach,Obstacle-aware reach,camera_location_viewpoint,Camera viewpoint,avoid_camera_multi_pose,diverse_train,20,3,450,3,1,0,0.0,0.0,0,0.0,0.0,1,0.0022222222222222222,0.2222222222222222,317,0.7044444444444444,70.44444444444444,0.0830200540026029,0.08302005400260289,0.07014547297995485,0.07937707510652468,0.20665694658127096,0.20665694658127096,0.12801131264867932,0.14485843700138343,400.0,400.0,0.0,0.0,8.30200540026029,20.665694658127094
frozen_resnet18,Frozen ResNet-18,ood,avoid_reach,Obstacle-aware reach,camera_location_viewpoint,Camera viewpoint,avoid_camera_multi_pose,diverse_train,50,3,450,3,1,0,0.0,0.0,0,0.0,0.0,0,0.0,0.0,435,0.9666666666666667,96.66666666666667,0.041586832246846624,0.041586832246846624,0.00030070574675237257,0.00034028058591532547,0.13785350116590658,0.13785350116590658,0.031439301328264814,0.0355769186066146,400.0,400.0,0.0,0.0,4.158683224684663,13.785350116590658
frozen_resnet18,Frozen ResNet-18,ood,avoid_reach,Obstacle-aware reach,camera_location_viewpoint,Camera viewpoint,avoid_camera_multi_pose,diverse_train,100,1,150,1,1,0,0.0,0.0,0,0.0,0.0,0,0.0,0.0,149,0.9933333333333333,99.33333333333333,0.041467110129694146,0.041467110129694146,0.0,0.0,0.15694179174800713,0.15694179174800713,0.0,0.0,400.0,400.0,0.0,0.0,4.146711012969415,15.694179174800713
frozen_resnet18,Frozen ResNet-18,ood,avoid_reach,Obstacle-aware reach,camera_location_viewpoint,Camera viewpoint,avoid_camera_multi_pose,diverse_train,200,1,150,1,1,0,0.0,0.0,0,0.0,0.0,0,0.0,0.0,150,1.0,100.0,0.039126434375842414,0.039126434375842414,0.0,0.0,0.10790667856733004,0.10790667856733004,0.0,0.0,400.0,400.0,0.0,0.0,3.9126434375842414,10.790667856733004
frozen_resnet18,Frozen ResNet-18,ood,avoid_reach,Obstacle-aware reach,color,Color,avoid_color_multi,diverse_train,5,3,450,3,1,0,0.0,0.0,0,0.0,0.0,0,0.0,0.0,300,0.6666666666666666,66.66666666666666,0.0828895680523581,0.0828895680523581,0.06437218062764828,0.07284397979484407,0.15527192411323387,0.1552719241132339,0.1825887714701736,0.20661864566424326,400.0,400.0,0.0,0.0,8.28895680523581,15.527192411323387
frozen_resnet18,Frozen ResNet-18,ood,avoid_reach,Obstacle-aware reach,color,Color,avoid_color_multi,diverse_train,20,3,450,3,1,0,0.0,0.0,0,0.0,0.0,0,0.0,0.0,300,0.6666666666666666,66.66666666666666,0.09446986342469851,0.0944698634246985,0.09082901228109438,0.10278270319380663,0.22187298379010625,0.22187298379010625,0.21792365656543464,0.24660383229044885,400.0,400.0,0.0,0.0,9.44698634246985,22.187298379010624
frozen_resnet18,Frozen ResNet-18,ood,avoid_reach,Obstacle-aware reach,color,Color,avoid_color_multi,diverse_train,50,3,450,3,1,0,0.0,0.0,0,0.0,0.0,0,0.0,0.0,408,0.9066666666666666,90.66666666666666,0.05560184933245182,0.05560184933245182,0.025600229842491138,0.02896938719812196,0.12119310162961483,0.12119310162961483,0.0946996283804339,0.10716271763769804,400.0,400.0,0.0,0.0,5.560184933245182,12.119310162961483
frozen_resnet18,Frozen ResNet-18,ood,avoid_reach,Obstacle-aware reach,color,Color,avoid_color_multi,diverse_train,100,1,150,1,1,0,0.0,0.0,0,0.0,0.0,0,0.0,0.0,150,1.0,100.0,0.03751766043404738,0.03751766043404738,0.0,0.0,0.12845419997970264,0.12845419997970264,0.0,0.0,400.0,400.0,0.0,0.0,3.7517660434047384,12.845419997970264
frozen_resnet18,Frozen ResNet-18,ood,avoid_reach,Obstacle-aware reach,color,Color,avoid_color_multi,diverse_train,200,1,150,1,1,0,0.0,0.0,0,0.0,0.0,0,0.0,0.0,150,1.0,100.0,0.037898463209470115,0.037898463209470115,0.0,0.0,0.11374955072999,0.11374955072999,0.0,0.0,400.0,400.0,0.0,0.0,3.7898463209470115,11.374955072999
frozen_resnet18,Frozen ResNet-18,ood,avoid_reach,Obstacle-aware reach,color,Color,avoid_color_red_only,fixed_train,5,3,450,3,1,0,0.0,0.0,0,0.0,0.0,0,0.0,0.0,189,0.42,42.0,0.05774998002582126,0.05774998002582126,0.021596945072740407,0.024439244020783662,0.16321207276648944,0.16321207276648944,0.05304994208221444,0.06003166074965471,400.0,400.0,0.0,0.0,5.774998002582126,16.321207276648945
frozen_resnet18,Frozen ResNet-18,ood,avoid_reach,Obstacle-aware reach,color,Color,avoid_color_red_only,fixed_train,20,3,450,3,1,0,0.0,0.0,0,0.0,0.0,0,0.0,0.0,450,1.0,100.0,0.03817728586494923,0.03817728586494922,0.0011611158917722636,0.001313926322443135,0.10305839385423396,0.10305839385423395,0.04093885221586143,0.04632667240039813,400.0,400.0,0.0,0.0,3.8177285864949226,10.305839385423395
frozen_resnet18,Frozen ResNet-18,ood,avoid_reach,Obstacle-aware reach,color,Color,avoid_color_red_only,fixed_train,50,3,450,3,1,0,0.0,0.0,0,0.0,0.0,0,0.0,0.0,450,1.0,100.0,0.04009900391929679,0.04009900391929679,0.003183084411459605,0.0036019990979466294,0.1237062388824092,0.12370623888240921,0.059451162720839584,0.06727532380900544,400.0,400.0,0.0,0.0,4.009900391929679,12.37062388824092
frozen_resnet18,Frozen ResNet-18,ood,avoid_reach,Obstacle-aware reach,color,Color,avoid_color_red_only,fixed_train,100,1,150,1,1,0,0.0,0.0,0,0.0,0.0,0,0.0,0.0,150,1.0,100.0,0.03903605592747529,0.03903605592747529,0.0,0.0,0.12722166061401366,0.12722166061401366,0.0,0.0,400.0,400.0,0.0,0.0,3.903605592747529,12.722166061401365
frozen_resnet18,Frozen ResNet-18,ood,avoid_reach,Obstacle-aware reach,color,Color,avoid_color_red_only,fixed_train,200,1,150,1,1,0,0.0,0.0,0,0.0,0.0,0,0.0,0.0,150,1.0,100.0,0.03992066986858845,0.03992066986858845,0.0,0.0,0.1715170364578565,0.1715170364578565,0.0,0.0,400.0,400.0,0.0,0.0,3.992066986858845,17.15170364578565
frozen_resnet18,Frozen ResNet-18,ood,avoid_reach,Obstacle-aware reach,lighting_direction_intensity,Lighting,avoid_lighting_diverse,diverse_train,5,3,450,3,1,0,0.0,0.0,42,0.09333333333333334,9.333333333333334,42,0.09333333333333334,9.333333333333334,296,0.6577777777777778,65.77777777777779,0.052426010558588636,0.05242601055858864,0.026602756351650658,0.03010385273999061,0.27121739437182746,0.27121739437182746,0.07088020236841294,0.08020849967853198,400.0,400.0,0.0,0.0,5.242601055858864,27.121739437182747
frozen_resnet18,Frozen ResNet-18,ood,avoid_reach,Obstacle-aware reach,lighting_direction_intensity,Lighting,avoid_lighting_diverse,diverse_train,20,3,450,3,1,0,0.0,0.0,0,0.0,0.0,150,0.3333333333333333,33.33333333333333,384,0.8533333333333334,85.33333333333334,0.03673494097673231,0.03673494097673231,0.011226737279442917,0.012704249189198848,0.3201143757998943,0.3201143757998943,0.11966917042144858,0.13541841440278418,400.0,400.0,0.0,0.0,3.6734940976732307,32.01143757998943
frozen_resnet18,Frozen ResNet-18,ood,avoid_reach,Obstacle-aware reach,lighting_direction_intensity,Lighting,avoid_lighting_diverse,diverse_train,50,3,450,3,1,42,0.09333333333333334,9.333333333333334,126,0.28,28.000000000000004,168,0.37333333333333335,37.333333333333336,419,0.9311111111111111,93.11111111111111,0.026386528056528833,0.026386528056528833,0.005596817524727016,0.006333395244832461,0.29745177648961546,0.2974517764896154,0.03762818701988846,0.042580302053898365,400.0,400.0,0.0,0.0,2.6386528056528835,29.745177648961548
frozen_resnet18,Frozen ResNet-18,ood,avoid_reach,Obstacle-aware reach,lighting_direction_intensity,Lighting,avoid_lighting_diverse,diverse_train,100,1,150,1,1,0,0.0,0.0,0,0.0,0.0,0,0.0,0.0,150,1.0,100.0,0.03918652263780435,0.03918652263780435,0.0,0.0,0.29619530628124874,0.29619530628124874,0.0,0.0,400.0,400.0,0.0,0.0,3.918652263780435,29.619530628124874
frozen_resnet18,Frozen ResNet-18,ood,avoid_reach,Obstacle-aware reach,lighting_direction_intensity,Lighting,avoid_lighting_diverse,diverse_train,200,1,150,1,1,0,0.0,0.0,0,0.0,0.0,0,0.0,0.0,119,0.7933333333333333,79.33333333333333,0.042789967407782875,0.042789967407782875,0.0,0.0,0.28632030963897703,0.28632030963897703,0.0,0.0,400.0,400.0,0.0,0.0,4.278996740778288,28.632030963897705
frozen_resnet18,Frozen ResNet-18,ood,avoid_reach,Obstacle-aware reach,lighting_direction_intensity,Lighting,avoid_lighting_fixed,fixed_train,5,3,450,3,1,0,0.0,0.0,0,0.0,0.0,108,0.24,24.0,265,0.5888888888888889,58.88888888888889,0.06270780836128527,0.06270780836128527,0.03248717606622029,0.03676270050020439,0.1877737373775906,0.1877737373775906,0.05561220866928621,0.06293113834506639,400.0,400.0,0.0,0.0,6.270780836128527,18.77737373775906
frozen_resnet18,Frozen ResNet-18,ood,avoid_reach,Obstacle-aware reach,lighting_direction_intensity,Lighting,avoid_lighting_fixed,fixed_train,20,3,450,3,1,0,0.0,0.0,0,0.0,0.0,0,0.0,0.0,108,0.24,24.0,0.0699097372012006,0.0699097372012006,0.016582914885004314,0.01876533473069955,0.21107896452148756,0.21107896452148756,0.06067652068365896,0.06866194687839278,400.0,400.0,0.0,0.0,6.99097372012006,21.107896452148754
frozen_resnet18,Frozen ResNet-18,ood,avoid_reach,Obstacle-aware reach,lighting_direction_intensity,Lighting,avoid_lighting_fixed,fixed_train,50,3,450,3,1,0,0.0,0.0,0,0.0,0.0,0,0.0,0.0,119,0.2644444444444444,26.444444444444443,0.06578904223938783,0.06578904223938782,0.011818021341804246,0.013373350093839671,0.17400164099203216,0.17400164099203216,0.017170627723934486,0.01943039441559412,400.0,400.0,0.0,0.0,6.578904223938784,17.400164099203216
frozen_resnet18,Frozen ResNet-18,ood,avoid_reach,Obstacle-aware reach,lighting_direction_intensity,Lighting,avoid_lighting_fixed,fixed_train,100,1,150,1,1,0,0.0,0.0,0,0.0,0.0,0,0.0,0.0,77,0.5133333333333333,51.33333333333333,0.0654045165826877,0.0654045165826877,0.0,0.0,0.1368631578485171,0.1368631578485171,0.0,0.0,400.0,400.0,0.0,0.0,6.54045165826877,13.686315784851711
frozen_resnet18,Frozen ResNet-18,ood,avoid_reach,Obstacle-aware reach,lighting_direction_intensity,Lighting,avoid_lighting_fixed,fixed_train,200,1,150,1,1,0,0.0,0.0,0,0.0,0.0,0,0.0,0.0,77,0.5133333333333333,51.33333333333333,0.07374112772444884,0.07374112772444884,0.0,0.0,0.14954387883345285,0.14954387883345285,0.0,0.0,400.0,400.0,0.0,0.0,7.374112772444883,14.954387883345285
frozen_resnet18,Frozen ResNet-18,ood,avoid_reach,Obstacle-aware reach,spatial_distribution,Spatial distribution,avoid_spatial_narrow,narrow_train,5,3,450,3,1,0,0.0,0.0,1,0.0022222222222222222,0.2222222222222222,11,0.024444444444444446,2.4444444444444446,60,0.13333333333333333,13.333333333333334,0.1427838900912967,0.1427838900912967,0.01675365214542251,0.018958542129095316,0.2723796926190456,0.27237969261904554,0.01369425119654694,0.015496504044766393,400.0,400.0,0.0,0.0,14.278389009129668,27.23796926190456
frozen_resnet18,Frozen ResNet-18,ood,avoid_reach,Obstacle-aware reach,spatial_distribution,Spatial distribution,avoid_spatial_narrow,narrow_train,20,3,450,3,1,0,0.0,0.0,1,0.0022222222222222222,0.2222222222222222,3,0.006666666666666667,0.6666666666666667,59,0.13111111111111112,13.111111111111112,0.15047115185711946,0.15047115185711946,0.025378582031307117,0.02871856908815528,0.24265217908554607,0.24265217908554607,0.030655391687094084,0.034689841339608084,400.0,400.0,0.0,0.0,15.047115185711945,24.265217908554607
frozen_resnet18,Frozen ResNet-18,ood,avoid_reach,Obstacle-aware reach,spatial_distribution,Spatial distribution,avoid_spatial_narrow,narrow_train,50,3,450,3,1,2,0.0044444444444444444,0.4444444444444444,4,0.008888888888888889,0.8888888888888888,21,0.04666666666666667,4.666666666666667,99,0.22,22.0,0.10968624223541054,0.10968624223541056,0.008059726289611812,0.009120438880088084,0.21594211544427608,0.21594211544427608,0.0234352245725276,0.026519453102317563,400.0,400.0,0.0,0.0,10.968624223541054,21.59421154442761
frozen_resnet18,Frozen ResNet-18,ood,avoid_reach,Obstacle-aware reach,spatial_distribution,Spatial distribution,avoid_spatial_narrow,narrow_train,100,1,150,1,1,0,0.0,0.0,0,0.0,0.0,3,0.02,2.0,20,0.13333333333333333,13.333333333333334,0.12346336409449578,0.12346336409449578,0.0,0.0,0.18946640625596045,0.18946640625596045,0.0,0.0,400.0,400.0,0.0,0.0,12.346336409449577,18.946640625596046
frozen_resnet18,Frozen ResNet-18,ood,avoid_reach,Obstacle-aware reach,spatial_distribution,Spatial distribution,avoid_spatial_narrow,narrow_train,200,1,150,1,1,1,0.006666666666666667,0.6666666666666667,2,0.013333333333333334,1.3333333333333335,5,0.03333333333333333,3.3333333333333335,27,0.18,18.0,0.12333457571454347,0.12333457571454347,0.0,0.0,0.2177111562838157,0.2177111562838157,0.0,0.0,400.0,400.0,0.0,0.0,12.333457571454346,21.771115628381573
frozen_resnet18,Frozen ResNet-18,ood,avoid_reach,Obstacle-aware reach,spatial_distribution,Spatial distribution,avoid_spatial_wide,wide_train,5,3,450,3,1,1,0.0022222222222222222,0.2222222222222222,2,0.0044444444444444444,0.4444444444444444,15,0.03333333333333333,3.3333333333333335,76,0.1688888888888889,16.88888888888889,0.13590647249275611,0.13590647249275611,0.010001036387577643,0.011317238059064661,0.3034511914352576,0.3034511914352576,0.03035433018637532,0.03434915818018217,400.0,400.0,0.0,0.0,13.590647249275612,30.34511914352576
frozen_resnet18,Frozen ResNet-18,ood,avoid_reach,Obstacle-aware reach,spatial_distribution,Spatial distribution,avoid_spatial_wide,wide_train,20,3,450,3,1,6,0.013333333333333334,1.3333333333333335,9,0.02,2.0,41,0.09111111111111111,9.11111111111111,122,0.27111111111111114,27.111111111111114,0.13232046184569804,0.13232046184569804,0.06529799804847869,0.07389164083163234,0.3095483244624403,0.3095483244624403,0.06308796555280598,0.07139075363329521,400.0,400.0,0.0,0.0,13.232046184569803,30.95483244624403
frozen_resnet18,Frozen ResNet-18,ood,avoid_reach,Obstacle-aware reach,spatial_distribution,Spatial distribution,avoid_spatial_wide,wide_train,50,3,450,3,1,3,0.006666666666666667,0.6666666666666667,26,0.057777777777777775,5.777777777777778,87,0.19333333333333333,19.333333333333332,213,0.47333333333333333,47.333333333333336,0.08209857397040145,0.08209857397040145,0.012274421612673054,0.013889815619558547,0.23394151617255476,0.23394151617255474,0.05324738394109796,0.060255087245991074,400.0,400.0,0.0,0.0,8.209857397040144,23.394151617255478
frozen_resnet18,Frozen ResNet-18,ood,avoid_reach,Obstacle-aware reach,spatial_distribution,Spatial distribution,avoid_spatial_wide,wide_train,100,1,150,1,1,1,0.006666666666666667,0.6666666666666667,5,0.03333333333333333,3.3333333333333335,15,0.1,10.0,41,0.2733333333333333,27.333333333333332,0.12038087503053248,0.12038087503053248,0.0,0.0,0.1853726167604327,0.1853726167604327,0.0,0.0,400.0,400.0,0.0,0.0,12.038087503053248,18.537261676043272
frozen_resnet18,Frozen ResNet-18,ood,avoid_reach,Obstacle-aware reach,spatial_distribution,Spatial distribution,avoid_spatial_wide,wide_train,200,1,150,1,1,2,0.013333333333333334,1.3333333333333335,9,0.06,6.0,30,0.2,20.0,77,0.5133333333333333,51.33333333333333,0.05722480663331225,0.05722480663331225,0.0,0.0,0.34158415399491787,0.34158415399491787,0.0,0.0,400.0,400.0,0.0,0.0,5.7224806633312255,34.15841539949179
frozen_resnet18,Frozen ResNet-18,ood,reach,Reach,camera_location_viewpoint,Camera viewpoint,camera_fixed,fixed_train,5,3,450,3,1,8,0.017777777777777778,1.7777777777777777,15,0.03333333333333333,3.3333333333333335,119,0.2644444444444444,26.444444444444443,437,0.9711111111111111,97.11111111111111,0.028295835461208802,0.028295835461208802,0.004458531543674959,0.005045303398385104,0.29093021819988885,0.2909302181998889,0.044136156756801895,0.04994476308968879,400.0,400.0,0.0,0.0,2.82958354612088,29.093021819988884
frozen_resnet18,Frozen ResNet-18,ood,reach,Reach,camera_location_viewpoint,Camera viewpoint,camera_fixed,fixed_train,20,3,450,3,1,0,0.0,0.0,1,0.0022222222222222222,0.2222222222222222,20,0.044444444444444446,4.444444444444445,304,0.6755555555555556,67.55555555555556,0.04224639385938645,0.042246393859386444,0.018566476844260375,0.021009946391715897,0.31978762310412195,0.31978762310412195,0.009754234431008804,0.011037955353984032,400.0,400.0,0.0,0.0,4.224639385938645,31.978762310412197
frozen_resnet18,Frozen ResNet-18,ood,reach,Reach,camera_location_viewpoint,Camera viewpoint,camera_fixed,fixed_train,50,3,450,3,1,5,0.011111111111111112,1.1111111111111112,29,0.06444444444444444,6.444444444444445,133,0.29555555555555557,29.555555555555557,411,0.9133333333333333,91.33333333333333,0.03052107912591762,0.03052107912591762,0.012312553066933728,0.01393296542210725,0.3233014471994506,0.3233014471994506,0.01960366013799025,0.02218362977723039,400.0,400.0,0.0,0.0,3.052107912591762,32.33014471994506
frozen_resnet18,Frozen ResNet-18,ood,reach,Reach,camera_location_viewpoint,Camera viewpoint,camera_fixed,fixed_train,100,1,150,1,1,0,0.0,0.0,1,0.006666666666666667,0.6666666666666667,14,0.09333333333333334,9.333333333333334,137,0.9133333333333333,91.33333333333333,0.03575585457806786,0.03575585457806786,0.0,0.0,0.3017516425251961,0.3017516425251961,0.0,0.0,400.0,400.0,0.0,0.0,3.575585457806786,30.17516425251961
frozen_resnet18,Frozen ResNet-18,ood,reach,Reach,camera_location_viewpoint,Camera viewpoint,camera_fixed,fixed_train,200,1,150,1,1,3,0.02,2.0,10,0.06666666666666667,6.666666666666667,55,0.36666666666666664,36.666666666666664,143,0.9533333333333334,95.33333333333334,0.025991430836729706,0.025991430836729706,0.0,0.0,0.2668422928452492,0.2668422928452492,0.0,0.0,400.0,400.0,0.0,0.0,2.5991430836729705,26.684229284524918
frozen_resnet18,Frozen ResNet-18,ood,reach,Reach,camera_location_viewpoint,Camera viewpoint,camera_multi_pose,diverse_train,5,3,450,3,1,8,0.017777777777777778,1.7777777777777777,62,0.13777777777777778,13.777777777777779,276,0.6133333333333333,61.33333333333333,444,0.9866666666666667,98.66666666666667,0.019552463084562786,0.019552463084562783,0.00589472219284268,0.006670506111878134,0.3216819469299581,0.32168194692995816,0.025071218081865708,0.028370754036614883,400.0,400.0,0.0,0.0,1.9552463084562786,32.16819469299581
frozen_resnet18,Frozen ResNet-18,ood,reach,Reach,camera_location_viewpoint,Camera viewpoint,camera_multi_pose,diverse_train,20,3,450,3,1,17,0.03777777777777778,3.7777777777777777,77,0.1711111111111111,17.11111111111111,364,0.8088888888888889,80.88888888888889,450,1.0,100.0,0.015074335068024488,0.015074335068024488,0.001847539461099511,0.0020906877142003472,0.3304862865273996,0.3304862865273996,0.018324121607979665,0.020735695624339776,399.35333333333335,399.3533333333333,1.1200595222278726,1.2674666666666652,1.507433506802449,33.04862865273996
frozen_resnet18,Frozen ResNet-18,ood,reach,Reach,camera_location_viewpoint,Camera viewpoint,camera_multi_pose,diverse_train,50,3,450,3,1,13,0.028888888888888888,2.888888888888889,132,0.29333333333333333,29.333333333333332,398,0.8844444444444445,88.44444444444444,450,1.0,100.0,0.01341004333109595,0.013410043331095947,0.0032551755608103534,0.003683577913134963,0.3366455280505276,0.3366455280505276,0.00852590150063774,0.00964796579189577,399.34222222222223,399.34222222222223,1.1393045312008756,1.2892444444444604,1.3410043331095949,33.664552805052764
frozen_resnet18,Frozen ResNet-18,ood,reach,Reach,camera_location_viewpoint,Camera viewpoint,camera_multi_pose,diverse_train,100,1,150,1,1,0,0.0,0.0,78,0.52,52.0,150,1.0,100.0,150,1.0,100.0,0.009965456305071712,0.009965456305071712,0.0,0.0,0.33408962140480675,0.33408962140480675,0.0,0.0,400.0,400.0,0.0,0.0,0.9965456305071712,33.408962140480675
frozen_resnet18,Frozen ResNet-18,ood,reach,Reach,camera_location_viewpoint,Camera viewpoint,camera_multi_pose,diverse_train,200,1,150,1,1,122,0.8133333333333334,81.33333333333333,150,1.0,100.0,150,1.0,100.0,150,1.0,100.0,0.0040498078404925765,0.0040498078404925765,0.0,0.0,0.3317699398100376,0.3317699398100376,0.0,0.0,400.0,400.0,0.0,0.0,0.40498078404925764,33.17699398100376
frozen_resnet18,Frozen ResNet-18,ood,reach,Reach,color,Color,color_multi,diverse_train,5,3,450,3,1,70,0.15555555555555556,15.555555555555555,300,0.6666666666666666,66.66666666666666,450,1.0,100.0,450,1.0,100.0,0.008432527822959755,0.008432527822959753,0.004623868958120304,0.005232400295829892,0.31667416632175444,0.31667416632175444,0.02018075719662896,0.022836676575851447,400.0,400.0,0.0,0.0,0.8432527822959754,31.667416632175442
frozen_resnet18,Frozen ResNet-18,ood,reach,Reach,color,Color,color_multi,diverse_train,20,3,450,3,1,0,0.0,0.0,117,0.26,26.0,450,1.0,100.0,450,1.0,100.0,0.012259941599849198,0.012259941599849196,0.003509833211738605,0.003971750173231626,0.32796304239167107,0.32796304239167107,0.017344612286761617,0.01962727648259296,400.0,400.0,0.0,0.0,1.2259941599849198,32.79630423916711
frozen_resnet18,Frozen ResNet-18,ood,reach,Reach,color,Color,color_multi,diverse_train,50,3,450,3,1,0,0.0,0.0,0,0.0,0.0,372,0.8266666666666667,82.66666666666667,450,1.0,100.0,0.01631155660168992,0.01631155660168992,0.0033944646099974,0.003841198310419848,0.33171918286217583,0.3317191828621758,0.007576032894545407,0.008573088276868292,400.0,400.0,0.0,0.0,1.631155660168992,33.17191828621758
frozen_resnet18,Frozen ResNet-18,ood,reach,Reach,color,Color,color_multi,diverse_train,100,1,150,1,1,0,0.0,0.0,118,0.7866666666666666,78.66666666666666,150,1.0,100.0,150,1.0,100.0,0.006827713530510664,0.006827713530510664,0.0,0.0,0.3514215348164241,0.3514215348164241,0.0,0.0,400.0,400.0,0.0,0.0,0.6827713530510664,35.14215348164241
frozen_resnet18,Frozen ResNet-18,ood,reach,Reach,color,Color,color_multi,diverse_train,200,1,150,1,1,0,0.0,0.0,41,0.2733333333333333,27.333333333333332,150,1.0,100.0,150,1.0,100.0,0.010343750603497029,0.010343750603497029,0.0,0.0,0.2982861405611038,0.2982861405611038,0.0,0.0,400.0,400.0,0.0,0.0,1.0343750603497028,29.828614056110382
frozen_resnet18,Frozen ResNet-18,ood,reach,Reach,color,Color,color_red_only,fixed_train,5,3,450,3,1,38,0.08444444444444445,8.444444444444445,38,0.08444444444444445,8.444444444444445,261,0.58,57.99999999999999,450,1.0,100.0,0.019359705628206332,0.019359705628206332,0.011048976206306082,0.01250309359848195,0.314492846859826,0.314492846859826,0.005372730878695626,0.006079817333432735,400.0,400.0,0.0,0.0,1.9359705628206332,31.449284685982597
frozen_resnet18,Frozen ResNet-18,ood,reach,Reach,color,Color,color_red_only,fixed_train,20,3,450,3,1,0,0.0,0.0,117,0.26,26.0,340,0.7555555555555555,75.55555555555556,450,1.0,100.0,0.015112807264344559,0.01511280726434456,0.0027332185987579754,0.0030929280077441374,0.32606967005464765,0.32606967005464765,0.020951587241451314,0.02370895288625162,400.0,400.0,0.0,0.0,1.5112807264344559,32.60696700546477
frozen_resnet18,Frozen ResNet-18,ood,reach,Reach,color,Color,color_red_only,fixed_train,50,3,450,3,1,79,0.17555555555555555,17.555555555555554,149,0.33111111111111113,33.111111111111114,299,0.6644444444444444,66.44444444444444,450,1.0,100.0,0.015127446658184959,0.015127446658184959,0.00812794415291706,0.009197634659504022,0.32887709008322824,0.32887709008322824,0.023640023791677248,0.026751205235557074,400.0,400.0,0.0,0.0,1.512744665818496,32.88770900832282
frozen_resnet18,Frozen ResNet-18,ood,reach,Reach,color,Color,color_red_only,fixed_train,100,1,150,1,1,0,0.0,0.0,70,0.4666666666666667,46.666666666666664,111,0.74,74.0,150,1.0,100.0,0.01427776283894976,0.01427776283894976,0.0,0.0,0.3402899005015691,0.3402899005015691,0.0,0.0,400.0,400.0,0.0,0.0,1.427776283894976,34.02899005015691
frozen_resnet18,Frozen ResNet-18,ood,reach,Reach,color,Color,color_red_only,fixed_train,200,1,150,1,1,38,0.25333333333333335,25.333333333333336,38,0.25333333333333335,25.333333333333336,150,1.0,100.0,150,1.0,100.0,0.011897163788477579,0.011897163788477579,0.0,0.0,0.3119702047109604,0.3119702047109604,0.0,0.0,400.0,400.0,0.0,0.0,1.1897163788477578,31.19702047109604
frozen_resnet18,Frozen ResNet-18,ood,reach,Reach,lighting_direction_intensity,Lighting,lighting_diverse,diverse_train,5,3,450,3,1,0,0.0,0.0,74,0.16444444444444445,16.444444444444446,204,0.4533333333333333,45.33333333333333,450,1.0,100.0,0.02114365112864309,0.021143651128643092,0.002621689177124904,0.0029667205862034004,0.3559831235143873,0.3559831235143873,0.01125416076902263,0.012735281789017141,400.0,400.0,0.0,0.0,2.114365112864309,35.598312351438736
frozen_resnet18,Frozen ResNet-18,ood,reach,Reach,lighting_direction_intensity,Lighting,lighting_diverse,diverse_train,20,3,450,3,1,0,0.0,0.0,0,0.0,0.0,190,0.4222222222222222,42.22222222222222,450,1.0,100.0,0.024279991595281495,0.024279991595281495,0.004061033361934488,0.004595491861213818,0.3557110464572906,0.3557110464572906,0.01304639961002743,0.01476339096053734,400.0,400.0,0.0,0.0,2.4279991595281496,35.571104645729065
frozen_resnet18,Frozen ResNet-18,ood,reach,Reach,lighting_direction_intensity,Lighting,lighting_diverse,diverse_train,50,3,450,3,1,0,0.0,0.0,0,0.0,0.0,34,0.07555555555555556,7.555555555555555,450,1.0,100.0,0.027692878031068378,0.027692878031068378,0.0030699067115827075,0.0034739264739858575,0.342467303276062,0.34246730327606206,0.013041916522020885,0.014758317868885278,400.0,400.0,0.0,0.0,2.7692878031068378,34.2467303276062
frozen_resnet18,Frozen ResNet-18,ood,reach,Reach,lighting_direction_intensity,Lighting,lighting_diverse,diverse_train,100,1,150,1,1,0,0.0,0.0,0,0.0,0.0,0,0.0,0.0,150,1.0,100.0,0.029882212554415068,0.029882212554415068,0.0,0.0,0.3608182950814565,0.3608182950814565,0.0,0.0,400.0,400.0,0.0,0.0,2.988221255441507,36.08182950814565
frozen_resnet18,Frozen ResNet-18,ood,reach,Reach,lighting_direction_intensity,Lighting,lighting_diverse,diverse_train,200,1,150,1,1,0,0.0,0.0,0,0.0,0.0,0,0.0,0.0,150,1.0,100.0,0.03092780997355779,0.03092780997355779,0.0,0.0,0.3257976730664571,0.3257976730664571,0.0,0.0,400.0,400.0,0.0,0.0,3.092780997355779,32.579767306645714
frozen_resnet18,Frozen ResNet-18,ood,reach,Reach,lighting_direction_intensity,Lighting,lighting_fixed,fixed_train,5,3,450,3,1,0,0.0,0.0,0,0.0,0.0,88,0.19555555555555557,19.555555555555557,238,0.5288888888888889,52.888888888888886,0.055878807057936984,0.05587880705793699,0.024897495468489534,0.028174168393324643,0.27079609043068353,0.2707960904306836,0.05267010183659871,0.05960183104826633,400.0,400.0,0.0,0.0,5.587880705793698,27.079609043068352
frozen_resnet18,Frozen ResNet-18,ood,reach,Reach,lighting_direction_intensity,Lighting,lighting_fixed,fixed_train,20,3,450,3,1,0,0.0,0.0,0,0.0,0.0,40,0.08888888888888889,8.88888888888889,224,0.49777777777777776,49.77777777777778,0.052486972841951585,0.052486972841951585,0.01408306747028367,0.01593649107816852,0.3138035022550159,0.3138035022550159,0.03660240587505327,0.0414195214145019,400.0,400.0,0.0,0.0,5.248697284195158,31.38035022550159
frozen_resnet18,Frozen ResNet-18,ood,reach,Reach,lighting_direction_intensity,Lighting,lighting_fixed,fixed_train,50,3,450,3,1,0,0.0,0.0,40,0.08888888888888889,8.88888888888889,128,0.28444444444444444,28.444444444444443,204,0.4533333333333333,45.33333333333333,0.04006896648142073,0.04006896648142073,0.013153685777326701,0.014884796687775634,0.23194541305303573,0.23194541305303573,0.07389936368625949,0.08362500233371978,400.0,400.0,0.0,0.0,4.006896648142073,23.194541305303574
frozen_resnet18,Frozen ResNet-18,ood,reach,Reach,lighting_direction_intensity,Lighting,lighting_fixed,fixed_train,100,1,150,1,1,0,0.0,0.0,0,0.0,0.0,40,0.26666666666666666,26.666666666666668,88,0.5866666666666667,58.666666666666664,0.03587627410888672,0.03587627410888672,0.0,0.0,0.29219467361768087,0.29219467361768087,0.0,0.0,400.0,400.0,0.0,0.0,3.587627410888672,29.219467361768086
frozen_resnet18,Frozen ResNet-18,ood,reach,Reach,lighting_direction_intensity,Lighting,lighting_fixed,fixed_train,200,1,150,1,1,0,0.0,0.0,0,0.0,0.0,88,0.5866666666666667,58.666666666666664,122,0.8133333333333334,81.33333333333333,0.029696424901485444,0.029696424901485444,0.0,0.0,0.27768340706825256,0.27768340706825256,0.0,0.0,400.0,400.0,0.0,0.0,2.9696424901485443,27.768340706825256
frozen_resnet18,Frozen ResNet-18,ood,reach,Reach,spatial_distribution,Spatial distribution,spatial_narrow,narrow_train,5,3,450,3,1,4,0.008888888888888889,0.8888888888888888,7,0.015555555555555555,1.5555555555555556,16,0.035555555555555556,3.5555555555555554,62,0.13777777777777778,13.777777777777779,0.12982355436982793,0.12982355436982793,0.004402551710488838,0.004981956253737077,0.30738365080000624,0.30738365080000624,0.07322892032345617,0.08286632424797763,400.0,400.0,0.0,0.0,12.982355436982793,30.738365080000623
frozen_resnet18,Frozen ResNet-18,ood,reach,Reach,spatial_distribution,Spatial distribution,spatial_narrow,narrow_train,20,3,450,3,1,3,0.006666666666666667,0.6666666666666667,14,0.03111111111111111,3.111111111111111,39,0.08666666666666667,8.666666666666668,105,0.23333333333333334,23.333333333333332,0.10687526505026552,0.10687526505026552,0.0055445071521407815,0.00627420048575208,0.2317774706168307,0.23177747061683074,0.02085758992157698,0.023602584905503817,400.0,400.0,0.0,0.0,10.687526505026552,23.17774706168307
frozen_resnet18,Frozen ResNet-18,ood,reach,Reach,spatial_distribution,Spatial distribution,spatial_narrow,narrow_train,50,3,450,3,1,7,0.015555555555555555,1.5555555555555556,24,0.05333333333333334,5.333333333333334,69,0.15333333333333332,15.333333333333332,161,0.35777777777777775,35.77777777777777,0.09309804154508229,0.09309804154508229,0.008048665165098147,0.009107922039385695,0.2490635106050306,0.2490635106050306,0.04869534056424597,0.05510396524677392,400.0,400.0,0.0,0.0,9.30980415450823,24.90635106050306
frozen_resnet18,Frozen ResNet-18,ood,reach,Reach,spatial_distribution,Spatial distribution,spatial_narrow,narrow_train,100,1,150,1,1,2,0.013333333333333334,1.3333333333333335,15,0.1,10.0,30,0.2,20.0,59,0.3933333333333333,39.33333333333333,0.08429437758090595,0.08429437758090595,0.0,0.0,0.20692977316677572,0.20692977316677572,0.0,0.0,400.0,400.0,0.0,0.0,8.429437758090595,20.69297731667757
frozen_resnet18,Frozen ResNet-18,ood,reach,Reach,spatial_distribution,Spatial distribution,spatial_narrow,narrow_train,200,1,150,1,1,7,0.04666666666666667,4.666666666666667,19,0.12666666666666668,12.666666666666668,29,0.19333333333333333,19.333333333333332,56,0.37333333333333335,37.333333333333336,0.07590651240432635,0.07590651240432635,0.0,0.0,0.1827572679022948,0.1827572679022948,0.0,0.0,400.0,400.0,0.0,0.0,7.590651240432635,18.27572679022948
frozen_resnet18,Frozen ResNet-18,ood,reach,Reach,spatial_distribution,Spatial distribution,spatial_wide,wide_train,5,3,450,3,1,1,0.0022222222222222222,0.2222222222222222,9,0.02,2.0,30,0.06666666666666667,6.666666666666667,90,0.2,20.0,0.11537955733119613,0.11537955733119613,0.02134929189279005,0.024158998065768055,0.2745973017149501,0.27459730171495017,0.047020009436466156,0.05320814960666726,400.0,400.0,0.0,0.0,11.537955733119613,27.45973017149501
frozen_resnet18,Frozen ResNet-18,ood,reach,Reach,spatial_distribution,Spatial distribution,spatial_wide,wide_train,20,3,450,3,1,1,0.0022222222222222222,0.2222222222222222,11,0.024444444444444446,2.4444444444444446,59,0.13111111111111112,13.111111111111112,230,0.5111111111111111,51.11111111111111,0.06425859661902197,0.06425859661902197,0.015217280953765731,0.01721997445978199,0.2017300558775767,0.20173005587757667,0.043547812721462395,0.049278989138817224,399.3622222222222,399.3622222222222,1.1046635150494966,1.2500444444444587,6.425859661902197,20.173005587757668
frozen_resnet18,Frozen ResNet-18,ood,reach,Reach,spatial_distribution,Spatial distribution,spatial_wide,wide_train,50,3,450,3,1,28,0.06222222222222222,6.222222222222222,80,0.17777777777777778,17.77777777777778,208,0.4622222222222222,46.22222222222222,333,0.74,74.0,0.03700575971665482,0.03700575971665482,0.0031119632924800486,0.003521517975458317,0.15550293109276228,0.15550293109276228,0.03363469767557228,0.03806124344392254,400.0,400.0,0.0,0.0,3.700575971665482,15.550293109276229
frozen_resnet18,Frozen ResNet-18,ood,reach,Reach,spatial_distribution,Spatial distribution,spatial_wide,wide_train,100,1,150,1,1,4,0.02666666666666667,2.666666666666667,22,0.14666666666666667,14.666666666666666,76,0.5066666666666667,50.66666666666667,117,0.78,78.0,0.033678482146933676,0.033678482146933676,0.0,0.0,0.14042339999228715,0.14042339999228715,0.0,0.0,400.0,400.0,0.0,0.0,3.3678482146933675,14.042339999228714
frozen_resnet18,Frozen ResNet-18,ood,reach,Reach,spatial_distribution,Spatial distribution,spatial_wide,wide_train,200,1,150,1,1,15,0.1,10.0,61,0.4066666666666667,40.666666666666664,99,0.66,66.0,126,0.84,84.0,0.023139981344187013,0.023139981344187013,0.0,0.0,0.12713067811603349,0.12713067811603349,0.0,0.0,400.0,400.0,0.0,0.0,2.3139981344187013,12.713067811603349
partial_resnet18,Partial ResNet-18,id,avoid_reach,Obstacle-aware reach,camera_location_viewpoint,Camera viewpoint,avoid_camera_fixed,fixed_train,5,3,450,3,1,0,0.0,0.0,0,0.0,0.0,0,0.0,0.0,150,0.3333333333333333,33.33333333333333,0.073577964057525,0.073577964057525,0.043002757497028,0.048662201088938414,0.3542540669441223,0.3542540669441223,0.2734254647749987,0.3094100407546423,400.0,400.0,0.0,0.0,7.3577964057525,35.42540669441223
partial_resnet18,Partial ResNet-18,id,avoid_reach,Obstacle-aware reach,camera_location_viewpoint,Camera viewpoint,avoid_camera_fixed,fixed_train,20,3,450,3,1,0,0.0,0.0,0,0.0,0.0,0,0.0,0.0,150,0.3333333333333333,33.33333333333333,0.09687339638670285,0.09687339638670285,0.0544622439835967,0.061629830800217236,0.4117323656876882,0.4117323656876882,0.26614401108062785,0.3011703002235902,400.0,400.0,0.0,0.0,9.687339638670284,41.173236568768814
partial_resnet18,Partial ResNet-18,id,avoid_reach,Obstacle-aware reach,camera_location_viewpoint,Camera viewpoint,avoid_camera_fixed,fixed_train,50,3,450,3,1,0,0.0,0.0,0,0.0,0.0,0,0.0,0.0,150,0.3333333333333333,33.33333333333333,0.052796793480714165,0.052796793480714165,0.013410763647231004,0.015175707683463845,0.3108496169249217,0.3108496169249217,0.008423073160174703,0.009531604570604322,400.0,400.0,0.0,0.0,5.279679348071417,31.08496169249217
partial_resnet18,Partial ResNet-18,id,avoid_reach,Obstacle-aware reach,camera_location_viewpoint,Camera viewpoint,avoid_camera_fixed,fixed_train,100,1,150,1,1,0,0.0,0.0,0,0.0,0.0,0,0.0,0.0,150,1.0,100.0,0.03774866834282875,0.03774866834282875,0.0,0.0,0.3107907772064209,0.3107907772064209,0.0,0.0,400.0,400.0,0.0,0.0,3.774866834282875,31.07907772064209
partial_resnet18,Partial ResNet-18,id,avoid_reach,Obstacle-aware reach,camera_location_viewpoint,Camera viewpoint,avoid_camera_fixed,fixed_train,200,1,150,1,1,0,0.0,0.0,0,0.0,0.0,0,0.0,0.0,0,0.0,0.0,0.09600025415420532,0.09600025415420532,0.0,0.0,0.825584888458252,0.825584888458252,0.0,0.0,400.0,400.0,0.0,0.0,9.600025415420532,82.5584888458252
partial_resnet18,Partial ResNet-18,id,avoid_reach,Obstacle-aware reach,camera_location_viewpoint,Camera viewpoint,avoid_camera_multi_pose,diverse_train,5,3,450,3,1,0,0.0,0.0,0,0.0,0.0,2,0.0044444444444444444,0.4444444444444444,43,0.09555555555555556,9.555555555555555,0.08718059891213974,0.08718059891213974,0.010795191668804927,0.012215909359238735,0.2911139188541306,0.2911139188541307,0.14199803606807976,0.16068590452267592,400.0,400.0,0.0,0.0,8.718059891213974,29.111391885413063
partial_resnet18,Partial ResNet-18,id,avoid_reach,Obstacle-aware reach,camera_location_viewpoint,Camera viewpoint,avoid_camera_multi_pose,diverse_train,20,3,450,3,1,4,0.008888888888888889,0.8888888888888888,15,0.03333333333333333,3.3333333333333335,45,0.1,10.0,324,0.72,72.0,0.04400610138274108,0.04400610138274108,0.009809600620091894,0.01110060809495944,0.1957083433121443,0.19570834331214426,0.040491039719446335,0.04581992485630874,400.0,400.0,0.0,0.0,4.400610138274108,19.570834331214428
partial_resnet18,Partial ResNet-18,id,avoid_reach,Obstacle-aware reach,camera_location_viewpoint,Camera viewpoint,avoid_camera_multi_pose,diverse_train,50,3,450,3,1,0,0.0,0.0,0,0.0,0.0,0,0.0,0.0,379,0.8422222222222222,84.22222222222221,0.04422829238077005,0.04422829238077005,0.005358131209928474,0.006063296252954859,0.3189195741713047,0.31891957417130473,0.20742811631773478,0.23472701043534072,400.0,400.0,0.0,0.0,4.422829238077005,31.891957417130467
partial_resnet18,Partial ResNet-18,id,avoid_reach,Obstacle-aware reach,camera_location_viewpoint,Camera viewpoint,avoid_camera_multi_pose,diverse_train,100,1,150,1,1,0,0.0,0.0,0,0.0,0.0,0,0.0,0.0,0,0.0,0.0,0.08872648820281029,0.08872648820281029,0.0,0.0,0.9124926348527272,0.9124926348527272,0.0,0.0,400.0,400.0,0.0,0.0,8.872648820281029,91.24926348527272
partial_resnet18,Partial ResNet-18,id,avoid_reach,Obstacle-aware reach,camera_location_viewpoint,Camera viewpoint,avoid_camera_multi_pose,diverse_train,200,1,150,1,1,0,0.0,0.0,7,0.04666666666666667,4.666666666666667,147,0.98,98.0,150,1.0,100.0,0.013663497890035311,0.013663497890035311,0.0,0.0,0.17141879161198934,0.17141879161198934,0.0,0.0,400.0,400.0,0.0,0.0,1.3663497890035312,17.141879161198933
partial_resnet18,Partial ResNet-18,id,avoid_reach,Obstacle-aware reach,color,Color,avoid_color_multi,diverse_train,5,3,450,3,1,0,0.0,0.0,0,0.0,0.0,0,0.0,0.0,150,0.3333333333333333,33.33333333333333,0.12166083260542816,0.12166083260542816,0.11412472564782195,0.1291442845049659,0.380158622595999,0.380158622595999,0.35536236948973987,0.4021303769821386,400.0,400.0,0.0,0.0,12.166083260542816,38.0158622595999
partial_resnet18,Partial ResNet-18,id,avoid_reach,Obstacle-aware reach,color,Color,avoid_color_multi,diverse_train,20,3,450,3,1,0,0.0,0.0,0,0.0,0.0,0,0.0,0.0,150,0.3333333333333333,33.33333333333333,0.10186468270917734,0.10186468270917733,0.08548831582924328,0.09673913622689945,0.31873115498158666,0.31873115498158666,0.2809892681363328,0.31796929001189905,400.0,400.0,0.0,0.0,10.186468270917734,31.873115498158665
partial_resnet18,Partial ResNet-18,id,avoid_reach,Obstacle-aware reach,color,Color,avoid_color_multi,diverse_train,50,3,450,3,1,0,0.0,0.0,150,0.3333333333333333,33.33333333333333,150,0.3333333333333333,33.33333333333333,300,0.6666666666666666,66.66666666666666,0.0387836506911036,0.0387836506911036,0.030554118034878043,0.03457523941368534,0.3389659317334493,0.3389659317334493,0.11113821572195305,0.12576473037807562,400.0,400.0,0.0,0.0,3.87836506911036,33.89659317334493
partial_resnet18,Partial ResNet-18,id,avoid_reach,Obstacle-aware reach,color,Color,avoid_color_multi,diverse_train,100,1,150,1,1,0,0.0,0.0,0,0.0,0.0,0,0.0,0.0,150,1.0,100.0,0.021336166138450303,0.021336166138450303,0.0,0.0,0.26283951659997307,0.26283951659997307,0.0,0.0,400.0,400.0,0.0,0.0,2.1336166138450303,26.283951659997307
partial_resnet18,Partial ResNet-18,id,avoid_reach,Obstacle-aware reach,color,Color,avoid_color_multi,diverse_train,200,1,150,1,1,0,0.0,0.0,0,0.0,0.0,0,0.0,0.0,0,0.0,0.0,0.09173466155926387,0.09173466155926387,0.0,0.0,0.2795613197485606,0.2795613197485606,0.0,0.0,400.0,400.0,0.0,0.0,9.173466155926386,27.956131974856056
partial_resnet18,Partial ResNet-18,id,avoid_reach,Obstacle-aware reach,color,Color,avoid_color_red_only,fixed_train,5,3,450,3,1,0,0.0,0.0,0,0.0,0.0,0,0.0,0.0,150,0.3333333333333333,33.33333333333333,0.073577964057525,0.073577964057525,0.043002757497028,0.048662201088938414,0.3542540669441223,0.3542540669441223,0.2734254647749987,0.3094100407546423,400.0,400.0,0.0,0.0,7.3577964057525,35.42540669441223
partial_resnet18,Partial ResNet-18,id,avoid_reach,Obstacle-aware reach,color,Color,avoid_color_red_only,fixed_train,20,3,450,3,1,0,0.0,0.0,0,0.0,0.0,0,0.0,0.0,150,0.3333333333333333,33.33333333333333,0.09687339638670285,0.09687339638670285,0.0544622439835967,0.061629830800217236,0.4117323656876882,0.4117323656876882,0.26614401108062785,0.3011703002235902,400.0,400.0,0.0,0.0,9.687339638670284,41.173236568768814
partial_resnet18,Partial ResNet-18,id,avoid_reach,Obstacle-aware reach,color,Color,avoid_color_red_only,fixed_train,50,3,450,3,1,0,0.0,0.0,0,0.0,0.0,0,0.0,0.0,150,0.3333333333333333,33.33333333333333,0.052796793480714165,0.052796793480714165,0.013410763647231004,0.015175707683463845,0.3108496169249217,0.3108496169249217,0.008423073160174703,0.009531604570604322,400.0,400.0,0.0,0.0,5.279679348071417,31.08496169249217
partial_resnet18,Partial ResNet-18,id,avoid_reach,Obstacle-aware reach,color,Color,avoid_color_red_only,fixed_train,100,1,150,1,1,0,0.0,0.0,0,0.0,0.0,0,0.0,0.0,150,1.0,100.0,0.03774866834282875,0.03774866834282875,0.0,0.0,0.3107907772064209,0.3107907772064209,0.0,0.0,400.0,400.0,0.0,0.0,3.774866834282875,31.07907772064209
partial_resnet18,Partial ResNet-18,id,avoid_reach,Obstacle-aware reach,color,Color,avoid_color_red_only,fixed_train,200,1,150,1,1,0,0.0,0.0,0,0.0,0.0,0,0.0,0.0,0,0.0,0.0,0.09600025415420532,0.09600025415420532,0.0,0.0,0.825584888458252,0.825584888458252,0.0,0.0,400.0,400.0,0.0,0.0,9.600025415420532,82.5584888458252
partial_resnet18,Partial ResNet-18,id,avoid_reach,Obstacle-aware reach,lighting_direction_intensity,Lighting,avoid_lighting_diverse,diverse_train,5,3,450,3,1,0,0.0,0.0,0,0.0,0.0,0,0.0,0.0,47,0.10444444444444445,10.444444444444445,0.09518552892323998,0.09518552892323996,0.014792692924779718,0.016739507874635642,0.2944910093314118,0.29449100933141176,0.10594414175222373,0.11988708236903207,400.0,400.0,0.0,0.0,9.518552892323997,29.44910093314118
partial_resnet18,Partial ResNet-18,id,avoid_reach,Obstacle-aware reach,lighting_direction_intensity,Lighting,avoid_lighting_diverse,diverse_train,20,3,450,3,1,0,0.0,0.0,12,0.02666666666666667,2.666666666666667,121,0.2688888888888889,26.88888888888889,304,0.6755555555555556,67.55555555555556,0.04067053837080797,0.04067053837080797,0.028269803379349645,0.031990294038370407,0.3143672284980615,0.3143672284980615,0.11660925399172598,0.1319557929969639,400.0,400.0,0.0,0.0,4.067053837080796,31.43672284980615
partial_resnet18,Partial ResNet-18,id,avoid_reach,Obstacle-aware reach,lighting_direction_intensity,Lighting,avoid_lighting_diverse,diverse_train,50,3,450,3,1,11,0.024444444444444446,2.4444444444444446,34,0.07555555555555556,7.555555555555555,133,0.29555555555555557,29.555555555555557,408,0.9066666666666666,90.66666666666666,0.02959334433492687,0.02959334433492687,0.014809653948959974,0.016758701080313,0.2963671696517203,0.2963671696517203,0.05924416214066227,0.0670410806012574,400.0,400.0,0.0,0.0,2.959334433492687,29.636716965172027
partial_resnet18,Partial ResNet-18,id,avoid_reach,Obstacle-aware reach,lighting_direction_intensity,Lighting,avoid_lighting_diverse,diverse_train,100,1,150,1,1,0,0.0,0.0,18,0.12,12.0,107,0.7133333333333334,71.33333333333334,136,0.9066666666666666,90.66666666666666,0.02630898365750909,0.02630898365750909,0.0,0.0,0.28383686939875286,0.28383686939875286,0.0,0.0,400.0,400.0,0.0,0.0,2.630898365750909,28.383686939875286
partial_resnet18,Partial ResNet-18,id,avoid_reach,Obstacle-aware reach,lighting_direction_intensity,Lighting,avoid_lighting_diverse,diverse_train,200,1,150,1,1,0,0.0,0.0,0,0.0,0.0,0,0.0,0.0,0,0.0,0.0,0.08538700831433137,0.08538700831433137,0.0,0.0,0.48808075100183484,0.48808075100183484,0.0,0.0,400.0,400.0,0.0,0.0,8.538700831433136,48.80807510018349
partial_resnet18,Partial ResNet-18,id,avoid_reach,Obstacle-aware reach,lighting_direction_intensity,Lighting,avoid_lighting_fixed,fixed_train,5,3,450,3,1,0,0.0,0.0,0,0.0,0.0,0,0.0,0.0,0,0.0,0.0,0.08544243375460307,0.08544243375460307,0.01392584645886346,0.0157585787553677,0.3566708092888196,0.3566708092888196,0.31399725112260324,0.35532133902245755,400.0,400.0,0.0,0.0,8.544243375460308,35.66708092888196
partial_resnet18,Partial ResNet-18,id,avoid_reach,Obstacle-aware reach,lighting_direction_intensity,Lighting,avoid_lighting_fixed,fixed_train,20,3,450,3,1,0,0.0,0.0,0,0.0,0.0,0,0.0,0.0,300,0.6666666666666666,66.66666666666666,0.0756300613284111,0.0756300613284111,0.04576401103045971,0.05178685361176052,0.19327733417352042,0.19327733417352042,0.05555775126348891,0.06286951398918936,400.0,400.0,0.0,0.0,7.56300613284111,19.327733417352043
partial_resnet18,Partial ResNet-18,id,avoid_reach,Obstacle-aware reach,lighting_direction_intensity,Lighting,avoid_lighting_fixed,fixed_train,50,3,450,3,1,0,0.0,0.0,0,0.0,0.0,150,0.3333333333333333,33.33333333333333,300,0.6666666666666666,66.66666666666666,0.03167696110904217,0.03167696110904217,0.02530552149839837,0.028635893312204955,0.27998889485994977,0.27998889485994977,0.053959290684381475,0.061060685563741474,400.0,400.0,0.0,0.0,3.1676961109042168,27.998889485994976
partial_resnet18,Partial ResNet-18,id,avoid_reach,Obstacle-aware reach,lighting_direction_intensity,Lighting,avoid_lighting_fixed,fixed_train,100,1,150,1,1,0,0.0,0.0,0,0.0,0.0,150,1.0,100.0,150,1.0,100.0,0.011713244952261448,0.011713244952261448,0.0,0.0,0.21297712624073029,0.21297712624073029,0.0,0.0,400.0,400.0,0.0,0.0,1.1713244952261448,21.29771262407303
partial_resnet18,Partial ResNet-18,id,avoid_reach,Obstacle-aware reach,lighting_direction_intensity,Lighting,avoid_lighting_fixed,fixed_train,200,1,150,1,1,0,0.0,0.0,0,0.0,0.0,0,0.0,0.0,150,1.0,100.0,0.04693513363599777,0.04693513363599777,0.0,0.0,0.2606208920478821,0.2606208920478821,0.0,0.0,400.0,400.0,0.0,0.0,4.693513363599777,26.062089204788208
partial_resnet18,Partial ResNet-18,id,avoid_reach,Obstacle-aware reach,spatial_distribution,Spatial distribution,avoid_spatial_narrow,narrow_train,5,3,450,3,1,1,0.0022222222222222222,0.2222222222222222,3,0.006666666666666667,0.6666666666666667,12,0.02666666666666667,2.666666666666667,39,0.08666666666666667,8.666666666666668,0.1374086551502761,0.1374086551502761,0.06563991051101688,0.07427855120611233,0.4245228945877817,0.4245228945877817,0.3886528297539532,0.4398020791243192,400.0,400.0,0.0,0.0,13.74086551502761,42.45228945877817
partial_resnet18,Partial ResNet-18,id,avoid_reach,Obstacle-aware reach,spatial_distribution,Spatial distribution,avoid_spatial_narrow,narrow_train,20,3,450,3,1,1,0.0022222222222222222,0.2222222222222222,5,0.011111111111111112,1.1111111111111112,16,0.035555555555555556,3.5555555555555554,121,0.2688888888888889,26.88888888888889,0.07410474500851706,0.07410474500851706,0.023929623606974194,0.02707891827694223,0.1986000324289004,0.19860003242890042,0.07589207122693636,0.08587996319437073,400.0,400.0,0.0,0.0,7.410474500851707,19.86000324289004
partial_resnet18,Partial ResNet-18,id,avoid_reach,Obstacle-aware reach,spatial_distribution,Spatial distribution,avoid_spatial_narrow,narrow_train,50,3,450,3,1,8,0.017777777777777778,1.7777777777777777,34,0.07555555555555556,7.555555555555555,86,0.19111111111111112,19.11111111111111,242,0.5377777777777778,53.77777777777778,0.06345929512598862,0.06345929512598862,0.03925355731134998,0.0444195816855023,0.2883949260496431,0.28839492604964306,0.09294381918263783,0.1051758324882314,400.0,400.0,0.0,0.0,6.345929512598862,28.839492604964313
partial_resnet18,Partial ResNet-18,id,avoid_reach,Obstacle-aware reach,spatial_distribution,Spatial distribution,avoid_spatial_narrow,narrow_train,100,1,150,1,1,0,0.0,0.0,0,0.0,0.0,10,0.06666666666666667,6.666666666666667,93,0.62,62.0,0.04495528101921081,0.04495528101921081,0.0,0.0,0.2305869976679484,0.2305869976679484,0.0,0.0,400.0,400.0,0.0,0.0,4.4955281019210815,23.05869976679484
partial_resnet18,Partial ResNet-18,id,avoid_reach,Obstacle-aware reach,spatial_distribution,Spatial distribution,avoid_spatial_narrow,narrow_train,200,1,150,1,1,8,0.05333333333333334,5.333333333333334,22,0.14666666666666667,14.666666666666666,57,0.38,38.0,106,0.7066666666666667,70.66666666666667,0.03685092579262952,0.03685092579262952,0.0,0.0,0.2665241322914759,0.2665241322914759,0.0,0.0,400.0,400.0,0.0,0.0,3.685092579262952,26.65241322914759
partial_resnet18,Partial ResNet-18,id,avoid_reach,Obstacle-aware reach,spatial_distribution,Spatial distribution,avoid_spatial_wide,wide_train,5,3,450,3,1,0,0.0,0.0,1,0.0022222222222222222,0.2222222222222222,16,0.035555555555555556,3.5555555555555554,90,0.2,20.0,0.1054812529972858,0.1054812529972858,0.007789758572535262,0.00881494164919984,0.2224597454153829,0.22245974541538294,0.044354497238783465,0.05019183860434101,400.0,400.0,0.0,0.0,10.548125299728579,22.245974541538292
partial_resnet18,Partial ResNet-18,id,avoid_reach,Obstacle-aware reach,spatial_distribution,Spatial distribution,avoid_spatial_wide,wide_train,20,3,450,3,1,0,0.0,0.0,6,0.013333333333333334,1.3333333333333335,27,0.06,6.0,126,0.28,28.000000000000004,0.1039658075508972,0.1039658075508972,0.04498828147441644,0.05090903298248066,0.17385333847668435,0.17385333847668435,0.03276176857687211,0.037073431177691255,400.0,400.0,0.0,0.0,10.396580755089719,17.385333847668434
partial_resnet18,Partial ResNet-18,id,avoid_reach,Obstacle-aware reach,spatial_distribution,Spatial distribution,avoid_spatial_wide,wide_train,50,3,450,3,1,8,0.017777777777777778,1.7777777777777777,34,0.07555555555555556,7.555555555555555,98,0.21777777777777776,21.777777777777775,229,0.5088888888888888,50.888888888888886,0.056813511660115584,0.056813511660115584,0.023945898277283516,0.027097334800098988,0.3665231115329597,0.3665231115329597,0.20293353940454883,0.22964091786152682,400.0,400.0,0.0,0.0,5.6813511660115585,36.65231115329597
partial_resnet18,Partial ResNet-18,id,avoid_reach,Obstacle-aware reach,spatial_distribution,Spatial distribution,avoid_spatial_wide,wide_train,100,1,150,1,1,1,0.006666666666666667,0.6666666666666667,3,0.02,2.0,13,0.08666666666666667,8.666666666666668,58,0.38666666666666666,38.666666666666664,0.07354824376913409,0.07354824376913409,0.0,0.0,0.31788697456320125,0.31788697456320125,0.0,0.0,400.0,400.0,0.0,0.0,7.354824376913409,31.788697456320126
partial_resnet18,Partial ResNet-18,id,avoid_reach,Obstacle-aware reach,spatial_distribution,Spatial distribution,avoid_spatial_wide,wide_train,200,1,150,1,1,0,0.0,0.0,0,0.0,0.0,0,0.0,0.0,0,0.0,0.0,0.3694859190781911,0.3694859190781911,0.0,0.0,0.9700442318121593,0.9700442318121593,0.0,0.0,400.0,400.0,0.0,0.0,36.948591907819115,97.00442318121593
partial_resnet18,Partial ResNet-18,id,reach,Reach,camera_location_viewpoint,Camera viewpoint,camera_fixed,fixed_train,5,3,450,3,1,0,0.0,0.0,0,0.0,0.0,0,0.0,0.0,150,0.3333333333333333,33.33333333333333,0.05489105855425199,0.05489105855425199,0.01991559914484118,0.0225366219935996,0.23469301064809164,0.23469301064809164,0.05145168180207387,0.05822305898382519,400.0,400.0,0.0,0.0,5.4891058554251995,23.469301064809166
partial_resnet18,Partial ResNet-18,id,reach,Reach,camera_location_viewpoint,Camera viewpoint,camera_fixed,fixed_train,20,3,450,3,1,0,0.0,0.0,0,0.0,0.0,0,0.0,0.0,150,0.3333333333333333,33.33333333333333,0.06103953098257383,0.06103953098257383,0.02117710525485134,0.0239641505423091,0.1892468680938085,0.1892468680938085,0.07704955706269771,0.08718978172173632,400.0,400.0,0.0,0.0,6.103953098257383,18.92468680938085
partial_resnet18,Partial ResNet-18,id,reach,Reach,camera_location_viewpoint,Camera viewpoint,camera_fixed,fixed_train,50,3,450,3,1,0,0.0,0.0,0,0.0,0.0,0,0.0,0.0,150,0.3333333333333333,33.33333333333333,0.06392861902713776,0.06392861902713776,0.024905327760795837,0.028183031466424622,0.27077313760916394,0.27077313760916394,0.07753241267674521,0.08773618428648641,400.0,400.0,0.0,0.0,6.392861902713776,27.077313760916393
partial_resnet18,Partial ResNet-18,id,reach,Reach,camera_location_viewpoint,Camera viewpoint,camera_fixed,fixed_train,100,1,150,1,1,0,0.0,0.0,0,0.0,0.0,150,1.0,100.0,150,1.0,100.0,0.010201143100857735,0.010201143100857735,0.0,0.0,0.010208657011389732,0.010208657011389732,0.0,0.0,400.0,400.0,0.0,0.0,1.0201143100857735,1.0208657011389732
partial_resnet18,Partial ResNet-18,id,reach,Reach,camera_location_viewpoint,Camera viewpoint,camera_fixed,fixed_train,200,1,150,1,1,150,1.0,100.0,150,1.0,100.0,150,1.0,100.0,150,1.0,100.0,0.0027434187941253185,0.0027434187941253185,0.0,0.0,0.11497925221920013,0.11497925221920013,0.0,0.0,400.0,400.0,0.0,0.0,0.27434187941253185,11.497925221920013
partial_resnet18,Partial ResNet-18,id,reach,Reach,camera_location_viewpoint,Camera viewpoint,camera_multi_pose,diverse_train,5,3,450,3,1,3,0.006666666666666667,0.6666666666666667,11,0.024444444444444446,2.4444444444444446,36,0.08,8.0,252,0.56,56.00000000000001,0.048454705422692416,0.048454705422692416,0.004361081936983137,0.004935028787339448,0.20297126147896052,0.2029712614789605,0.018366948114256973,0.02078415837839798,400.0,400.0,0.0,0.0,4.845470542269242,20.29712614789605
partial_resnet18,Partial ResNet-18,id,reach,Reach,camera_location_viewpoint,Camera viewpoint,camera_multi_pose,diverse_train,20,3,450,3,1,23,0.051111111111111114,5.111111111111112,41,0.09111111111111111,9.11111111111111,85,0.18888888888888888,18.88888888888889,224,0.49777777777777776,49.77777777777778,0.04969973925074252,0.049699739250742524,0.011017582611511537,0.012467568401687248,0.2123478647979856,0.2123478647979856,0.04943294195392735,0.0559386397941128,399.24888888888887,399.24888888888887,1.105065776490404,1.2504996461167959,4.969973925074251,21.234786479798558
partial_resnet18,Partial ResNet-18,id,reach,Reach,camera_location_viewpoint,Camera viewpoint,camera_multi_pose,diverse_train,50,3,450,3,1,8,0.017777777777777778,1.7777777777777777,31,0.06888888888888889,6.888888888888889,110,0.24444444444444444,24.444444444444443,442,0.9822222222222222,98.22222222222223,0.028079115354662967,0.028079115354662967,0.00676575155457995,0.0076561686233614515,0.186403567392586,0.186403567392586,0.07524119926847184,0.08514343223753287,400.0,400.0,0.0,0.0,2.807911535466297,18.6403567392586
partial_resnet18,Partial ResNet-18,id,reach,Reach,camera_location_viewpoint,Camera viewpoint,camera_multi_pose,diverse_train,100,1,150,1,1,20,0.13333333333333333,13.333333333333334,56,0.37333333333333335,37.333333333333336,104,0.6933333333333334,69.33333333333334,121,0.8066666666666666,80.66666666666666,0.02395992731054624,0.02395992731054624,0.0,0.0,0.2552614350818718,0.2552614350818718,0.0,0.0,397.06666666666666,397.06666666666666,0.0,0.0,2.395992731054624,25.526143508187182
partial_resnet18,Partial ResNet-18,id,reach,Reach,camera_location_viewpoint,Camera viewpoint,camera_multi_pose,diverse_train,200,1,150,1,1,0,0.0,0.0,0,0.0,0.0,150,1.0,100.0,150,1.0,100.0,0.015624092314392329,0.015624092314392329,0.0,0.0,0.26537146990497906,0.26537146990497906,0.0,0.0,400.0,400.0,0.0,0.0,1.5624092314392328,26.537146990497906
partial_resnet18,Partial ResNet-18,id,reach,Reach,color,Color,color_multi,diverse_train,5,3,450,3,1,40,0.08888888888888889,8.88888888888889,40,0.08888888888888889,8.88888888888889,119,0.2644444444444444,26.444444444444443,233,0.5177777777777778,51.77777777777778,0.048410731657511655,0.04841073165751166,0.03580275574085483,0.040514632102837386,0.20807427030470635,0.20807427030470635,0.09830169010564271,0.11123883419880447,400.0,400.0,0.0,0.0,4.841073165751165,20.807427030470635
partial_resnet18,Partial ResNet-18,id,reach,Reach,color,Color,color_multi,diverse_train,20,3,450,3,1,0,0.0,0.0,0,0.0,0.0,0,0.0,0.0,186,0.41333333333333333,41.333333333333336,0.05217866670754221,0.05217866670754221,0.00814606265218498,0.009218137671546127,0.2502206223540836,0.2502206223540836,0.012185833566272482,0.013789568807983295,400.0,400.0,0.0,0.0,5.217866670754221,25.02206223540836
partial_resnet18,Partial ResNet-18,id,reach,Reach,color,Color,color_multi,diverse_train,50,3,450,3,1,0,0.0,0.0,40,0.08888888888888889,8.88888888888889,114,0.25333333333333335,25.333333333333336,181,0.4022222222222222,40.22222222222222,0.04222043437055416,0.04222043437055415,0.025756737750758728,0.02914649256874041,0.24630766371885934,0.24630766371885934,0.18367863785577113,0.20785194558040998,400.0,400.0,0.0,0.0,4.222043437055416,24.630766371885933
partial_resnet18,Partial ResNet-18,id,reach,Reach,color,Color,color_multi,diverse_train,100,1,150,1,1,0,0.0,0.0,0,0.0,0.0,0,0.0,0.0,150,1.0,100.0,0.029394143211344877,0.029394143211344877,0.0,0.0,0.23857927232980727,0.23857927232980727,0.0,0.0,400.0,400.0,0.0,0.0,2.9394143211344876,23.857927232980728
partial_resnet18,Partial ResNet-18,id,reach,Reach,color,Color,color_multi,diverse_train,200,1,150,1,1,150,1.0,100.0,150,1.0,100.0,150,1.0,100.0,150,1.0,100.0,0.002923750391540428,0.002923750391540428,0.0,0.0,0.019938605750600497,0.019938605750600497,0.0,0.0,400.0,400.0,0.0,0.0,0.2923750391540428,1.9938605750600495
partial_resnet18,Partial ResNet-18,id,reach,Reach,color,Color,color_red_only,fixed_train,5,3,450,3,1,0,0.0,0.0,0,0.0,0.0,0,0.0,0.0,150,0.3333333333333333,33.33333333333333,0.05489105855425199,0.05489105855425199,0.01991559914484118,0.0225366219935996,0.23469301064809164,0.23469301064809164,0.05145168180207387,0.05822305898382519,400.0,400.0,0.0,0.0,5.4891058554251995,23.469301064809166
partial_resnet18,Partial ResNet-18,id,reach,Reach,color,Color,color_red_only,fixed_train,20,3,450,3,1,0,0.0,0.0,0,0.0,0.0,0,0.0,0.0,150,0.3333333333333333,33.33333333333333,0.06103953098257383,0.06103953098257383,0.02117710525485134,0.0239641505423091,0.1892468680938085,0.1892468680938085,0.07704955706269771,0.08718978172173632,400.0,400.0,0.0,0.0,6.103953098257383,18.92468680938085
partial_resnet18,Partial ResNet-18,id,reach,Reach,color,Color,color_red_only,fixed_train,50,3,450,3,1,0,0.0,0.0,0,0.0,0.0,0,0.0,0.0,150,0.3333333333333333,33.33333333333333,0.06392861902713776,0.06392861902713776,0.024905327760795837,0.028183031466424622,0.27077313760916394,0.27077313760916394,0.07753241267674521,0.08773618428648641,400.0,400.0,0.0,0.0,6.392861902713776,27.077313760916393
partial_resnet18,Partial ResNet-18,id,reach,Reach,color,Color,color_red_only,fixed_train,100,1,150,1,1,0,0.0,0.0,0,0.0,0.0,150,1.0,100.0,150,1.0,100.0,0.010201143100857735,0.010201143100857735,0.0,0.0,0.010208657011389732,0.010208657011389732,0.0,0.0,400.0,400.0,0.0,0.0,1.0201143100857735,1.0208657011389732
partial_resnet18,Partial ResNet-18,id,reach,Reach,color,Color,color_red_only,fixed_train,200,1,150,1,1,150,1.0,100.0,150,1.0,100.0,150,1.0,100.0,150,1.0,100.0,0.0027434187941253185,0.0027434187941253185,0.0,0.0,0.11497925221920013,0.11497925221920013,0.0,0.0,400.0,400.0,0.0,0.0,0.27434187941253185,11.497925221920013
partial_resnet18,Partial ResNet-18,id,reach,Reach,lighting_direction_intensity,Lighting,lighting_diverse,diverse_train,5,3,450,3,1,0,0.0,0.0,45,0.1,10.0,90,0.2,20.0,158,0.3511111111111111,35.11111111111111,0.0778032930009067,0.0778032930009067,0.04564789791722196,0.05165545925487937,0.2684827773479952,0.2684827773479952,0.12585911316151044,0.14242299401298064,400.0,400.0,0.0,0.0,7.78032930009067,26.84827773479952
partial_resnet18,Partial ResNet-18,id,reach,Reach,lighting_direction_intensity,Lighting,lighting_diverse,diverse_train,20,3,450,3,1,0,0.0,0.0,22,0.04888888888888889,4.888888888888889,52,0.11555555555555555,11.555555555555555,241,0.5355555555555556,53.55555555555556,0.05259167333857881,0.05259167333857881,0.017558791695993402,0.019869643300159657,0.24845230456441642,0.24845230456441644,0.06749246669271175,0.0763749158740856,400.0,400.0,0.0,0.0,5.259167333857881,24.84523045644164
partial_resnet18,Partial ResNet-18,id,reach,Reach,lighting_direction_intensity,Lighting,lighting_diverse,diverse_train,50,3,450,3,1,0,0.0,0.0,0,0.0,0.0,18,0.04,4.0,278,0.6177777777777778,61.77777777777778,0.049859817764825294,0.049859817764825294,0.03456453272160928,0.0391134508516201,0.2562790400783221,0.2562790400783221,0.09238933289536351,0.10454837218608062,400.0,400.0,0.0,0.0,4.98598177648253,25.627904007832207
partial_resnet18,Partial ResNet-18,id,reach,Reach,lighting_direction_intensity,Lighting,lighting_diverse,diverse_train,100,1,150,1,1,0,0.0,0.0,36,0.24,24.0,150,1.0,100.0,150,1.0,100.0,0.010721017780403297,0.010721017780403297,0.0,0.0,0.06705933077260852,0.06705933077260852,0.0,0.0,400.0,400.0,0.0,0.0,1.0721017780403297,6.705933077260852
partial_resnet18,Partial ResNet-18,id,reach,Reach,lighting_direction_intensity,Lighting,lighting_diverse,diverse_train,200,1,150,1,1,73,0.4866666666666667,48.66666666666667,150,1.0,100.0,150,1.0,100.0,150,1.0,100.0,0.004850951069189856,0.004850951069189856,0.0,0.0,0.0394053827226162,0.0394053827226162,0.0,0.0,400.0,400.0,0.0,0.0,0.4850951069189856,3.94053827226162
partial_resnet18,Partial ResNet-18,id,reach,Reach,lighting_direction_intensity,Lighting,lighting_fixed,fixed_train,5,3,450,3,1,0,0.0,0.0,0,0.0,0.0,150,0.3333333333333333,33.33333333333333,150,0.3333333333333333,33.33333333333333,0.07882473928232987,0.07882473928232987,0.060863539126621014,0.06887357816923241,0.4005297323067983,0.4005297323067983,0.3425857679173326,0.387672291242109,400.0,400.0,0.0,0.0,7.882473928232987,40.052973230679825
partial_resnet18,Partial ResNet-18,id,reach,Reach,lighting_direction_intensity,Lighting,lighting_fixed,fixed_train,20,3,450,3,1,0,0.0,0.0,0,0.0,0.0,0,0.0,0.0,0,0.0,0.0,0.09934923673669498,0.09934923673669498,0.07328279452107118,0.08292728864166862,0.49039311707019806,0.49039311707019806,0.4862044640955033,0.5501921453244036,400.0,400.0,0.0,0.0,9.934923673669498,49.039311707019806
partial_resnet18,Partial ResNet-18,id,reach,Reach,lighting_direction_intensity,Lighting,lighting_fixed,fixed_train,50,3,450,3,1,0,0.0,0.0,0,0.0,0.0,150,0.3333333333333333,33.33333333333333,300,0.6666666666666666,66.66666666666666,0.046120927669107914,0.046120927669107914,0.028874484107823062,0.032674554697831905,0.2189211199680964,0.2189211199680964,0.00952762004996514,0.010781517041144344,400.0,400.0,0.0,0.0,4.612092766910791,21.89211199680964
partial_resnet18,Partial ResNet-18,id,reach,Reach,lighting_direction_intensity,Lighting,lighting_fixed,fixed_train,100,1,150,1,1,0,0.0,0.0,0,0.0,0.0,0,0.0,0.0,150,1.0,100.0,0.04229886457324028,0.04229886457324028,0.0,0.0,0.3550727367401123,0.3550727367401123,0.0,0.0,400.0,400.0,0.0,0.0,4.229886457324028,35.50727367401123
partial_resnet18,Partial ResNet-18,id,reach,Reach,lighting_direction_intensity,Lighting,lighting_fixed,fixed_train,200,1,150,1,1,0,0.0,0.0,150,1.0,100.0,150,1.0,100.0,150,1.0,100.0,0.0061546494252979755,0.0061546494252979755,0.0,0.0,0.018947839736938477,0.018947839736938477,0.0,0.0,400.0,400.0,0.0,0.0,0.6154649425297976,1.8947839736938477
partial_resnet18,Partial ResNet-18,id,reach,Reach,spatial_distribution,Spatial distribution,spatial_narrow,narrow_train,5,3,450,3,1,0,0.0,0.0,2,0.0044444444444444444,0.4444444444444444,15,0.03333333333333333,3.3333333333333335,72,0.16,16.0,0.0768866840739631,0.0768866840739631,0.014221197466124118,0.016092799883120543,0.23301749957932366,0.2330174995793237,0.02255903636242845,0.02552795280435298,400.0,400.0,0.0,0.0,7.688668407396309,23.301749957932365
partial_resnet18,Partial ResNet-18,id,reach,Reach,spatial_distribution,Spatial distribution,spatial_narrow,narrow_train,20,3,450,3,1,1,0.0022222222222222222,0.2222222222222222,11,0.024444444444444446,2.4444444444444446,97,0.21555555555555556,21.555555555555557,341,0.7577777777777778,75.77777777777777,0.03731511476553149,0.03731511476553149,0.0060414194580778345,0.006836509694801015,0.14639204307148854,0.14639204307148854,0.06129761547624037,0.06936478179994351,400.0,400.0,0.0,0.0,3.7315114765531487,14.639204307148853
partial_resnet18,Partial ResNet-18,id,reach,Reach,spatial_distribution,Spatial distribution,spatial_narrow,narrow_train,50,3,450,3,1,29,0.06444444444444444,6.444444444444445,56,0.12444444444444444,12.444444444444445,160,0.35555555555555557,35.55555555555556,416,0.9244444444444444,92.44444444444444,0.026722590062870748,0.026722590062870744,0.007897208998554901,0.00893653325267832,0.1021283046508001,0.1021283046508001,0.0934588701297328,0.10575866750201664,400.0,400.0,0.0,0.0,2.672259006287075,10.21283046508001
partial_resnet18,Partial ResNet-18,id,reach,Reach,spatial_distribution,Spatial distribution,spatial_narrow,narrow_train,100,1,150,1,1,16,0.10666666666666667,10.666666666666668,45,0.3,30.0,104,0.6933333333333334,69.33333333333334,150,1.0,100.0,0.018397536079088846,0.018397536079088846,0.0,0.0,0.21131161384284497,0.21131161384284497,0.0,0.0,400.0,400.0,0.0,0.0,1.8397536079088845,21.131161384284496
partial_resnet18,Partial ResNet-18,id,reach,Reach,spatial_distribution,Spatial distribution,spatial_narrow,narrow_train,200,1,150,1,1,5,0.03333333333333333,3.3333333333333335,26,0.17333333333333334,17.333333333333336,104,0.6933333333333334,69.33333333333334,150,1.0,100.0,0.016432795161381363,0.016432795161381363,0.0,0.0,0.026839953577145935,0.026839953577145935,0.0,0.0,400.0,400.0,0.0,0.0,1.6432795161381364,2.6839953577145934
partial_resnet18,Partial ResNet-18,id,reach,Reach,spatial_distribution,Spatial distribution,spatial_wide,wide_train,5,3,450,3,1,1,0.0022222222222222222,0.2222222222222222,9,0.02,2.0,33,0.07333333333333333,7.333333333333333,96,0.21333333333333335,21.333333333333336,0.10701218355602274,0.10701218355602275,0.022416384606888908,0.02536652714660917,0.2672478591692117,0.2672478591692116,0.06604306877241498,0.074734767726371,400.0,400.0,0.0,0.0,10.701218355602274,26.724785916921167
partial_resnet18,Partial ResNet-18,id,reach,Reach,spatial_distribution,Spatial distribution,spatial_wide,wide_train,20,3,450,3,1,1,0.0022222222222222222,0.2222222222222222,6,0.013333333333333334,1.3333333333333335,44,0.09777777777777778,9.777777777777779,121,0.2688888888888889,26.88888888888889,0.08709415559553438,0.08709415559553436,0.0059855196636179765,0.006773253122498089,0.21112117155041132,0.21112117155041132,0.05231467175933527,0.059199624052725504,400.0,400.0,0.0,0.0,8.709415559553438,21.112117155041133
partial_resnet18,Partial ResNet-18,id,reach,Reach,spatial_distribution,Spatial distribution,spatial_wide,wide_train,50,3,450,3,1,2,0.0044444444444444444,0.4444444444444444,10,0.022222222222222223,2.2222222222222223,119,0.2644444444444444,26.444444444444443,315,0.7,70.0,0.040372593314386904,0.040372593314386904,0.004501507161451785,0.0050939348879895045,0.10357567941356037,0.10357567941356037,0.041536280959040495,0.0470027266659624,400.0,400.0,0.0,0.0,4.03725933143869,10.357567941356036
partial_resnet18,Partial ResNet-18,id,reach,Reach,spatial_distribution,Spatial distribution,spatial_wide,wide_train,100,1,150,1,1,2,0.013333333333333334,1.3333333333333335,12,0.08,8.0,52,0.3466666666666667,34.66666666666667,117,0.78,78.0,0.033054167844820764,0.033054167844820764,0.0,0.0,0.10562818728697797,0.10562818728697797,0.0,0.0,400.0,400.0,0.0,0.0,3.3054167844820763,10.562818728697797
partial_resnet18,Partial ResNet-18,id,reach,Reach,spatial_distribution,Spatial distribution,spatial_wide,wide_train,200,1,150,1,1,6,0.04,4.0,41,0.2733333333333333,27.333333333333332,107,0.7133333333333334,71.33333333333334,150,1.0,100.0,0.016488224054531504,0.016488224054531504,0.0,0.0,0.06153325039893389,0.06153325039893389,0.0,0.0,400.0,400.0,0.0,0.0,1.6488224054531504,6.153325039893389
partial_resnet18,Partial ResNet-18,ood,avoid_reach,Obstacle-aware reach,camera_location_viewpoint,Camera viewpoint,avoid_camera_fixed,fixed_train,5,3,450,3,1,0,0.0,0.0,0,0.0,0.0,6,0.013333333333333334,1.3333333333333335,39,0.08666666666666667,8.666666666666668,0.12630626863075628,0.12630626863075628,0.03394782840923366,0.03841558422612959,0.29472000123725994,0.29472000123726,0.03547103815285469,0.04013925831493284,400.0,400.0,0.0,0.0,12.630626863075628,29.472000123725994
partial_resnet18,Partial ResNet-18,ood,avoid_reach,Obstacle-aware reach,camera_location_viewpoint,Camera viewpoint,avoid_camera_fixed,fixed_train,20,3,450,3,1,0,0.0,0.0,2,0.0044444444444444444,0.4444444444444444,3,0.006666666666666667,0.6666666666666667,22,0.04888888888888889,4.888888888888889,0.14280971877380377,0.14280971877380377,0.010303310821544,0.011659293781671114,0.3282378662625949,0.3282378662625949,0.09391647660031639,0.10627649797120638,400.0,400.0,0.0,0.0,14.280971877380377,32.82378662625949
partial_resnet18,Partial ResNet-18,ood,avoid_reach,Obstacle-aware reach,camera_location_viewpoint,Camera viewpoint,avoid_camera_fixed,fixed_train,50,3,450,3,1,0,0.0,0.0,4,0.008888888888888889,0.8888888888888888,12,0.02666666666666667,2.666666666666667,73,0.1622222222222222,16.22222222222222,0.09172355050635006,0.09172355050635006,0.037177324218800774,0.042070102765130256,0.2790827657944626,0.2790827657944626,0.0896494429125496,0.10144789479659058,400.0,400.0,0.0,0.0,9.172355050635005,27.908276579446262
partial_resnet18,Partial ResNet-18,ood,avoid_reach,Obstacle-aware reach,camera_location_viewpoint,Camera viewpoint,avoid_camera_fixed,fixed_train,100,1,150,1,1,0,0.0,0.0,0,0.0,0.0,0,0.0,0.0,0,0.0,0.0,0.16669789652029673,0.16669789652029673,0.0,0.0,0.39477939168612164,0.39477939168612164,0.0,0.0,400.0,400.0,0.0,0.0,16.669789652029674,39.47793916861217
partial_resnet18,Partial ResNet-18,ood,avoid_reach,Obstacle-aware reach,camera_location_viewpoint,Camera viewpoint,avoid_camera_fixed,fixed_train,200,1,150,1,1,0,0.0,0.0,0,0.0,0.0,0,0.0,0.0,7,0.04666666666666667,4.666666666666667,0.12090267360210419,0.12090267360210419,0.0,0.0,0.3279448072363933,0.3279448072363933,0.0,0.0,400.0,400.0,0.0,0.0,12.090267360210419,32.79448072363933
partial_resnet18,Partial ResNet-18,ood,avoid_reach,Obstacle-aware reach,camera_location_viewpoint,Camera viewpoint,avoid_camera_multi_pose,diverse_train,5,3,450,3,1,0,0.0,0.0,0,0.0,0.0,2,0.0044444444444444444,0.4444444444444444,36,0.08,8.0,0.10589238334447146,0.10589238334447144,0.014280905706470443,0.016160366117648654,0.31432801682088113,0.3143280168208811,0.11432615530105378,0.1293722236154176,400.0,400.0,0.0,0.0,10.589238334447145,31.43280168208811
partial_resnet18,Partial ResNet-18,ood,avoid_reach,Obstacle-aware reach,camera_location_viewpoint,Camera viewpoint,avoid_camera_multi_pose,diverse_train,20,3,450,3,1,7,0.015555555555555555,1.5555555555555556,18,0.04,4.0,71,0.15777777777777777,15.777777777777777,326,0.7244444444444444,72.44444444444444,0.04061179525218904,0.04061179525218904,0.01086751149035632,0.012297746941382002,0.1981014287388987,0.1981014287388987,0.05501304924540899,0.06225312562992688,400.0,400.0,0.0,0.0,4.061179525218904,19.81014287388987
partial_resnet18,Partial ResNet-18,ood,avoid_reach,Obstacle-aware reach,camera_location_viewpoint,Camera viewpoint,avoid_camera_multi_pose,diverse_train,50,3,450,3,1,5,0.011111111111111112,1.1111111111111112,12,0.02666666666666667,2.666666666666667,37,0.08222222222222222,8.222222222222223,332,0.7377777777777778,73.77777777777777,0.04121253852628999,0.04121253852629,0.013762729307094629,0.015573994321660671,0.26780498420198756,0.26780498420198756,0.16021370933077173,0.18129887929157948,400.0,400.0,0.0,0.0,4.121253852628999,26.780498420198757
partial_resnet18,Partial ResNet-18,ood,avoid_reach,Obstacle-aware reach,camera_location_viewpoint,Camera viewpoint,avoid_camera_multi_pose,diverse_train,100,1,150,1,1,0,0.0,0.0,0,0.0,0.0,0,0.0,0.0,0,0.0,0.0,0.08962061693271,0.08962061693271,0.0,0.0,0.9157700721422831,0.9157700721422831,0.0,0.0,400.0,400.0,0.0,0.0,8.962061693271,91.57700721422832
partial_resnet18,Partial ResNet-18,ood,avoid_reach,Obstacle-aware reach,camera_location_viewpoint,Camera viewpoint,avoid_camera_multi_pose,diverse_train,200,1,150,1,1,0,0.0,0.0,6,0.04,4.0,149,0.9933333333333333,99.33333333333333,150,1.0,100.0,0.013693443207691114,0.013693443207691114,0.0,0.0,0.16925448626279832,0.16925448626279832,0.0,0.0,400.0,400.0,0.0,0.0,1.3693443207691114,16.92544862627983
partial_resnet18,Partial ResNet-18,ood,avoid_reach,Obstacle-aware reach,color,Color,avoid_color_multi,diverse_train,5,3,450,3,1,0,0.0,0.0,0,0.0,0.0,0,0.0,0.0,150,0.3333333333333333,33.33333333333333,0.11548126349846521,0.11548126349846521,0.10557982020472226,0.11947481372772983,0.392850518392192,0.392850518392192,0.28814816053941483,0.3260703393856963,400.0,400.0,0.0,0.0,11.548126349846521,39.2850518392192
partial_resnet18,Partial ResNet-18,ood,avoid_reach,Obstacle-aware reach,color,Color,avoid_color_multi,diverse_train,20,3,450,3,1,0,0.0,0.0,0,0.0,0.0,0,0.0,0.0,150,0.3333333333333333,33.33333333333333,0.10568153364790811,0.10568153364790811,0.08888041424531286,0.10057765693682498,0.33614827806750935,0.33614827806750935,0.2977878293878897,0.33697865157864526,400.0,400.0,0.0,0.0,10.568153364790811,33.61482780675094
partial_resnet18,Partial ResNet-18,ood,avoid_reach,Obstacle-aware reach,color,Color,avoid_color_multi,diverse_train,50,3,450,3,1,76,0.1688888888888889,16.88888888888889,115,0.25555555555555554,25.555555555555554,150,0.3333333333333333,33.33333333333333,342,0.76,76.0,0.03694900745318996,0.03694900745318996,0.02824569215199465,0.03196300961610676,0.3398076492547989,0.33980764925479895,0.09073548015347417,0.10267686162765019,400.0,400.0,0.0,0.0,3.6949007453189955,33.98076492547989
partial_resnet18,Partial ResNet-18,ood,avoid_reach,Obstacle-aware reach,color,Color,avoid_color_multi,diverse_train,100,1,150,1,1,0,0.0,0.0,0,0.0,0.0,0,0.0,0.0,150,1.0,100.0,0.02140222683548927,0.02140222683548927,0.0,0.0,0.2893807222445806,0.2893807222445806,0.0,0.0,400.0,400.0,0.0,0.0,2.1402226835489273,28.93807222445806
partial_resnet18,Partial ResNet-18,ood,avoid_reach,Obstacle-aware reach,color,Color,avoid_color_multi,diverse_train,200,1,150,1,1,0,0.0,0.0,0,0.0,0.0,0,0.0,0.0,0,0.0,0.0,0.07648227905233701,0.07648227905233701,0.0,0.0,0.2622925748427709,0.2622925748427709,0.0,0.0,400.0,400.0,0.0,0.0,7.648227905233701,26.229257484277092
partial_resnet18,Partial ResNet-18,ood,avoid_reach,Obstacle-aware reach,color,Color,avoid_color_red_only,fixed_train,5,3,450,3,1,0,0.0,0.0,0,0.0,0.0,0,0.0,0.0,150,0.3333333333333333,33.33333333333333,0.07430123673131069,0.07430123673131069,0.04814128483489133,0.05447699216677556,0.39921099982327884,0.39921099982327884,0.32589380566330056,0.3687835577967988,400.0,400.0,0.0,0.0,7.430123673131068,39.92109998232788
partial_resnet18,Partial ResNet-18,ood,avoid_reach,Obstacle-aware reach,color,Color,avoid_color_red_only,fixed_train,20,3,450,3,1,0,0.0,0.0,0,0.0,0.0,39,0.08666666666666667,8.666666666666668,108,0.24,24.0,0.11608307915429274,0.11608307915429274,0.06013858582512436,0.06805321628104517,0.43076009045044583,0.43076009045044583,0.3042486076360459,0.3442897104177103,400.0,400.0,0.0,0.0,11.608307915429274,43.076009045044586
partial_resnet18,Partial ResNet-18,ood,avoid_reach,Obstacle-aware reach,color,Color,avoid_color_red_only,fixed_train,50,3,450,3,1,0,0.0,0.0,0,0.0,0.0,34,0.07555555555555556,7.555555555555555,339,0.7533333333333333,75.33333333333333,0.0413391982888182,0.041339198288818206,0.017245250619646883,0.01951483817149155,0.2813988600174586,0.2813988600174586,0.027078108814645462,0.03064176469003181,400.0,400.0,0.0,0.0,4.13391982888182,28.13988600174586
partial_resnet18,Partial ResNet-18,ood,avoid_reach,Obstacle-aware reach,color,Color,avoid_color_red_only,fixed_train,100,1,150,1,1,0,0.0,0.0,0,0.0,0.0,0,0.0,0.0,111,0.74,74.0,0.04847780016561349,0.04847780016561349,0.0,0.0,0.3225827974081039,0.3225827974081039,0.0,0.0,400.0,400.0,0.0,0.0,4.847780016561349,32.258279740810394
partial_resnet18,Partial ResNet-18,ood,avoid_reach,Obstacle-aware reach,color,Color,avoid_color_red_only,fixed_train,200,1,150,1,1,0,0.0,0.0,0,0.0,0.0,0,0.0,0.0,0,0.0,0.0,0.095726674447457,0.095726674447457,0.0,0.0,0.8313766638437907,0.8313766638437907,0.0,0.0,400.0,400.0,0.0,0.0,9.5726674447457,83.13766638437907
partial_resnet18,Partial ResNet-18,ood,avoid_reach,Obstacle-aware reach,lighting_direction_intensity,Lighting,avoid_lighting_diverse,diverse_train,5,3,450,3,1,0,0.0,0.0,0,0.0,0.0,31,0.06888888888888889,6.888888888888889,62,0.13777777777777778,13.777777777777779,0.11807836402207612,0.11807836402207612,0.03095870025506806,0.035033067295007984,0.32254879097143807,0.3225487909714381,0.16702567751222222,0.1890073469515918,400.0,400.0,0.0,0.0,11.807836402207613,32.25487909714381
partial_resnet18,Partial ResNet-18,ood,avoid_reach,Obstacle-aware reach,lighting_direction_intensity,Lighting,avoid_lighting_diverse,diverse_train,20,3,450,3,1,0,0.0,0.0,0,0.0,0.0,0,0.0,0.0,227,0.5044444444444445,50.44444444444445,0.08015556857817703,0.08015556857817703,0.053368698175641924,0.06039236722569324,0.299305280579461,0.299305280579461,0.09826400348818236,0.11119618777648273,400.0,400.0,0.0,0.0,8.015556857817703,29.9305280579461
partial_resnet18,Partial ResNet-18,ood,avoid_reach,Obstacle-aware reach,lighting_direction_intensity,Lighting,avoid_lighting_diverse,diverse_train,50,3,450,3,1,0,0.0,0.0,0,0.0,0.0,35,0.07777777777777778,7.777777777777778,342,0.76,76.0,0.044605992481940325,0.044605992481940325,0.029824031696067017,0.03374906894696668,0.28429868395129837,0.2842986839512984,0.06050362666330266,0.06846629887637257,400.0,400.0,0.0,0.0,4.460599248194033,28.429868395129837
partial_resnet18,Partial ResNet-18,ood,avoid_reach,Obstacle-aware reach,lighting_direction_intensity,Lighting,avoid_lighting_diverse,diverse_train,100,1,150,1,1,0,0.0,0.0,0,0.0,0.0,73,0.4866666666666667,48.66666666666667,108,0.72,72.0,0.03271349577854077,0.03271349577854077,0.0,0.0,0.29849366694688795,0.29849366694688795,0.0,0.0,400.0,400.0,0.0,0.0,3.271349577854077,29.849366694688793
partial_resnet18,Partial ResNet-18,ood,avoid_reach,Obstacle-aware reach,lighting_direction_intensity,Lighting,avoid_lighting_diverse,diverse_train,200,1,150,1,1,0,0.0,0.0,0,0.0,0.0,0,0.0,0.0,0,0.0,0.0,0.15678081969420116,0.15678081969420116,0.0,0.0,0.3938204143444697,0.3938204143444697,0.0,0.0,400.0,400.0,0.0,0.0,15.678081969420116,39.38204143444697
partial_resnet18,Partial ResNet-18,ood,avoid_reach,Obstacle-aware reach,lighting_direction_intensity,Lighting,avoid_lighting_fixed,fixed_train,5,3,450,3,1,0,0.0,0.0,0,0.0,0.0,0,0.0,0.0,0,0.0,0.0,0.1633689141770204,0.1633689141770204,0.05559553181954346,0.06291226671303748,0.39813643836312823,0.39813643836312823,0.1963823559513982,0.22222755590236,400.0,400.0,0.0,0.0,16.33689141770204,39.81364383631282
partial_resnet18,Partial ResNet-18,ood,avoid_reach,Obstacle-aware reach,lighting_direction_intensity,Lighting,avoid_lighting_fixed,fixed_train,20,3,450,3,1,0,0.0,0.0,0,0.0,0.0,0,0.0,0.0,108,0.24,24.0,0.1135847216927343,0.1135847216927343,0.038871186359677956,0.04398688822062115,0.2545183353788323,0.2545183353788323,0.09633884605707117,0.10901766706075719,400.0,400.0,0.0,0.0,11.35847216927343,25.45183353788323
partial_resnet18,Partial ResNet-18,ood,avoid_reach,Obstacle-aware reach,lighting_direction_intensity,Lighting,avoid_lighting_fixed,fixed_train,50,3,450,3,1,0,0.0,0.0,0,0.0,0.0,73,0.1622222222222222,16.22222222222222,258,0.5733333333333334,57.333333333333336,0.06883887481358317,0.06883887481358315,0.04710742586862365,0.053307070611917196,0.22755917966365813,0.22755917966365813,0.011770363812454969,0.013319420522538183,400.0,400.0,0.0,0.0,6.883887481358316,22.755917966365814
partial_resnet18,Partial ResNet-18,ood,avoid_reach,Obstacle-aware reach,lighting_direction_intensity,Lighting,avoid_lighting_fixed,fixed_train,100,1,150,1,1,0,0.0,0.0,0,0.0,0.0,0,0.0,0.0,150,1.0,100.0,0.031148974373936652,0.031148974373936652,0.0,0.0,0.23419846822818122,0.23419846822818122,0.0,0.0,400.0,400.0,0.0,0.0,3.1148974373936653,23.419846822818123
partial_resnet18,Partial ResNet-18,ood,avoid_reach,Obstacle-aware reach,lighting_direction_intensity,Lighting,avoid_lighting_fixed,fixed_train,200,1,150,1,1,0,0.0,0.0,0,0.0,0.0,0,0.0,0.0,73,0.4866666666666667,48.66666666666667,0.051957666824261346,0.051957666824261346,0.0,0.0,0.10297148634990057,0.10297148634990057,0.0,0.0,400.0,400.0,0.0,0.0,5.195766682426135,10.297148634990057
partial_resnet18,Partial ResNet-18,ood,avoid_reach,Obstacle-aware reach,spatial_distribution,Spatial distribution,avoid_spatial_narrow,narrow_train,5,3,450,3,1,0,0.0,0.0,1,0.0022222222222222222,0.2222222222222222,8,0.017777777777777778,1.7777777777777777,46,0.10222222222222223,10.222222222222223,0.17044588159355853,0.17044588159355853,0.028735254144279018,0.03251700116224633,0.36142205947803124,0.3614220594780313,0.19804560656652193,0.22410970115548814,400.0,400.0,0.0,0.0,17.044588159355854,36.14220594780313
partial_resnet18,Partial ResNet-18,ood,avoid_reach,Obstacle-aware reach,spatial_distribution,Spatial distribution,avoid_spatial_narrow,narrow_train,20,3,450,3,1,0,0.0,0.0,0,0.0,0.0,8,0.017777777777777778,1.7777777777777777,55,0.12222222222222222,12.222222222222221,0.1365886046571864,0.1365886046571864,0.014663146495611372,0.01659291228975996,0.24108919693364037,0.2410891969336404,0.06859203319633701,0.07761919250713108,400.0,400.0,0.0,0.0,13.65886046571864,24.108919693364037
partial_resnet18,Partial ResNet-18,ood,avoid_reach,Obstacle-aware reach,spatial_distribution,Spatial distribution,avoid_spatial_narrow,narrow_train,50,3,450,3,1,2,0.0044444444444444444,0.4444444444444444,6,0.013333333333333334,1.3333333333333335,20,0.044444444444444446,4.444444444444445,69,0.15333333333333332,15.333333333333332,0.12516579383208107,0.12516579383208107,0.028501865080869788,0.03225289657461927,0.35319932664434117,0.35319932664434117,0.09884719092626874,0.1118561264882424,400.0,400.0,0.0,0.0,12.516579383208107,35.31993266443412
partial_resnet18,Partial ResNet-18,ood,avoid_reach,Obstacle-aware reach,spatial_distribution,Spatial distribution,avoid_spatial_narrow,narrow_train,100,1,150,1,1,0,0.0,0.0,0,0.0,0.0,3,0.02,2.0,20,0.13333333333333333,13.333333333333334,0.12831312866260608,0.12831312866260608,0.0,0.0,0.29841631531715396,0.29841631531715396,0.0,0.0,400.0,400.0,0.0,0.0,12.831312866260609,29.841631531715397
partial_resnet18,Partial ResNet-18,ood,avoid_reach,Obstacle-aware reach,spatial_distribution,Spatial distribution,avoid_spatial_narrow,narrow_train,200,1,150,1,1,1,0.006666666666666667,0.6666666666666667,3,0.02,2.0,7,0.04666666666666667,4.666666666666667,38,0.25333333333333335,25.333333333333336,0.11010085887896517,0.11010085887896517,0.0,0.0,0.34640319590767227,0.34640319590767227,0.0,0.0,400.0,400.0,0.0,0.0,11.010085887896517,34.64031959076723
partial_resnet18,Partial ResNet-18,ood,avoid_reach,Obstacle-aware reach,spatial_distribution,Spatial distribution,avoid_spatial_wide,wide_train,5,3,450,3,1,0,0.0,0.0,1,0.0022222222222222222,0.2222222222222222,5,0.011111111111111112,1.1111111111111112,55,0.12222222222222222,12.222222222222221,0.13213032752068507,0.13213032752068507,0.004056433900217546,0.004590287080311427,0.24167522917191187,0.2416752291719119,0.03537631163407611,0.04003206516794507,400.0,400.0,0.0,0.0,13.213032752068507,24.167522917191185
partial_resnet18,Partial ResNet-18,ood,avoid_reach,Obstacle-aware reach,spatial_distribution,Spatial distribution,avoid_spatial_wide,wide_train,20,3,450,3,1,0,0.0,0.0,1,0.0022222222222222222,0.2222222222222222,14,0.03111111111111111,3.111111111111111,89,0.19777777777777777,19.77777777777778,0.128238949848132,0.128238949848132,0.04819695519486705,0.05453998910951858,0.2110151966330078,0.2110151966330078,0.02049660305280076,0.02319408980841455,400.0,400.0,0.0,0.0,12.823894984813201,21.10151966330078
partial_resnet18,Partial ResNet-18,ood,avoid_reach,Obstacle-aware reach,spatial_distribution,Spatial distribution,avoid_spatial_wide,wide_train,50,3,450,3,1,3,0.006666666666666667,0.6666666666666667,30,0.06666666666666667,6.666666666666667,67,0.14888888888888888,14.888888888888888,177,0.3933333333333333,39.33333333333333,0.0734272382247986,0.07342723822479862,0.025766726346268767,0.029157795728621247,0.4181197613270746,0.4181197613270746,0.1910689708259683,0.2162148946107088,400.0,400.0,0.0,0.0,7.3427238224798606,41.811976132707464
partial_resnet18,Partial ResNet-18,ood,avoid_reach,Obstacle-aware reach,spatial_distribution,Spatial distribution,avoid_spatial_wide,wide_train,100,1,150,1,1,1,0.006666666666666667,0.6666666666666667,4,0.02666666666666667,2.666666666666667,15,0.1,10.0,72,0.48,48.0,0.08962789112546792,0.08962789112546792,0.0,0.0,0.33913982632259526,0.33913982632259526,0.0,0.0,400.0,400.0,0.0,0.0,8.962789112546792,33.913982632259525
partial_resnet18,Partial ResNet-18,ood,avoid_reach,Obstacle-aware reach,spatial_distribution,Spatial distribution,avoid_spatial_wide,wide_train,200,1,150,1,1,0,0.0,0.0,0,0.0,0.0,0,0.0,0.0,0,0.0,0.0,0.3752815061807632,0.3752815061807632,0.0,0.0,0.9747935124238332,0.9747935124238332,0.0,0.0,400.0,400.0,0.0,0.0,37.528150618076324,97.47935124238332
partial_resnet18,Partial ResNet-18,ood,reach,Reach,camera_location_viewpoint,Camera viewpoint,camera_fixed,fixed_train,5,3,450,3,1,3,0.006666666666666667,0.6666666666666667,7,0.015555555555555555,1.5555555555555556,12,0.02666666666666667,2.666666666666667,70,0.15555555555555556,15.555555555555555,0.09158927509302481,0.0915892750930248,0.01929650862445736,0.021836055119550772,0.2891932635092073,0.2891932635092073,0.025819088093614894,0.029217048623715273,400.0,400.0,0.0,0.0,9.158927509302481,28.91932635092073
partial_resnet18,Partial ResNet-18,ood,reach,Reach,camera_location_viewpoint,Camera viewpoint,camera_fixed,fixed_train,20,3,450,3,1,5,0.011111111111111112,1.1111111111111112,13,0.028888888888888888,2.888888888888889,23,0.051111111111111114,5.111111111111112,102,0.22666666666666666,22.666666666666664,0.07310732798857822,0.0731073279885782,0.020247557717766464,0.022912268481618505,0.23452711129043666,0.23452711129043666,0.021996856668967918,0.02489178659354232,400.0,400.0,0.0,0.0,7.310732798857822,23.452711129043667
partial_resnet18,Partial ResNet-18,ood,reach,Reach,camera_location_viewpoint,Camera viewpoint,camera_fixed,fixed_train,50,3,450,3,1,4,0.008888888888888889,0.8888888888888888,10,0.022222222222222223,2.2222222222222223,36,0.08,8.0,159,0.35333333333333333,35.333333333333336,0.0622598807943157,0.06225988079431569,0.019730473814352154,0.022327132961191952,0.23017297694149116,0.23017297694149116,0.008005545033812948,0.009059127017351893,400.0,400.0,0.0,0.0,6.22598807943157,23.017297694149118
partial_resnet18,Partial ResNet-18,ood,reach,Reach,camera_location_viewpoint,Camera viewpoint,camera_fixed,fixed_train,100,1,150,1,1,7,0.04666666666666667,4.666666666666667,10,0.06666666666666667,6.666666666666667,47,0.31333333333333335,31.333333333333336,99,0.66,66.0,0.0394042073834377,0.0394042073834377,0.0,0.0,0.20614617655208956,0.20614617655208956,0.0,0.0,400.0,400.0,0.0,0.0,3.94042073834377,20.614617655208956
partial_resnet18,Partial ResNet-18,ood,reach,Reach,camera_location_viewpoint,Camera viewpoint,camera_fixed,fixed_train,200,1,150,1,1,0,0.0,0.0,0,0.0,0.0,0,0.0,0.0,150,1.0,100.0,0.03190759614109993,0.03190759614109993,0.0,0.0,0.18098526726166408,0.18098526726166408,0.0,0.0,400.0,400.0,0.0,0.0,3.1907596141099925,18.09852672616641
partial_resnet18,Partial ResNet-18,ood,reach,Reach,camera_location_viewpoint,Camera viewpoint,camera_multi_pose,diverse_train,5,3,450,3,1,3,0.006666666666666667,0.6666666666666667,13,0.028888888888888888,2.888888888888889,37,0.08222222222222222,8.222222222222223,181,0.4022222222222222,40.22222222222222,0.05807934100636178,0.05807934100636177,0.008538156049772639,0.00966183311968976,0.20871000924458105,0.20871000924458105,0.04636872283887737,0.0524711494414898,400.0,400.0,0.0,0.0,5.807934100636178,20.871000924458105
partial_resnet18,Partial ResNet-18,ood,reach,Reach,camera_location_viewpoint,Camera viewpoint,camera_multi_pose,diverse_train,20,3,450,3,1,7,0.015555555555555555,1.5555555555555556,13,0.028888888888888888,2.888888888888889,26,0.057777777777777775,5.777777777777778,181,0.4022222222222222,40.22222222222222,0.05697448350437399,0.056974483504374,0.009346880160212885,0.010576990602100881,0.23295345466739187,0.23295345466739184,0.006149237624791771,0.006958517436049629,400.0,400.0,0.0,0.0,5.6974483504374,23.295345466739185
partial_resnet18,Partial ResNet-18,ood,reach,Reach,camera_location_viewpoint,Camera viewpoint,camera_multi_pose,diverse_train,50,3,450,3,1,15,0.03333333333333333,3.3333333333333335,59,0.13111111111111112,13.111111111111112,174,0.38666666666666666,38.666666666666664,444,0.9866666666666667,98.66666666666667,0.025513942044280057,0.02551394204428006,0.010392977295758624,0.011760760949200305,0.16596905931313005,0.16596905931313005,0.07821198541763302,0.088505193236062,399.7577777777778,399.7577777777778,0.41954119561114034,0.47475555555556953,2.551394204428006,16.596905931313007
partial_resnet18,Partial ResNet-18,ood,reach,Reach,camera_location_viewpoint,Camera viewpoint,camera_multi_pose,diverse_train,100,1,150,1,1,46,0.30666666666666664,30.666666666666664,82,0.5466666666666666,54.666666666666664,124,0.8266666666666667,82.66666666666667,137,0.9133333333333333,91.33333333333333,0.01503493403744263,0.01503493403744263,0.0,0.0,0.2619810365035664,0.2619810365035664,0.0,0.0,395.68,395.68,0.0,0.0,1.503493403744263,26.198103650356643
partial_resnet18,Partial ResNet-18,ood,reach,Reach,camera_location_viewpoint,Camera viewpoint,camera_multi_pose,diverse_train,200,1,150,1,1,0,0.0,0.0,0,0.0,0.0,108,0.72,72.0,150,1.0,100.0,0.019145015602310498,0.019145015602310498,0.0,0.0,0.19444660231471061,0.19444660231471061,0.0,0.0,400.0,400.0,0.0,0.0,1.9145015602310498,19.44466023147106
partial_resnet18,Partial ResNet-18,ood,reach,Reach,color,Color,color_multi,diverse_train,5,3,450,3,1,0,0.0,0.0,0,0.0,0.0,39,0.08666666666666667,8.666666666666668,230,0.5111111111111111,51.11111111111111,0.05518734040359656,0.05518734040359655,0.029824792866369503,0.0337499302922496,0.24051663922766844,0.24051663922766844,0.09167619858103714,0.10374138474092502,400.0,400.0,0.0,0.0,5.518734040359656,24.051663922766846
partial_resnet18,Partial ResNet-18,ood,reach,Reach,color,Color,color_multi,diverse_train,20,3,450,3,1,0,0.0,0.0,0,0.0,0.0,32,0.07111111111111111,7.111111111111111,220,0.4888888888888889,48.888888888888886,0.04996574131978883,0.04996574131978882,0.008329028103788811,0.009425182570908441,0.250157456530465,0.250157456530465,0.02065866377044224,0.02337747877436708,400.0,400.0,0.0,0.0,4.996574131978883,25.0157456530465
partial_resnet18,Partial ResNet-18,ood,reach,Reach,color,Color,color_multi,diverse_train,50,3,450,3,1,0,0.0,0.0,39,0.08666666666666667,8.666666666666668,150,0.3333333333333333,33.33333333333333,191,0.42444444444444446,42.44444444444444,0.04196875822937323,0.04196875822937323,0.025553948535307066,0.02891701496880606,0.25840209398004743,0.25840209398004743,0.1730541915194643,0.1958292527539853,400.0,400.0,0.0,0.0,4.196875822937323,25.840209398004742
partial_resnet18,Partial ResNet-18,ood,reach,Reach,color,Color,color_multi,diverse_train,100,1,150,1,1,0,0.0,0.0,0,0.0,0.0,0,0.0,0.0,150,1.0,100.0,0.03051937443514665,0.03051937443514665,0.0,0.0,0.27732838988304137,0.27732838988304137,0.0,0.0,400.0,400.0,0.0,0.0,3.051937443514665,27.732838988304138
partial_resnet18,Partial ResNet-18,ood,reach,Reach,color,Color,color_multi,diverse_train,200,1,150,1,1,150,1.0,100.0,150,1.0,100.0,150,1.0,100.0,150,1.0,100.0,0.0031805471408491333,0.0031805471408491333,0.0,0.0,0.025174901659289997,0.025174901659289997,0.0,0.0,400.0,400.0,0.0,0.0,0.3180547140849133,2.517490165929
partial_resnet18,Partial ResNet-18,ood,reach,Reach,color,Color,color_red_only,fixed_train,5,3,450,3,1,0,0.0,0.0,0,0.0,0.0,0,0.0,0.0,114,0.25333333333333335,25.333333333333336,0.07732721496787336,0.07732721496787336,0.020150958505353023,0.02280295618228931,0.28405602627330356,0.28405602627330356,0.02051179316938529,0.023211279043496787,400.0,400.0,0.0,0.0,7.7327214967873354,28.405602627330357
partial_resnet18,Partial ResNet-18,ood,reach,Reach,color,Color,color_red_only,fixed_train,20,3,450,3,1,0,0.0,0.0,0,0.0,0.0,0,0.0,0.0,182,0.40444444444444444,40.44444444444444,0.0641884437782897,0.06418844377828968,0.017996262043827916,0.02036468760140574,0.3027548157506519,0.3027548157506519,0.06748485452343772,0.07636630189364582,400.0,400.0,0.0,0.0,6.41884437782897,30.27548157506519
partial_resnet18,Partial ResNet-18,ood,reach,Reach,color,Color,color_red_only,fixed_train,50,3,450,3,1,0,0.0,0.0,0,0.0,0.0,70,0.15555555555555556,15.555555555555555,188,0.4177777777777778,41.77777777777778,0.05400286299900876,0.054002862999008756,0.018739944425358663,0.021206243438815726,0.23082831187380684,0.23082831187380684,0.09547280596141894,0.1080376504353437,400.0,400.0,0.0,0.0,5.400286299900876,23.082831187380684
partial_resnet18,Partial ResNet-18,ood,reach,Reach,color,Color,color_red_only,fixed_train,100,1,150,1,1,0,0.0,0.0,0,0.0,0.0,73,0.4866666666666667,48.66666666666667,150,1.0,100.0,0.019051956404000522,0.019051956404000522,0.0,0.0,0.03238762198636929,0.03238762198636929,0.0,0.0,400.0,400.0,0.0,0.0,1.9051956404000523,3.238762198636929
partial_resnet18,Partial ResNet-18,ood,reach,Reach,color,Color,color_red_only,fixed_train,200,1,150,1,1,32,0.21333333333333335,21.333333333333336,112,0.7466666666666667,74.66666666666667,112,0.7466666666666667,74.66666666666667,150,1.0,100.0,0.012567217561105888,0.012567217561105888,0.0,0.0,0.07585340965539217,0.07585340965539217,0.0,0.0,400.0,400.0,0.0,0.0,1.2567217561105888,7.585340965539217
partial_resnet18,Partial ResNet-18,ood,reach,Reach,lighting_direction_intensity,Lighting,lighting_diverse,diverse_train,5,3,450,3,1,0,0.0,0.0,0,0.0,0.0,34,0.07555555555555556,7.555555555555555,162,0.36,36.0,0.08298135142359468,0.08298135142359468,0.05510297665319556,0.06235488807158935,0.23158530209627418,0.23158530209627418,0.07726539241766833,0.08743402241831046,400.0,400.0,0.0,0.0,8.298135142359468,23.15853020962742
partial_resnet18,Partial ResNet-18,ood,reach,Reach,lighting_direction_intensity,Lighting,lighting_diverse,diverse_train,20,3,450,3,1,0,0.0,0.0,40,0.08888888888888889,8.88888888888889,102,0.22666666666666666,22.666666666666664,286,0.6355555555555555,63.55555555555556,0.06001356336805556,0.06001356336805556,0.03438068449991633,0.038905407003862566,0.24918037621511355,0.24918037621511355,0.01661379000204639,0.018800273214685137,400.0,400.0,0.0,0.0,6.001356336805555,24.918037621511356
partial_resnet18,Partial ResNet-18,ood,reach,Reach,lighting_direction_intensity,Lighting,lighting_diverse,diverse_train,50,3,450,3,1,0,0.0,0.0,0,0.0,0.0,48,0.10666666666666667,10.666666666666668,286,0.6355555555555555,63.55555555555556,0.04283803761005402,0.04283803761005401,0.01989767148188364,0.022516334933172028,0.2506417543358273,0.2506417543358273,0.026290023425751232,0.029749962119643723,400.0,400.0,0.0,0.0,4.283803761005402,25.06417543358273
partial_resnet18,Partial ResNet-18,ood,reach,Reach,lighting_direction_intensity,Lighting,lighting_diverse,diverse_train,100,1,150,1,1,0,0.0,0.0,102,0.68,68.0,150,1.0,100.0,150,1.0,100.0,0.00921901512891054,0.00921901512891054,0.0,0.0,0.04023844679196675,0.04023844679196675,0.0,0.0,400.0,400.0,0.0,0.0,0.921901512891054,4.023844679196675
partial_resnet18,Partial ResNet-18,ood,reach,Reach,lighting_direction_intensity,Lighting,lighting_diverse,diverse_train,200,1,150,1,1,110,0.7333333333333333,73.33333333333333,150,1.0,100.0,150,1.0,100.0,150,1.0,100.0,0.00364177697027723,0.00364177697027723,0.0,0.0,0.04031104778250059,0.04031104778250059,0.0,0.0,400.0,400.0,0.0,0.0,0.364177697027723,4.031104778250059
partial_resnet18,Partial ResNet-18,ood,reach,Reach,lighting_direction_intensity,Lighting,lighting_fixed,fixed_train,5,3,450,3,1,0,0.0,0.0,0,0.0,0.0,40,0.08888888888888889,8.88888888888889,218,0.48444444444444446,48.44444444444444,0.09405710866881742,0.0940571086688174,0.07127776501847116,0.08065838416847247,0.3419985027776824,0.3419985027776824,0.22202359882284134,0.25124335371176115,400.0,400.0,0.0,0.0,9.405710866881742,34.19985027776824
partial_resnet18,Partial ResNet-18,ood,reach,Reach,lighting_direction_intensity,Lighting,lighting_fixed,fixed_train,20,3,450,3,1,0,0.0,0.0,0,0.0,0.0,0,0.0,0.0,138,0.30666666666666664,30.666666666666664,0.09695332297020488,0.09695332297020488,0.0688302852351491,0.07788880006946763,0.45996011449231045,0.45996011449231045,0.34419251903660597,0.3894905012969261,400.0,400.0,0.0,0.0,9.695332297020489,45.99601144923105
partial_resnet18,Partial ResNet-18,ood,reach,Reach,lighting_direction_intensity,Lighting,lighting_fixed,fixed_train,50,3,450,3,1,0,0.0,0.0,34,0.07555555555555556,7.555555555555555,34,0.07555555555555556,7.555555555555555,212,0.4711111111111111,47.11111111111111,0.08967727016657591,0.0896772701665759,0.05586857311680385,0.0632212420273249,0.3580449570880996,0.35804495708809964,0.18003716645809648,0.20373123277669014,400.0,400.0,0.0,0.0,8.96772701665759,35.80449570880996
partial_resnet18,Partial ResNet-18,ood,reach,Reach,lighting_direction_intensity,Lighting,lighting_fixed,fixed_train,100,1,150,1,1,0,0.0,0.0,0,0.0,0.0,0,0.0,0.0,62,0.41333333333333333,41.333333333333336,0.04907756673792998,0.04907756673792998,0.0,0.0,0.23722972095012665,0.23722972095012665,0.0,0.0,400.0,400.0,0.0,0.0,4.907756673792997,23.722972095012665
partial_resnet18,Partial ResNet-18,ood,reach,Reach,lighting_direction_intensity,Lighting,lighting_fixed,fixed_train,200,1,150,1,1,0,0.0,0.0,0,0.0,0.0,74,0.49333333333333335,49.333333333333336,150,1.0,100.0,0.0231708208968242,0.0231708208968242,0.0,0.0,0.12392185111840566,0.12392185111840566,0.0,0.0,400.0,400.0,0.0,0.0,2.31708208968242,12.392185111840567
partial_resnet18,Partial ResNet-18,ood,reach,Reach,spatial_distribution,Spatial distribution,spatial_narrow,narrow_train,5,3,450,3,1,0,0.0,0.0,2,0.0044444444444444444,0.4444444444444444,13,0.028888888888888888,2.888888888888889,44,0.09777777777777778,9.777777777777779,0.1381693435512069,0.1381693435512069,0.017387357997770105,0.01967564780819757,0.2702922792608539,0.2702922792608539,0.014420760111502942,0.016318626275298672,400.0,400.0,0.0,0.0,13.816934355120692,27.02922792608539
partial_resnet18,Partial ResNet-18,ood,reach,Reach,spatial_distribution,Spatial distribution,spatial_narrow,narrow_train,20,3,450,3,1,1,0.0022222222222222222,0.2222222222222222,6,0.013333333333333334,1.3333333333333335,19,0.042222222222222223,4.222222222222222,83,0.18444444444444444,18.444444444444443,0.11195176508536356,0.11195176508536354,0.01472232298406978,0.016659876790380633,0.2195144260633323,0.2195144260633323,0.03670644750809939,0.04153725560560026,400.0,400.0,0.0,0.0,11.195176508536356,21.95144260633323
partial_resnet18,Partial ResNet-18,ood,reach,Reach,spatial_distribution,Spatial distribution,spatial_narrow,narrow_train,50,3,450,3,1,5,0.011111111111111112,1.1111111111111112,10,0.022222222222222223,2.2222222222222223,35,0.07777777777777778,7.777777777777778,98,0.21777777777777776,21.777777777777775,0.09983331494330842,0.09983331494330842,0.009491101110091719,0.010740191970402123,0.18152264097278628,0.18152264097278628,0.04631472958762801,0.05241005032592905,399.7111111111111,399.71111111111105,0.50037023329768,0.5662222222222272,9.983331494330843,18.15226409727863
partial_resnet18,Partial ResNet-18,ood,reach,Reach,spatial_distribution,Spatial distribution,spatial_narrow,narrow_train,100,1,150,1,1,1,0.006666666666666667,0.6666666666666667,4,0.02666666666666667,2.666666666666667,14,0.09333333333333334,9.333333333333334,37,0.24666666666666667,24.666666666666668,0.08614462979448338,0.08614462979448338,0.0,0.0,0.2284676270186901,0.2284676270186901,0.0,0.0,400.0,400.0,0.0,0.0,8.614462979448339,22.84676270186901
partial_resnet18,Partial ResNet-18,ood,reach,Reach,spatial_distribution,Spatial distribution,spatial_narrow,narrow_train,200,1,150,1,1,4,0.02666666666666667,2.666666666666667,9,0.06,6.0,25,0.16666666666666666,16.666666666666664,59,0.3933333333333333,39.33333333333333,0.08073353756840031,0.08073353756840031,0.0,0.0,0.10863813402441641,0.10863813402441641,0.0,0.0,400.0,400.0,0.0,0.0,8.073353756840032,10.863813402441641
partial_resnet18,Partial ResNet-18,ood,reach,Reach,spatial_distribution,Spatial distribution,spatial_wide,wide_train,5,3,450,3,1,0,0.0,0.0,3,0.006666666666666667,0.6666666666666667,18,0.04,4.0,61,0.13555555555555557,13.555555555555557,0.12719146310248308,0.12719146310248308,0.010791863489464872,0.012212143169772467,0.28357096679508687,0.28357096679508687,0.06824783280886847,0.07722969310186521,400.0,400.0,0.0,0.0,12.719146310248309,28.357096679508686
partial_resnet18,Partial ResNet-18,ood,reach,Reach,spatial_distribution,Spatial distribution,spatial_wide,wide_train,20,3,450,3,1,0,0.0,0.0,4,0.008888888888888889,0.8888888888888888,34,0.07555555555555556,7.555555555555555,101,0.22444444444444445,22.444444444444443,0.10493922103196382,0.10493922103196383,0.0066123635295058875,0.00748259373293018,0.21999565377003616,0.21999565377003616,0.03293532678575477,0.03726983077978346,400.0,400.0,0.0,0.0,10.493922103196383,21.999565377003616
partial_resnet18,Partial ResNet-18,ood,reach,Reach,spatial_distribution,Spatial distribution,spatial_wide,wide_train,50,3,450,3,1,4,0.008888888888888889,0.8888888888888888,15,0.03333333333333333,3.3333333333333335,88,0.19555555555555557,19.555555555555557,229,0.5088888888888888,50.888888888888886,0.05619887083613624,0.05619887083613625,0.0030905491389173305,0.003497285579503466,0.11235716147141324,0.11235716147141324,0.02664731015553878,0.030154270115300336,400.0,400.0,0.0,0.0,5.619887083613624,11.235716147141323
partial_resnet18,Partial ResNet-18,ood,reach,Reach,spatial_distribution,Spatial distribution,spatial_wide,wide_train,100,1,150,1,1,2,0.013333333333333334,1.3333333333333335,7,0.04666666666666667,4.666666666666667,36,0.24,24.0,80,0.5333333333333333,53.333333333333336,0.05169860580082362,0.05169860580082362,0.0,0.0,0.10936722102963055,0.10936722102963055,0.0,0.0,400.0,400.0,0.0,0.0,5.169860580082362,10.936722102963055
partial_resnet18,Partial ResNet-18,ood,reach,Reach,spatial_distribution,Spatial distribution,spatial_wide,wide_train,200,1,150,1,1,4,0.02666666666666667,2.666666666666667,26,0.17333333333333334,17.333333333333336,65,0.43333333333333335,43.333333333333336,111,0.74,74.0,0.03480780072355022,0.03480780072355022,0.0,0.0,0.07628262199927122,0.07628262199927122,0.0,0.0,400.0,400.0,0.0,0.0,3.4807800723550217,7.628262199927121
scratch_cnn,Scratch CNN,id,avoid_reach,Obstacle-aware reach,camera_location_viewpoint,Camera viewpoint,avoid_camera_fixed,fixed_train,5,3,450,3,1,0,0.0,0.0,150,0.3333333333333333,33.33333333333333,450,1.0,100.0,450,1.0,100.0,0.012706443046530088,0.012706443046530088,0.005776673273157788,0.006536921183785204,0.5375027457873026,0.5375027457873026,0.01564335542926553,0.01770212311750628,400.0,400.0,0.0,0.0,1.270644304653009,53.75027457873026
scratch_cnn,Scratch CNN,id,avoid_reach,Obstacle-aware reach,camera_location_viewpoint,Camera viewpoint,avoid_camera_fixed,fixed_train,20,3,450,3,1,0,0.0,0.0,150,0.3333333333333333,33.33333333333333,300,0.6666666666666666,66.66666666666666,450,1.0,100.0,0.017184291190157335,0.017184291190157335,0.011795139830443281,0.013347457226221984,1.0079928636550903,1.0079928636550903,0.2004891110052315,0.22687478672857997,400.0,400.0,0.0,0.0,1.7184291190157335,100.79928636550903
scratch_cnn,Scratch CNN,id,avoid_reach,Obstacle-aware reach,camera_location_viewpoint,Camera viewpoint,avoid_camera_fixed,fixed_train,50,3,450,3,1,0,0.0,0.0,0,0.0,0.0,450,1.0,100.0,450,1.0,100.0,0.016983421829839546,0.016983421829839546,0.0036836329672339458,0.004168423111047466,0.8760658502578735,0.8760658502578735,0.14364169121518225,0.16254587541627963,400.0,400.0,0.0,0.0,1.6983421829839547,87.60658502578735
scratch_cnn,Scratch CNN,id,avoid_reach,Obstacle-aware reach,camera_location_viewpoint,Camera viewpoint,avoid_camera_fixed,fixed_train,100,1,150,1,1,0,0.0,0.0,0,0.0,0.0,0,0.0,0.0,150,1.0,100.0,0.02234642021358013,0.02234642021358013,0.0,0.0,0.7987040281295776,0.7987040281295776,0.0,0.0,400.0,400.0,0.0,0.0,2.234642021358013,79.87040281295776
scratch_cnn,Scratch CNN,id,avoid_reach,Obstacle-aware reach,camera_location_viewpoint,Camera viewpoint,avoid_camera_fixed,fixed_train,200,1,150,1,1,0,0.0,0.0,0,0.0,0.0,150,1.0,100.0,150,1.0,100.0,0.01248110644519329,0.01248110644519329,0.0,0.0,0.6803615093231201,0.6803615093231201,0.0,0.0,400.0,400.0,0.0,0.0,1.248110644519329,68.03615093231201
scratch_cnn,Scratch CNN,id,avoid_reach,Obstacle-aware reach,camera_location_viewpoint,Camera viewpoint,avoid_camera_multi_pose,diverse_train,5,3,450,3,1,0,0.0,0.0,0,0.0,0.0,300,0.6666666666666666,66.66666666666666,450,1.0,100.0,0.022388135507288905,0.02238813550728891,0.012329052738291785,0.013951636557919478,0.5591491341590882,0.5591491341590881,0.0369465613452693,0.04180896999111162,400.0,400.0,0.0,0.0,2.2388135507288904,55.91491341590882
scratch_cnn,Scratch CNN,id,avoid_reach,Obstacle-aware reach,camera_location_viewpoint,Camera viewpoint,avoid_camera_multi_pose,diverse_train,20,3,450,3,1,0,0.0,0.0,150,0.3333333333333333,33.33333333333333,300,0.6666666666666666,66.66666666666666,450,1.0,100.0,0.016003763870232637,0.016003763870232637,0.009373717260341226,0.010607359639788278,1.0884041062990824,1.0884041062990824,0.029374702944322338,0.0332406055984488,400.0,400.0,0.0,0.0,1.6003763870232637,108.84041062990823
scratch_cnn,Scratch CNN,id,avoid_reach,Obstacle-aware reach,camera_location_viewpoint,Camera viewpoint,avoid_camera_multi_pose,diverse_train,50,3,450,3,1,0,0.0,0.0,0,0.0,0.0,150,0.3333333333333333,33.33333333333333,300,0.6666666666666666,66.66666666666666,0.08528212074190378,0.08528212074190378,0.109091133657955,0.12344823895189867,0.8715126399199168,0.8715126399199168,0.3439820107080144,0.3892522886981752,400.0,400.0,0.0,0.0,8.528212074190378,87.15126399199168
scratch_cnn,Scratch CNN,id,avoid_reach,Obstacle-aware reach,camera_location_viewpoint,Camera viewpoint,avoid_camera_multi_pose,diverse_train,100,1,150,1,1,0,0.0,0.0,0,0.0,0.0,150,1.0,100.0,150,1.0,100.0,0.01719766656557719,0.01719766656557719,0.0,0.0,1.219412461121877,1.219412461121877,0.0,0.0,400.0,400.0,0.0,0.0,1.719766656557719,121.94124611218771
scratch_cnn,Scratch CNN,id,avoid_reach,Obstacle-aware reach,camera_location_viewpoint,Camera viewpoint,avoid_camera_multi_pose,diverse_train,200,1,150,1,1,0,0.0,0.0,0,0.0,0.0,0,0.0,0.0,150,1.0,100.0,0.021939852572977543,0.021939852572977543,0.0,0.0,1.2037513836224873,1.2037513836224873,0.0,0.0,400.0,400.0,0.0,0.0,2.1939852572977543,120.37513836224873
scratch_cnn,Scratch CNN,id,avoid_reach,Obstacle-aware reach,color,Color,avoid_color_multi,diverse_train,5,3,450,3,1,0,0.0,0.0,150,0.3333333333333333,33.33333333333333,150,0.3333333333333333,33.33333333333333,450,1.0,100.0,0.02203246996841497,0.02203246996841497,0.01251463076895644,0.014161637868800918,0.5361928164958953,0.5361928164958955,0.007382926932356887,0.008354568309535031,400.0,400.0,0.0,0.0,2.203246996841497,53.61928164958953
scratch_cnn,Scratch CNN,id,avoid_reach,Obstacle-aware reach,color,Color,avoid_color_multi,diverse_train,20,3,450,3,1,0,0.0,0.0,0,0.0,0.0,300,0.6666666666666666,66.66666666666666,450,1.0,100.0,0.0188645983984073,0.0188645983984073,0.006289133545771923,0.007116824573417014,0.8687561841805777,0.8687561841805777,0.23208984037885133,0.26263437836505793,400.0,400.0,0.0,0.0,1.88645983984073,86.87561841805777
scratch_cnn,Scratch CNN,id,avoid_reach,Obstacle-aware reach,color,Color,avoid_color_multi,diverse_train,50,3,450,3,1,0,0.0,0.0,0,0.0,0.0,300,0.6666666666666666,66.66666666666666,450,1.0,100.0,0.01730239705286092,0.01730239705286092,0.003353581010158639,0.0037949341619700427,0.9686204722192553,0.9686204722192553,0.05850222477481907,0.06620149943499022,400.0,400.0,0.0,0.0,1.730239705286092,96.86204722192554
scratch_cnn,Scratch CNN,id,avoid_reach,Obstacle-aware reach,color,Color,avoid_color_multi,diverse_train,100,1,150,1,1,0,0.0,0.0,0,0.0,0.0,150,1.0,100.0,150,1.0,100.0,0.018295229487121104,0.018295229487121104,0.0,0.0,0.7735728394985198,0.7735728394985198,0.0,0.0,400.0,400.0,0.0,0.0,1.8295229487121103,77.35728394985199
scratch_cnn,Scratch CNN,id,avoid_reach,Obstacle-aware reach,color,Color,avoid_color_multi,diverse_train,200,1,150,1,1,0,0.0,0.0,0,0.0,0.0,150,1.0,100.0,150,1.0,100.0,0.013754541787008445,0.013754541787008445,0.0,0.0,0.7633820947011312,0.7633820947011312,0.0,0.0,400.0,400.0,0.0,0.0,1.3754541787008445,76.33820947011311
scratch_cnn,Scratch CNN,id,avoid_reach,Obstacle-aware reach,color,Color,avoid_color_red_only,fixed_train,5,3,450,3,1,0,0.0,0.0,0,0.0,0.0,150,0.3333333333333333,33.33333333333333,450,1.0,100.0,0.025071161488691967,0.025071161488691967,0.008638191649786353,0.009775034057658828,0.5395079255104065,0.5395079255104065,0.032272127522157155,0.036519350163989155,400.0,400.0,0.0,0.0,2.507116148869197,53.95079255104065
scratch_cnn,Scratch CNN,id,avoid_reach,Obstacle-aware reach,color,Color,avoid_color_red_only,fixed_train,20,3,450,3,1,0,0.0,0.0,0,0.0,0.0,450,1.0,100.0,450,1.0,100.0,0.014711497661968073,0.014711497661968073,0.00028584048849414307,0.00032345896263567977,0.9647542238235474,0.9647542238235474,0.17431349099328378,0.19725428425877736,400.0,400.0,0.0,0.0,1.4711497661968074,96.47542238235474
scratch_cnn,Scratch CNN,id,avoid_reach,Obstacle-aware reach,color,Color,avoid_color_red_only,fixed_train,50,3,450,3,1,0,0.0,0.0,0,0.0,0.0,300,0.6666666666666666,66.66666666666666,450,1.0,100.0,0.0181140440205733,0.0181140440205733,0.0023260537407818914,0.0026321775966443237,0.8727632164955139,0.8727632164955139,0.18852726512809945,0.21333868385173266,400.0,400.0,0.0,0.0,1.8114044020573299,87.27632164955139
scratch_cnn,Scratch CNN,id,avoid_reach,Obstacle-aware reach,color,Color,avoid_color_red_only,fixed_train,100,1,150,1,1,0,0.0,0.0,0,0.0,0.0,0,0.0,0.0,150,1.0,100.0,0.025367531925439835,0.025367531925439835,0.0,0.0,1.2006529569625854,1.2006529569625854,0.0,0.0,400.0,400.0,0.0,0.0,2.5367531925439835,120.06529569625854
scratch_cnn,Scratch CNN,id,avoid_reach,Obstacle-aware reach,color,Color,avoid_color_red_only,fixed_train,200,1,150,1,1,0,0.0,0.0,0,0.0,0.0,150,1.0,100.0,150,1.0,100.0,0.014890649355947971,0.014890649355947971,0.0,0.0,0.7046743631362915,0.7046743631362915,0.0,0.0,400.0,400.0,0.0,0.0,1.4890649355947971,70.46743631362915
scratch_cnn,Scratch CNN,id,avoid_reach,Obstacle-aware reach,lighting_direction_intensity,Lighting,avoid_lighting_diverse,diverse_train,5,3,450,3,1,0,0.0,0.0,0,0.0,0.0,150,0.3333333333333333,33.33333333333333,450,1.0,100.0,0.02146647325820393,0.02146647325820393,0.00951439939242417,0.010766556458771663,0.5541502708858914,0.5541502708858913,0.03336717053104137,0.03775850798085805,400.0,400.0,0.0,0.0,2.146647325820393,55.41502708858914
scratch_cnn,Scratch CNN,id,avoid_reach,Obstacle-aware reach,lighting_direction_intensity,Lighting,avoid_lighting_diverse,diverse_train,20,3,450,3,1,0,0.0,0.0,0,0.0,0.0,150,0.3333333333333333,33.33333333333333,450,1.0,100.0,0.020701661590072844,0.020701661590072844,0.005228530019049287,0.005916638699369724,0.8626363530423906,0.8626363530423906,0.2665359203345634,0.30161378729357513,400.0,400.0,0.0,0.0,2.0701661590072846,86.26363530423906
scratch_cnn,Scratch CNN,id,avoid_reach,Obstacle-aware reach,lighting_direction_intensity,Lighting,avoid_lighting_diverse,diverse_train,50,3,450,3,1,0,0.0,0.0,0,0.0,0.0,57,0.12666666666666668,12.666666666666668,450,1.0,100.0,0.020622159884207777,0.020622159884207777,0.0005667894818147665,0.0006413826774032237,0.8494519845644632,0.8494519845644634,0.11198166609614,0.1267191843272221,400.0,400.0,0.0,0.0,2.062215988420778,84.94519845644632
scratch_cnn,Scratch CNN,id,avoid_reach,Obstacle-aware reach,lighting_direction_intensity,Lighting,avoid_lighting_diverse,diverse_train,100,1,150,1,1,0,0.0,0.0,0,0.0,0.0,150,1.0,100.0,150,1.0,100.0,0.01813032022366921,0.01813032022366921,0.0,0.0,0.8738171315193176,0.8738171315193176,0.0,0.0,400.0,400.0,0.0,0.0,1.813032022366921,87.38171315193176
scratch_cnn,Scratch CNN,id,avoid_reach,Obstacle-aware reach,lighting_direction_intensity,Lighting,avoid_lighting_diverse,diverse_train,200,1,150,1,1,0,0.0,0.0,0,0.0,0.0,0,0.0,0.0,150,1.0,100.0,0.021476519145071506,0.021476519145071506,0.0,0.0,0.8904027899106344,0.8904027899106344,0.0,0.0,400.0,400.0,0.0,0.0,2.1476519145071507,89.04027899106343
scratch_cnn,Scratch CNN,id,avoid_reach,Obstacle-aware reach,lighting_direction_intensity,Lighting,avoid_lighting_fixed,fixed_train,5,3,450,3,1,0,0.0,0.0,150,0.3333333333333333,33.33333333333333,300,0.6666666666666666,66.66666666666666,450,1.0,100.0,0.016915653211375076,0.016915653211375076,0.011850866951323797,0.013410518399975379,0.5722631216049194,0.5722631216049194,0.030056414563705263,0.03401203491689124,400.0,400.0,0.0,0.0,1.6915653211375077,57.22631216049194
scratch_cnn,Scratch CNN,id,avoid_reach,Obstacle-aware reach,lighting_direction_intensity,Lighting,avoid_lighting_fixed,fixed_train,20,3,450,3,1,0,0.0,0.0,0,0.0,0.0,300,0.6666666666666666,66.66666666666666,450,1.0,100.0,0.02158987397948901,0.02158987397948901,0.005176248084286147,0.005857476120715588,0.8150175015131632,0.8150175015131632,0.26005824222266055,0.2942836044583786,400.0,400.0,0.0,0.0,2.158987397948901,81.50175015131632
scratch_cnn,Scratch CNN,id,avoid_reach,Obstacle-aware reach,lighting_direction_intensity,Lighting,avoid_lighting_fixed,fixed_train,50,3,450,3,1,0,0.0,0.0,0,0.0,0.0,150,0.3333333333333333,33.33333333333333,450,1.0,100.0,0.020061619579792023,0.020061619579792023,0.0018583036428238113,0.0021028685325039636,0.7606944044431051,0.7606944044431051,0.23329788735183565,0.2640014122053485,400.0,400.0,0.0,0.0,2.0061619579792023,76.06944044431052
scratch_cnn,Scratch CNN,id,avoid_reach,Obstacle-aware reach,lighting_direction_intensity,Lighting,avoid_lighting_fixed,fixed_train,100,1,150,1,1,0,0.0,0.0,0,0.0,0.0,150,1.0,100.0,150,1.0,100.0,0.017668694257736206,0.017668694257736206,0.0,0.0,0.9221317768096924,0.9221317768096924,0.0,0.0,400.0,400.0,0.0,0.0,1.7668694257736206,92.21317768096924
scratch_cnn,Scratch CNN,id,avoid_reach,Obstacle-aware reach,lighting_direction_intensity,Lighting,avoid_lighting_fixed,fixed_train,200,1,150,1,1,0,0.0,0.0,0,0.0,0.0,150,1.0,100.0,150,1.0,100.0,0.01799898035824299,0.01799898035824299,0.0,0.0,0.695123553276062,0.695123553276062,0.0,0.0,400.0,400.0,0.0,0.0,1.7998980358242989,69.5123553276062
scratch_cnn,Scratch CNN,id,avoid_reach,Obstacle-aware reach,spatial_distribution,Spatial distribution,avoid_spatial_narrow,narrow_train,5,3,450,3,1,4,0.008888888888888889,0.8888888888888888,10,0.022222222222222223,2.2222222222222223,39,0.08666666666666667,8.666666666666668,185,0.4111111111111111,41.11111111111111,0.06974232405152482,0.06974232405152482,0.021414253351951035,0.024232508876997804,0.4874752428283035,0.48747524282830357,0.020139786127322232,0.022790313446380727,399.38666666666666,399.3866666666667,1.0623244953088968,1.2021333333333168,6.974232405152482,48.74752428283035
scratch_cnn,Scratch CNN,id,avoid_reach,Obstacle-aware reach,spatial_distribution,Spatial distribution,avoid_spatial_narrow,narrow_train,20,3,450,3,1,0,0.0,0.0,0,0.0,0.0,15,0.03333333333333333,3.3333333333333335,208,0.4622222222222222,46.22222222222222,0.061584960458179315,0.061584960458179315,0.008218097375204878,0.009299652634330142,0.3237976338466009,0.3237976338466008,0.08134709075966624,0.09205289890585701,400.0,400.0,0.0,0.0,6.158496045817931,32.37976338466009
scratch_cnn,Scratch CNN,id,avoid_reach,Obstacle-aware reach,spatial_distribution,Spatial distribution,avoid_spatial_narrow,narrow_train,50,3,450,3,1,6,0.013333333333333334,1.3333333333333335,10,0.022222222222222223,2.2222222222222223,26,0.057777777777777775,5.777777777777778,199,0.44222222222222224,44.22222222222222,0.07953613612490396,0.07953613612490396,0.042023585303600966,0.04755416344320055,0.35139844756159516,0.35139844756159516,0.22148493847277279,0.25063380214345804,400.0,400.0,0.0,0.0,7.953613612490395,35.13984475615952
scratch_cnn,Scratch CNN,id,avoid_reach,Obstacle-aware reach,spatial_distribution,Spatial distribution,avoid_spatial_narrow,narrow_train,100,1,150,1,1,0,0.0,0.0,0,0.0,0.0,14,0.09333333333333334,9.333333333333334,132,0.88,88.0,0.03608044238761068,0.03608044238761068,0.0,0.0,0.24866975913445155,0.24866975913445155,0.0,0.0,400.0,400.0,0.0,0.0,3.608044238761068,24.866975913445156
scratch_cnn,Scratch CNN,id,avoid_reach,Obstacle-aware reach,spatial_distribution,Spatial distribution,avoid_spatial_narrow,narrow_train,200,1,150,1,1,0,0.0,0.0,0,0.0,0.0,95,0.6333333333333333,63.33333333333333,141,0.94,94.0,0.022797786456843216,0.022797786456843216,0.0,0.0,0.2140086837609609,0.2140086837609609,0.0,0.0,400.0,400.0,0.0,0.0,2.2797786456843214,21.400868376096092
scratch_cnn,Scratch CNN,id,avoid_reach,Obstacle-aware reach,spatial_distribution,Spatial distribution,avoid_spatial_wide,wide_train,5,3,450,3,1,2,0.0044444444444444444,0.4444444444444444,15,0.03333333333333333,3.3333333333333335,54,0.12,12.0,168,0.37333333333333335,37.333333333333336,0.08244129105160634,0.08244129105160634,0.0035506890694341695,0.0040179829284911,0.2839478238444361,0.2839478238444361,0.08924438472614704,0.10098952830879492,400.0,400.0,0.0,0.0,8.244129105160635,28.394782384443612
scratch_cnn,Scratch CNN,id,avoid_reach,Obstacle-aware reach,spatial_distribution,Spatial distribution,avoid_spatial_wide,wide_train,20,3,450,3,1,0,0.0,0.0,5,0.011111111111111112,1.1111111111111112,66,0.14666666666666667,14.666666666666666,219,0.4866666666666667,48.66666666666667,0.06585250249649915,0.06585250249649915,0.00680223752586392,0.007697456386632644,0.4900226206994719,0.49002262069947183,0.07322060328236192,0.08285691262998497,400.0,400.0,0.0,0.0,6.585250249649915,49.002262069947186
scratch_cnn,Scratch CNN,id,avoid_reach,Obstacle-aware reach,spatial_distribution,Spatial distribution,avoid_spatial_wide,wide_train,50,3,450,3,1,0,0.0,0.0,8,0.017777777777777778,1.7777777777777777,82,0.18222222222222223,18.22222222222222,209,0.46444444444444444,46.44444444444444,0.064917882124169,0.064917882124169,0.0044725241010436035,0.005061137467641442,0.2845739962781469,0.2845739962781469,0.060799570622787846,0.06880119099273324,400.0,400.0,0.0,0.0,6.491788212416901,28.457399627814688
scratch_cnn,Scratch CNN,id,avoid_reach,Obstacle-aware reach,spatial_distribution,Spatial distribution,avoid_spatial_wide,wide_train,100,1,150,1,1,4,0.02666666666666667,2.666666666666667,18,0.12,12.0,42,0.28,28.000000000000004,91,0.6066666666666667,60.66666666666667,0.04945892311865464,0.04945892311865464,0.0,0.0,0.2800941967739103,0.2800941967739103,0.0,0.0,398.3,398.3,0.0,0.0,4.945892311865464,28.00941967739103
scratch_cnn,Scratch CNN,id,avoid_reach,Obstacle-aware reach,spatial_distribution,Spatial distribution,avoid_spatial_wide,wide_train,200,1,150,1,1,1,0.006666666666666667,0.6666666666666667,3,0.02,2.0,73,0.4866666666666667,48.66666666666667,137,0.9133333333333333,91.33333333333333,0.02634437724482268,0.02634437724482268,0.0,0.0,0.20010907442619402,0.20010907442619402,0.0,0.0,400.0,400.0,0.0,0.0,2.634437724482268,20.010907442619402
scratch_cnn,Scratch CNN,id,reach,Reach,camera_location_viewpoint,Camera viewpoint,camera_fixed,fixed_train,5,3,450,3,1,0,0.0,0.0,150,0.3333333333333333,33.33333333333333,300,0.6666666666666666,66.66666666666666,450,1.0,100.0,0.014643861912190914,0.014643861912190914,0.011015411512208664,0.012465111571544023,0.2882818579673767,0.2882818579673767,0.0252595385669964,0.028583858726871768,400.0,400.0,0.0,0.0,1.4643861912190914,28.82818579673767
scratch_cnn,Scratch CNN,id,reach,Reach,camera_location_viewpoint,Camera viewpoint,camera_fixed,fixed_train,20,3,450,3,1,0,0.0,0.0,300,0.6666666666666666,66.66666666666666,450,1.0,100.0,450,1.0,100.0,0.008040764834731817,0.008040764834731817,0.0017491543074350476,0.0019793544320935636,0.024909262855847675,0.024909262855847675,0.004503589727000302,0.0050962915327583845,400.0,400.0,0.0,0.0,0.8040764834731817,2.4909262855847674
scratch_cnn,Scratch CNN,id,reach,Reach,camera_location_viewpoint,Camera viewpoint,camera_fixed,fixed_train,50,3,450,3,1,300,0.6666666666666666,66.66666666666666,450,1.0,100.0,450,1.0,100.0,450,1.0,100.0,0.004066273725281159,0.004066273725281159,0.002830355566045243,0.00320284883399881,0.025055749341845512,0.025055749341845512,0.0026535884551018313,0.00300281801738819,400.0,400.0,0.0,0.0,0.4066273725281159,2.5055749341845512
scratch_cnn,Scratch CNN,id,reach,Reach,camera_location_viewpoint,Camera viewpoint,camera_fixed,fixed_train,100,1,150,1,1,150,1.0,100.0,150,1.0,100.0,150,1.0,100.0,150,1.0,100.0,0.0019127503037452698,0.0019127503037452698,0.0,0.0,0.08627650141716003,0.08627650141716003,0.0,0.0,400.0,400.0,0.0,0.0,0.19127503037452698,8.627650141716003
scratch_cnn,Scratch CNN,id,reach,Reach,camera_location_viewpoint,Camera viewpoint,camera_fixed,fixed_train,200,1,150,1,1,150,1.0,100.0,150,1.0,100.0,150,1.0,100.0,150,1.0,100.0,0.0020772868301719427,0.0020772868301719427,0.0,0.0,0.015425360761582851,0.015425360761582851,0.0,0.0,400.0,400.0,0.0,0.0,0.20772868301719427,1.5425360761582851
scratch_cnn,Scratch CNN,id,reach,Reach,camera_location_viewpoint,Camera viewpoint,camera_multi_pose,diverse_train,5,3,450,3,1,0,0.0,0.0,300,0.6666666666666666,66.66666666666666,300,0.6666666666666666,66.66666666666666,450,1.0,100.0,0.015492647455798255,0.015492647455798253,0.011972280887534483,0.013547911202734417,0.28208794173267154,0.28208794173267154,0.04862417335725581,0.05502343197079195,400.0,400.0,0.0,0.0,1.5492647455798254,28.208794173267155
scratch_cnn,Scratch CNN,id,reach,Reach,camera_location_viewpoint,Camera viewpoint,camera_multi_pose,diverse_train,20,3,450,3,1,0,0.0,0.0,310,0.6888888888888889,68.88888888888889,450,1.0,100.0,450,1.0,100.0,0.009111653248675996,0.009111653248675996,0.0019048894188110452,0.0021555853007049724,0.1374965661805537,0.1374965661805537,0.09971425179352207,0.1128372982254629,400.0,400.0,0.0,0.0,0.9111653248675996,13.74965661805537
scratch_cnn,Scratch CNN,id,reach,Reach,camera_location_viewpoint,Camera viewpoint,camera_multi_pose,diverse_train,50,3,450,3,1,183,0.4066666666666667,40.666666666666664,450,1.0,100.0,450,1.0,100.0,450,1.0,100.0,0.005271601294063859,0.00527160129406386,0.0010763306506624245,0.001217982790158112,0.021765783284273414,0.02176578328427341,0.0012695078250119366,0.0014365833416375969,400.0,400.0,0.0,0.0,0.5271601294063859,2.1765783284273414
scratch_cnn,Scratch CNN,id,reach,Reach,camera_location_viewpoint,Camera viewpoint,camera_multi_pose,diverse_train,100,1,150,1,1,150,1.0,100.0,150,1.0,100.0,150,1.0,100.0,150,1.0,100.0,0.001581077684337894,0.001581077684337894,0.0,0.0,0.022518519374231497,0.022518519374231497,0.0,0.0,400.0,400.0,0.0,0.0,0.1581077684337894,2.2518519374231496
scratch_cnn,Scratch CNN,id,reach,Reach,camera_location_viewpoint,Camera viewpoint,camera_multi_pose,diverse_train,200,1,150,1,1,150,1.0,100.0,150,1.0,100.0,150,1.0,100.0,150,1.0,100.0,0.004935124386101961,0.004935124386101961,0.0,0.0,0.015745531618595123,0.015745531618595123,0.0,0.0,400.0,400.0,0.0,0.0,0.4935124386101961,1.5745531618595123
scratch_cnn,Scratch CNN,id,reach,Reach,color,Color,color_multi,diverse_train,5,3,450,3,1,150,0.3333333333333333,33.33333333333333,300,0.6666666666666666,66.66666666666666,450,1.0,100.0,450,1.0,100.0,0.010474416949889726,0.010474416949889728,0.008131584247496482,0.009201753814291221,0.27877302719487085,0.2787730271948708,0.053218283030425396,0.06022215646551456,400.0,400.0,0.0,0.0,1.0474416949889727,27.877302719487083
scratch_cnn,Scratch CNN,id,reach,Reach,color,Color,color_multi,diverse_train,20,3,450,3,1,150,0.3333333333333333,33.33333333333333,269,0.5977777777777777,59.77777777777777,407,0.9044444444444445,90.44444444444444,450,1.0,100.0,0.011112298101393712,0.011112298101393714,0.007838892277170828,0.00887054167009119,0.2188079038924641,0.2188079038924641,0.050210442730661574,0.05681846474828839,400.0,400.0,0.0,0.0,1.1112298101393712,21.88079038924641
scratch_cnn,Scratch CNN,id,reach,Reach,color,Color,color_multi,diverse_train,50,3,450,3,1,450,1.0,100.0,450,1.0,100.0,450,1.0,100.0,450,1.0,100.0,0.003337845698568142,0.003337845698568142,0.0015990423897498537,0.0018094868061686931,0.05496768975837363,0.05496768975837363,0.05736021664083461,0.06490919557598779,400.0,400.0,0.0,0.0,0.3337845698568142,5.496768975837362
scratch_cnn,Scratch CNN,id,reach,Reach,color,Color,color_multi,diverse_train,100,1,150,1,1,71,0.47333333333333333,47.333333333333336,150,1.0,100.0,150,1.0,100.0,150,1.0,100.0,0.004999153120443225,0.004999153120443225,0.0,0.0,0.09549998074769973,0.09549998074769973,0.0,0.0,400.0,400.0,0.0,0.0,0.4999153120443225,9.549998074769974
scratch_cnn,Scratch CNN,id,reach,Reach,color,Color,color_multi,diverse_train,200,1,150,1,1,150,1.0,100.0,150,1.0,100.0,150,1.0,100.0,150,1.0,100.0,0.00047372174080616487,0.00047372174080616487,0.0,0.0,0.00047372174080616487,0.00047372174080616487,0.0,0.0,123.0,123.0,0.0,0.0,0.04737217408061649,0.04737217408061649
scratch_cnn,Scratch CNN,id,reach,Reach,color,Color,color_red_only,fixed_train,5,3,450,3,1,150,0.3333333333333333,33.33333333333333,150,0.3333333333333333,33.33333333333333,450,1.0,100.0,450,1.0,100.0,0.009121479000896215,0.009121479000896215,0.004660351299285163,0.005273683951234601,0.28985340396563214,0.28985340396563214,0.02746529636052898,0.03107990864436354,400.0,400.0,0.0,0.0,0.9121479000896215,28.985340396563213
scratch_cnn,Scratch CNN,id,reach,Reach,color,Color,color_red_only,fixed_train,20,3,450,3,1,0,0.0,0.0,300,0.6666666666666666,66.66666666666666,450,1.0,100.0,450,1.0,100.0,0.008247703469047943,0.008247703469047943,0.0017476642218436063,0.0019776682415115886,0.07379141201575597,0.07379141201575597,0.07993580999359629,0.09045588437867945,400.0,400.0,0.0,0.0,0.8247703469047943,7.379141201575597
scratch_cnn,Scratch CNN,id,reach,Reach,color,Color,color_red_only,fixed_train,50,3,450,3,1,300,0.6666666666666666,66.66666666666666,450,1.0,100.0,450,1.0,100.0,450,1.0,100.0,0.0037275206802102425,0.0037275206802102425,0.0025642066226509524,0.002901672952336883,0.01133980262481297,0.01133980262481297,0.010505827363539588,0.011888462822542661,308.3333333333333,308.3333333333333,158.77132402714707,179.66666666666666,0.37275206802102423,1.133980262481297
scratch_cnn,Scratch CNN,id,reach,Reach,color,Color,color_red_only,fixed_train,100,1,150,1,1,150,1.0,100.0,150,1.0,100.0,150,1.0,100.0,150,1.0,100.0,0.0023904130794107914,0.0023904130794107914,0.0,0.0,0.10570871829986572,0.10570871829986572,0.0,0.0,400.0,400.0,0.0,0.0,0.23904130794107914,10.570871829986572
scratch_cnn,Scratch CNN,id,reach,Reach,color,Color,color_red_only,fixed_train,200,1,150,1,1,150,1.0,100.0,150,1.0,100.0,150,1.0,100.0,150,1.0,100.0,0.0006748755695298314,0.0006748755695298314,0.0,0.0,0.0006748755695298314,0.0006748755695298314,0.0,0.0,124.0,124.0,0.0,0.0,0.06748755695298314,0.06748755695298314
scratch_cnn,Scratch CNN,id,reach,Reach,lighting_direction_intensity,Lighting,lighting_diverse,diverse_train,5,3,450,3,1,0,0.0,0.0,0,0.0,0.0,300,0.6666666666666666,66.66666666666666,450,1.0,100.0,0.017607405618247057,0.017607405618247057,0.004361003894187828,0.004934940473602844,0.2488314369900359,0.24883143699003588,0.021250343399894615,0.02404702730531024,400.0,400.0,0.0,0.0,1.7607405618247056,24.88314369900359
scratch_cnn,Scratch CNN,id,reach,Reach,lighting_direction_intensity,Lighting,lighting_diverse,diverse_train,20,3,450,3,1,0,0.0,0.0,279,0.62,62.0,450,1.0,100.0,450,1.0,100.0,0.01027470915267865,0.01027470915267865,0.0018056771297494528,0.002043316026783579,0.09046705743918816,0.09046705743918816,0.06426138867588424,0.07271860689902104,400.0,400.0,0.0,0.0,1.027470915267865,9.046705743918816
scratch_cnn,Scratch CNN,id,reach,Reach,lighting_direction_intensity,Lighting,lighting_diverse,diverse_train,50,3,450,3,1,300,0.6666666666666666,66.66666666666666,450,1.0,100.0,450,1.0,100.0,450,1.0,100.0,0.005044041729221741,0.005044041729221741,0.0021617798469923282,0.0024462841861158683,0.0680837370455265,0.0680837370455265,0.05430391939694192,0.06145066966447728,400.0,400.0,0.0,0.0,0.5044041729221741,6.8083737045526505
scratch_cnn,Scratch CNN,id,reach,Reach,lighting_direction_intensity,Lighting,lighting_diverse,diverse_train,100,1,150,1,1,0,0.0,0.0,150,1.0,100.0,150,1.0,100.0,150,1.0,100.0,0.006579664930080374,0.006579664930080374,0.0,0.0,0.18664332191149394,0.18664332191149394,0.0,0.0,400.0,400.0,0.0,0.0,0.6579664930080373,18.664332191149395
scratch_cnn,Scratch CNN,id,reach,Reach,lighting_direction_intensity,Lighting,lighting_diverse,diverse_train,200,1,150,1,1,71,0.47333333333333333,47.333333333333336,150,1.0,100.0,150,1.0,100.0,150,1.0,100.0,0.004984816142047445,0.004984816142047445,0.0,0.0,0.0986643395324548,0.0986643395324548,0.0,0.0,400.0,400.0,0.0,0.0,0.4984816142047445,9.866433953245481
scratch_cnn,Scratch CNN,id,reach,Reach,lighting_direction_intensity,Lighting,lighting_fixed,fixed_train,5,3,450,3,1,0,0.0,0.0,0,0.0,0.0,450,1.0,100.0,450,1.0,100.0,0.016426455850402515,0.016426455850402515,0.0029457486069595362,0.0033334283523383844,0.1819058128943046,0.1819058128943046,0.1364478789344484,0.15440531048098824,400.0,400.0,0.0,0.0,1.6426455850402515,18.19058128943046
scratch_cnn,Scratch CNN,id,reach,Reach,lighting_direction_intensity,Lighting,lighting_fixed,fixed_train,20,3,450,3,1,150,0.3333333333333333,33.33333333333333,150,0.3333333333333333,33.33333333333333,450,1.0,100.0,450,1.0,100.0,0.010770913368711868,0.010770913368711868,0.00569243108189004,0.00644159217024631,0.19954334696133932,0.19954334696133932,0.05000973557617727,0.05659134322213559,400.0,400.0,0.0,0.0,1.0770913368711867,19.954334696133934
scratch_cnn,Scratch CNN,id,reach,Reach,lighting_direction_intensity,Lighting,lighting_fixed,fixed_train,50,3,450,3,1,300,0.6666666666666666,66.66666666666666,450,1.0,100.0,450,1.0,100.0,450,1.0,100.0,0.0038838571636006236,0.0038838571636006236,0.003028886934708937,0.003427508226714325,0.06420695719619592,0.06420695719619592,0.06037626845371426,0.0683221794950574,400.0,400.0,0.0,0.0,0.38838571636006236,6.420695719619592
scratch_cnn,Scratch CNN,id,reach,Reach,lighting_direction_intensity,Lighting,lighting_fixed,fixed_train,100,1,150,1,1,150,1.0,100.0,150,1.0,100.0,150,1.0,100.0,150,1.0,100.0,0.0025828396901488304,0.0025828396901488304,0.0,0.0,0.11054819077253342,0.11054819077253342,0.0,0.0,400.0,400.0,0.0,0.0,0.25828396901488304,11.054819077253342
scratch_cnn,Scratch CNN,id,reach,Reach,lighting_direction_intensity,Lighting,lighting_fixed,fixed_train,200,1,150,1,1,150,1.0,100.0,150,1.0,100.0,150,1.0,100.0,150,1.0,100.0,0.001608266495168209,0.001608266495168209,0.0,0.0,0.01746414601802826,0.01746414601802826,0.0,0.0,400.0,400.0,0.0,0.0,0.1608266495168209,1.746414601802826
scratch_cnn,Scratch CNN,id,reach,Reach,spatial_distribution,Spatial distribution,spatial_narrow,narrow_train,5,3,450,3,1,4,0.008888888888888889,0.8888888888888888,19,0.042222222222222223,4.222222222222222,83,0.18444444444444444,18.444444444444443,249,0.5533333333333333,55.333333333333336,0.04885123003429423,0.04885123003429423,0.005454367911749189,0.006172198332930996,0.22545777804321712,0.22545777804321712,0.05863668288420225,0.06635365310925855,400.0,400.0,0.0,0.0,4.885123003429423,22.545777804321713
scratch_cnn,Scratch CNN,id,reach,Reach,spatial_distribution,Spatial distribution,spatial_narrow,narrow_train,20,3,450,3,1,7,0.015555555555555555,1.5555555555555556,20,0.044444444444444446,4.444444444444445,153,0.34,34.0,281,0.6244444444444445,62.44444444444445,0.04487996587879024,0.04487996587879025,0.012046549520468361,0.01363195407255919,0.1392885985043055,0.1392885985043055,0.02622238847722955,0.029673425970401908,399.3644444444444,399.3644444444444,1.1008145132549028,1.2456888888889075,4.4879965878790244,13.92885985043055
scratch_cnn,Scratch CNN,id,reach,Reach,spatial_distribution,Spatial distribution,spatial_narrow,narrow_train,50,3,450,3,1,14,0.03111111111111111,3.111111111111111,86,0.19111111111111112,19.11111111111111,285,0.6333333333333333,63.33333333333333,353,0.7844444444444445,78.44444444444446,0.028602096163409037,0.02860209616340904,0.01628808697417396,0.018431705542281813,0.10459311105543748,0.10459311105543749,0.09589361986499037,0.10851384619553489,399.4377777777778,399.43777777777774,0.9737974540331693,1.1019555555555562,2.860209616340904,10.459311105543748
scratch_cnn,Scratch CNN,id,reach,Reach,spatial_distribution,Spatial distribution,spatial_narrow,narrow_train,100,1,150,1,1,54,0.36,36.0,122,0.8133333333333334,81.33333333333333,149,0.9933333333333333,99.33333333333333,150,1.0,100.0,0.006832443127641454,0.006832443127641454,0.0,0.0,0.02527594723699925,0.02527594723699925,0.0,0.0,393.17333333333335,393.17333333333335,0.0,0.0,0.6832443127641454,2.527594723699925
scratch_cnn,Scratch CNN,id,reach,Reach,spatial_distribution,Spatial distribution,spatial_narrow,narrow_train,200,1,150,1,1,49,0.32666666666666666,32.666666666666664,124,0.8266666666666667,82.66666666666667,150,1.0,100.0,150,1.0,100.0,0.006946482153531785,0.006946482153531785,0.0,0.0,0.02350578786145585,0.02350578786145585,0.0,0.0,394.7866666666667,394.7866666666667,0.0,0.0,0.6946482153531784,2.350578786145585
scratch_cnn,Scratch CNN,id,reach,Reach,spatial_distribution,Spatial distribution,spatial_wide,wide_train,5,3,450,3,1,1,0.0022222222222222222,0.2222222222222222,2,0.0044444444444444444,0.4444444444444444,20,0.044444444444444446,4.444444444444445,77,0.1711111111111111,17.11111111111111,0.10395063804152112,0.10395063804152112,0.005069607965351711,0.005736801466024096,0.3268557822331786,0.3268557822331786,0.15474308807491727,0.1751082885683634,400.0,400.0,0.0,0.0,10.395063804152112,32.68557822331786
scratch_cnn,Scratch CNN,id,reach,Reach,spatial_distribution,Spatial distribution,spatial_wide,wide_train,20,3,450,3,1,10,0.022222222222222223,2.2222222222222223,28,0.06222222222222222,6.222222222222222,108,0.24,24.0,209,0.46444444444444444,46.44444444444444,0.07791093639279198,0.077910936392792,0.021832850745814442,0.024706196420334864,0.21728849190804694,0.21728849190804692,0.03772685623818565,0.042691956785397805,400.0,400.0,0.0,0.0,7.791093639279198,21.728849190804695
scratch_cnn,Scratch CNN,id,reach,Reach,spatial_distribution,Spatial distribution,spatial_wide,wide_train,50,3,450,3,1,8,0.017777777777777778,1.7777777777777777,32,0.07111111111111111,7.111111111111111,129,0.2866666666666667,28.666666666666668,258,0.5733333333333334,57.333333333333336,0.0522092446583944,0.0522092446583944,0.0165785090598493,0.01876034907019462,0.1377186868774394,0.1377186868774394,0.06302329966653872,0.07131757729428138,400.0,400.0,0.0,0.0,5.22092446583944,13.771868687743941
scratch_cnn,Scratch CNN,id,reach,Reach,spatial_distribution,Spatial distribution,spatial_wide,wide_train,100,1,150,1,1,8,0.05333333333333334,5.333333333333334,28,0.18666666666666668,18.666666666666668,63,0.42,42.0,99,0.66,66.0,0.04970239334972575,0.04970239334972575,0.0,0.0,0.10968260067825517,0.10968260067825517,0.0,0.0,400.0,400.0,0.0,0.0,4.970239334972575,10.968260067825517
scratch_cnn,Scratch CNN,id,reach,Reach,spatial_distribution,Spatial distribution,spatial_wide,wide_train,200,1,150,1,1,1,0.006666666666666667,0.6666666666666667,4,0.02666666666666667,2.666666666666667,29,0.19333333333333333,19.333333333333332,82,0.5466666666666666,54.666666666666664,0.058795743032048146,0.058795743032048146,0.0,0.0,0.17186215644081435,0.17186215644081435,0.0,0.0,400.0,400.0,0.0,0.0,5.879574303204815,17.186215644081436
scratch_cnn,Scratch CNN,ood,avoid_reach,Obstacle-aware reach,camera_location_viewpoint,Camera viewpoint,avoid_camera_fixed,fixed_train,5,3,450,3,1,0,0.0,0.0,150,0.3333333333333333,33.33333333333333,450,1.0,100.0,450,1.0,100.0,0.012674426066999634,0.012674426066999636,0.005715950529107316,0.006468206930243198,0.5375642861260308,0.5375642861260308,0.01563918210442112,0.017697400555870497,400.0,400.0,0.0,0.0,1.2674426066999633,53.75642861260308
scratch_cnn,Scratch CNN,ood,avoid_reach,Obstacle-aware reach,camera_location_viewpoint,Camera viewpoint,avoid_camera_fixed,fixed_train,20,3,450,3,1,0,0.0,0.0,150,0.3333333333333333,33.33333333333333,298,0.6622222222222223,66.22222222222223,450,1.0,100.0,0.016588663627497023,0.016588663627497023,0.011678716516441177,0.013215711844131018,1.0115277564525604,1.0115277564525604,0.20264229994051125,0.22931134938292375,400.0,400.0,0.0,0.0,1.6588663627497022,101.15277564525604
scratch_cnn,Scratch CNN,ood,avoid_reach,Obstacle-aware reach,camera_location_viewpoint,Camera viewpoint,avoid_camera_fixed,fixed_train,50,3,450,3,1,23,0.051111111111111114,5.111111111111112,143,0.31777777777777777,31.77777777777778,271,0.6022222222222222,60.22222222222222,447,0.9933333333333333,99.33333333333333,0.020126163268772264,0.020126163268772264,0.013799782111664058,0.015615923517177756,0.8589353941546546,0.8589353941546546,0.1672728815768254,0.1892870846847489,400.0,400.0,0.0,0.0,2.0126163268772266,85.89353941546545
scratch_cnn,Scratch CNN,ood,avoid_reach,Obstacle-aware reach,camera_location_viewpoint,Camera viewpoint,avoid_camera_fixed,fixed_train,100,1,150,1,1,0,0.0,0.0,0,0.0,0.0,10,0.06666666666666667,6.666666666666667,149,0.9933333333333333,99.33333333333333,0.024198926351964474,0.024198926351964474,0.0,0.0,0.3812191138789058,0.3812191138789058,0.0,0.0,400.0,400.0,0.0,0.0,2.4198926351964474,38.12191138789058
scratch_cnn,Scratch CNN,ood,avoid_reach,Obstacle-aware reach,camera_location_viewpoint,Camera viewpoint,avoid_camera_fixed,fixed_train,200,1,150,1,1,24,0.16,16.0,70,0.4666666666666667,46.666666666666664,113,0.7533333333333333,75.33333333333333,149,0.9933333333333333,99.33333333333333,0.013921954584463188,0.013921954584463188,0.0,0.0,0.7541937593619029,0.7541937593619029,0.0,0.0,400.0,400.0,0.0,0.0,1.3921954584463188,75.41937593619029
scratch_cnn,Scratch CNN,ood,avoid_reach,Obstacle-aware reach,camera_location_viewpoint,Camera viewpoint,avoid_camera_multi_pose,diverse_train,5,3,450,3,1,0,0.0,0.0,0,0.0,0.0,300,0.6666666666666666,66.66666666666666,450,1.0,100.0,0.02241095784223742,0.022410957842237417,0.012316538317603369,0.013937475157779185,0.5592134585645464,0.5592134585645464,0.03700824783658254,0.041878774827347136,400.0,400.0,0.0,0.0,2.241095784223742,55.92134585645464
scratch_cnn,Scratch CNN,ood,avoid_reach,Obstacle-aware reach,camera_location_viewpoint,Camera viewpoint,avoid_camera_multi_pose,diverse_train,20,3,450,3,1,0,0.0,0.0,150,0.3333333333333333,33.33333333333333,300,0.6666666666666666,66.66666666666666,450,1.0,100.0,0.01600372447632253,0.01600372447632253,0.009373029445577816,0.010606581304112215,1.0884088860617744,1.0884088860617744,0.029374118870307973,0.033239944656481536,400.0,400.0,0.0,0.0,1.600372447632253,108.84088860617744
scratch_cnn,Scratch CNN,ood,avoid_reach,Obstacle-aware reach,camera_location_viewpoint,Camera viewpoint,avoid_camera_multi_pose,diverse_train,50,3,450,3,1,0,0.0,0.0,0,0.0,0.0,150,0.3333333333333333,33.33333333333333,300,0.6666666666666666,66.66666666666666,0.08528800978842709,0.08528800978842709,0.1090874721361015,0.12344409554986824,0.8715219622188144,0.8715219622188144,0.34399924703443846,0.3892717934376688,400.0,400.0,0.0,0.0,8.528800978842709,87.15219622188144
scratch_cnn,Scratch CNN,ood,avoid_reach,Obstacle-aware reach,camera_location_viewpoint,Camera viewpoint,avoid_camera_multi_pose,diverse_train,100,1,150,1,1,0,0.0,0.0,0,0.0,0.0,150,1.0,100.0,150,1.0,100.0,0.01719719809790452,0.01719719809790452,0.0,0.0,1.219411849975586,1.219411849975586,0.0,0.0,400.0,400.0,0.0,0.0,1.7197198097904522,121.9411849975586
scratch_cnn,Scratch CNN,ood,avoid_reach,Obstacle-aware reach,camera_location_viewpoint,Camera viewpoint,avoid_camera_multi_pose,diverse_train,200,1,150,1,1,0,0.0,0.0,0,0.0,0.0,0,0.0,0.0,150,1.0,100.0,0.02193902067840099,0.02193902067840099,0.0,0.0,1.203750081062317,1.203750081062317,0.0,0.0,400.0,400.0,0.0,0.0,2.1939020678400993,120.37500810623169
scratch_cnn,Scratch CNN,ood,avoid_reach,Obstacle-aware reach,color,Color,avoid_color_multi,diverse_train,5,3,450,3,1,0,0.0,0.0,150,0.3333333333333333,33.33333333333333,150,0.3333333333333333,33.33333333333333,450,1.0,100.0,0.021999626358350118,0.02199962635835012,0.012570112677966254,0.014224421559200779,0.536241430176629,0.536241430176629,0.007430555227938824,0.008408464799714568,400.0,400.0,0.0,0.0,2.199962635835012,53.624143017662895
scratch_cnn,Scratch CNN,ood,avoid_reach,Obstacle-aware reach,color,Color,avoid_color_multi,diverse_train,20,3,450,3,1,0,0.0,0.0,0,0.0,0.0,300,0.6666666666666666,66.66666666666666,450,1.0,100.0,0.018838130241880816,0.018838130241880812,0.006306718936367601,0.007136724316205684,0.8684388183222876,0.8684388183222876,0.23201374258737012,0.26254826560748096,400.0,400.0,0.0,0.0,1.8838130241880815,86.84388183222876
scratch_cnn,Scratch CNN,ood,avoid_reach,Obstacle-aware reach,color,Color,avoid_color_multi,diverse_train,50,3,450,3,1,0,0.0,0.0,0,0.0,0.0,300,0.6666666666666666,66.66666666666666,450,1.0,100.0,0.017004131401578585,0.017004131401578585,0.003562893888881604,0.004031793981846139,0.9509110539489323,0.9509110539489322,0.036874475832604926,0.04172739755443438,400.0,400.0,0.0,0.0,1.7004131401578586,95.09110539489323
scratch_cnn,Scratch CNN,ood,avoid_reach,Obstacle-aware reach,color,Color,avoid_color_multi,diverse_train,100,1,150,1,1,0,0.0,0.0,0,0.0,0.0,150,1.0,100.0,150,1.0,100.0,0.01835083434979121,0.01835083434979121,0.0,0.0,0.7723874282836914,0.7723874282836914,0.0,0.0,400.0,400.0,0.0,0.0,1.835083434979121,77.23874282836914
scratch_cnn,Scratch CNN,ood,avoid_reach,Obstacle-aware reach,color,Color,avoid_color_multi,diverse_train,200,1,150,1,1,0,0.0,0.0,0,0.0,0.0,150,1.0,100.0,150,1.0,100.0,0.01372728167101741,0.01372728167101741,0.0,0.0,0.7613460886478424,0.7613460886478424,0.0,0.0,400.0,400.0,0.0,0.0,1.3727281671017408,76.13460886478424
scratch_cnn,Scratch CNN,ood,avoid_reach,Obstacle-aware reach,color,Color,avoid_color_red_only,fixed_train,5,3,450,3,1,0,0.0,0.0,0,0.0,0.0,150,0.3333333333333333,33.33333333333333,450,1.0,100.0,0.025034680983258617,0.025034680983258617,0.008669819106577752,0.009810823894215732,0.5394923612806533,0.5394923612806531,0.032274249410500784,0.03652175130668967,400.0,400.0,0.0,0.0,2.503468098325862,53.94923612806532
scratch_cnn,Scratch CNN,ood,avoid_reach,Obstacle-aware reach,color,Color,avoid_color_red_only,fixed_train,20,3,450,3,1,0,0.0,0.0,0,0.0,0.0,339,0.7533333333333333,75.33333333333333,450,1.0,100.0,0.018252099230885506,0.018252099230885506,0.005446617615746812,0.006163428047383784,0.7592034995555877,0.7592034995555877,0.29650669459383844,0.3355289110829464,400.0,400.0,0.0,0.0,1.8252099230885506,75.92034995555878
scratch_cnn,Scratch CNN,ood,avoid_reach,Obstacle-aware reach,color,Color,avoid_color_red_only,fixed_train,50,3,450,3,1,0,0.0,0.0,0,0.0,0.0,300,0.6666666666666666,66.66666666666666,450,1.0,100.0,0.01729650461425384,0.01729650461425384,0.0038410702049872466,0.00434658011697825,0.8688250054253472,0.8688250054253471,0.19799444412243578,0.2240518053997917,400.0,400.0,0.0,0.0,1.729650461425384,86.88250054253473
scratch_cnn,Scratch CNN,ood,avoid_reach,Obstacle-aware reach,color,Color,avoid_color_red_only,fixed_train,100,1,150,1,1,0,0.0,0.0,0,0.0,0.0,0,0.0,0.0,150,1.0,100.0,0.024371700125435988,0.024371700125435988,0.0,0.0,1.200033925374349,1.200033925374349,0.0,0.0,400.0,400.0,0.0,0.0,2.4371700125435987,120.0033925374349
scratch_cnn,Scratch CNN,ood,avoid_reach,Obstacle-aware reach,color,Color,avoid_color_red_only,fixed_train,200,1,150,1,1,0,0.0,0.0,42,0.28,28.000000000000004,150,1.0,100.0,150,1.0,100.0,0.011856939662247896,0.011856939662247896,0.0,0.0,0.6457862957318624,0.6457862957318624,0.0,0.0,400.0,400.0,0.0,0.0,1.1856939662247896,64.57862957318625
scratch_cnn,Scratch CNN,ood,avoid_reach,Obstacle-aware reach,lighting_direction_intensity,Lighting,avoid_lighting_diverse,diverse_train,5,3,450,3,1,0,0.0,0.0,0,0.0,0.0,150,0.3333333333333333,33.33333333333333,450,1.0,100.0,0.020937670982546275,0.020937670982546275,0.009094643241380726,0.010291557658245755,0.5422701706488927,0.5422701706488927,0.026174587037522536,0.029619333549200214,400.0,400.0,0.0,0.0,2.0937670982546277,54.227017064889274
scratch_cnn,Scratch CNN,ood,avoid_reach,Obstacle-aware reach,lighting_direction_intensity,Lighting,avoid_lighting_diverse,diverse_train,20,3,450,3,1,0,0.0,0.0,0,0.0,0.0,150,0.3333333333333333,33.33333333333333,450,1.0,100.0,0.020659585448188914,0.020659585448188914,0.005165334355929771,0.005845126074466932,0.8263397188981374,0.8263397188981374,0.24535609718138587,0.2776465611597787,400.0,400.0,0.0,0.0,2.0659585448188915,82.63397188981374
scratch_cnn,Scratch CNN,ood,avoid_reach,Obstacle-aware reach,lighting_direction_intensity,Lighting,avoid_lighting_diverse,diverse_train,50,3,450,3,1,0,0.0,0.0,0,0.0,0.0,143,0.31777777777777777,31.77777777777778,450,1.0,100.0,0.02072404507961538,0.02072404507961538,0.0010315108754963829,0.001167264440014132,0.830135914352205,0.830135914352205,0.1258032530168175,0.14235978230861276,400.0,400.0,0.0,0.0,2.072404507961538,83.0135914352205
scratch_cnn,Scratch CNN,ood,avoid_reach,Obstacle-aware reach,lighting_direction_intensity,Lighting,avoid_lighting_diverse,diverse_train,100,1,150,1,1,0,0.0,0.0,0,0.0,0.0,150,1.0,100.0,150,1.0,100.0,0.01805312531689803,0.01805312531689803,0.0,0.0,0.8412473448117574,0.8412473448117574,0.0,0.0,400.0,400.0,0.0,0.0,1.8053125316898029,84.12473448117575
scratch_cnn,Scratch CNN,ood,avoid_reach,Obstacle-aware reach,lighting_direction_intensity,Lighting,avoid_lighting_diverse,diverse_train,200,1,150,1,1,0,0.0,0.0,0,0.0,0.0,0,0.0,0.0,150,1.0,100.0,0.02189819887280464,0.02189819887280464,0.0,0.0,0.8876648342609406,0.8876648342609406,0.0,0.0,400.0,400.0,0.0,0.0,2.189819887280464,88.76648342609406
scratch_cnn,Scratch CNN,ood,avoid_reach,Obstacle-aware reach,lighting_direction_intensity,Lighting,avoid_lighting_fixed,fixed_train,5,3,450,3,1,0,0.0,0.0,150,0.3333333333333333,33.33333333333333,300,0.6666666666666666,66.66666666666666,450,1.0,100.0,0.01666231120419171,0.01666231120419171,0.011226128579654288,0.012703560380544678,0.5695631498760647,0.5695631498760647,0.031098193123650735,0.03519091833565141,400.0,400.0,0.0,0.0,1.666231120419171,56.95631498760647
scratch_cnn,Scratch CNN,ood,avoid_reach,Obstacle-aware reach,lighting_direction_intensity,Lighting,avoid_lighting_fixed,fixed_train,20,3,450,3,1,0,0.0,0.0,0,0.0,0.0,192,0.4266666666666667,42.66666666666667,384,0.8533333333333334,85.33333333333334,0.03954703689449363,0.03954703689449363,0.017151879171146207,0.019409178430875626,0.6398681410815981,0.6398681410815982,0.11905758479009923,0.13472634011015575,400.0,400.0,0.0,0.0,3.9547036894493632,63.986814108159805
scratch_cnn,Scratch CNN,ood,avoid_reach,Obstacle-aware reach,lighting_direction_intensity,Lighting,avoid_lighting_fixed,fixed_train,50,3,450,3,1,0,0.0,0.0,0,0.0,0.0,196,0.43555555555555553,43.55555555555555,419,0.9311111111111111,93.11111111111111,0.03447598081909948,0.03447598081909948,0.01865934499865299,0.02111503660143383,0.6395785791344113,0.6395785791344113,0.11963123977425687,0.1353754918348255,400.0,400.0,0.0,0.0,3.447598081909948,63.95785791344113
scratch_cnn,Scratch CNN,ood,avoid_reach,Obstacle-aware reach,lighting_direction_intensity,Lighting,avoid_lighting_fixed,fixed_train,100,1,150,1,1,0,0.0,0.0,0,0.0,0.0,0,0.0,0.0,77,0.5133333333333333,51.33333333333333,0.08754299140224854,0.08754299140224854,0.0,0.0,0.6038632322351137,0.6038632322351137,0.0,0.0,400.0,400.0,0.0,0.0,8.754299140224854,60.386323223511376
scratch_cnn,Scratch CNN,ood,avoid_reach,Obstacle-aware reach,lighting_direction_intensity,Lighting,avoid_lighting_fixed,fixed_train,200,1,150,1,1,0,0.0,0.0,0,0.0,0.0,77,0.5133333333333333,51.33333333333333,150,1.0,100.0,0.021580241670211157,0.021580241670211157,0.0,0.0,0.6653510789076488,0.6653510789076488,0.0,0.0,400.0,400.0,0.0,0.0,2.1580241670211158,66.53510789076488
scratch_cnn,Scratch CNN,ood,avoid_reach,Obstacle-aware reach,spatial_distribution,Spatial distribution,avoid_spatial_narrow,narrow_train,5,3,450,3,1,1,0.0022222222222222222,0.2222222222222222,11,0.024444444444444446,2.4444444444444446,28,0.06222222222222222,6.222222222222222,87,0.19333333333333333,19.333333333333332,0.12801560030422277,0.12801560030422277,0.013872899268459561,0.015698663369087953,0.5132979584485292,0.5132979584485292,0.017781811932485923,0.020122014455564094,400.0,400.0,0.0,0.0,12.801560030422277,51.329795844852924
scratch_cnn,Scratch CNN,ood,avoid_reach,Obstacle-aware reach,spatial_distribution,Spatial distribution,avoid_spatial_narrow,narrow_train,20,3,450,3,1,0,0.0,0.0,8,0.017777777777777778,1.7777777777777777,20,0.044444444444444446,4.444444444444445,90,0.2,20.0,0.13069844408064252,0.13069844408064255,0.0027223553153029236,0.003080635045275105,0.3650379959742228,0.3650379959742229,0.07340862172865277,0.08306967553111909,400.0,400.0,0.0,0.0,13.069844408064252,36.50379959742228
scratch_cnn,Scratch CNN,ood,avoid_reach,Obstacle-aware reach,spatial_distribution,Spatial distribution,avoid_spatial_narrow,narrow_train,50,3,450,3,1,0,0.0,0.0,3,0.006666666666666667,0.6666666666666667,12,0.02666666666666667,2.666666666666667,84,0.18666666666666668,18.666666666666668,0.128993385978457,0.128993385978457,0.011178011466196945,0.012649110740866519,0.3315367067832914,0.33153670678329134,0.12564855456314394,0.14218472452862435,400.0,400.0,0.0,0.0,12.8993385978457,33.15367067832914
scratch_cnn,Scratch CNN,ood,avoid_reach,Obstacle-aware reach,spatial_distribution,Spatial distribution,avoid_spatial_narrow,narrow_train,100,1,150,1,1,2,0.013333333333333334,1.3333333333333335,6,0.04,4.0,14,0.09333333333333334,9.333333333333334,32,0.21333333333333335,21.333333333333336,0.11595465094471971,0.11595465094471971,0.0,0.0,0.27795160343249636,0.27795160343249636,0.0,0.0,400.0,400.0,0.0,0.0,11.59546509447197,27.795160343249638
scratch_cnn,Scratch CNN,ood,avoid_reach,Obstacle-aware reach,spatial_distribution,Spatial distribution,avoid_spatial_narrow,narrow_train,200,1,150,1,1,0,0.0,0.0,1,0.006666666666666667,0.6666666666666667,13,0.08666666666666667,8.666666666666668,41,0.2733333333333333,27.333333333333332,0.10841278851653138,0.10841278851653138,0.0,0.0,0.26673948774735134,0.26673948774735134,0.0,0.0,400.0,400.0,0.0,0.0,10.841278851653138,26.673948774735134
scratch_cnn,Scratch CNN,ood,avoid_reach,Obstacle-aware reach,spatial_distribution,Spatial distribution,avoid_spatial_wide,wide_train,5,3,450,3,1,2,0.0044444444444444444,0.4444444444444444,14,0.03111111111111111,3.111111111111111,37,0.08222222222222222,8.222222222222223,112,0.24888888888888888,24.88888888888889,0.11785619888661636,0.11785619888661636,0.006010046041849497,0.00680100733220355,0.33139958053827284,0.33139958053827284,0.08189092082928169,0.09266830056254534,400.0,400.0,0.0,0.0,11.785619888661635,33.139958053827286
scratch_cnn,Scratch CNN,ood,avoid_reach,Obstacle-aware reach,spatial_distribution,Spatial distribution,avoid_spatial_wide,wide_train,20,3,450,3,1,3,0.006666666666666667,0.6666666666666667,10,0.022222222222222223,2.2222222222222223,57,0.12666666666666668,12.666666666666668,162,0.36,36.0,0.09271747040614071,0.09271747040614071,0.0113315560881983,0.012822862837402919,0.5296000512358215,0.5296000512358215,0.09520549780813112,0.10773516278419938,400.0,400.0,0.0,0.0,9.271747040614072,52.96000512358216
scratch_cnn,Scratch CNN,ood,avoid_reach,Obstacle-aware reach,spatial_distribution,Spatial distribution,avoid_spatial_wide,wide_train,50,3,450,3,1,1,0.0022222222222222222,0.2222222222222222,7,0.015555555555555555,1.5555555555555556,46,0.10222222222222223,10.222222222222223,146,0.3244444444444444,32.44444444444444,0.09606523572570748,0.09606523572570747,0.004951368578479016,0.005603001004018153,0.3343427679191033,0.33434276791910333,0.08342382592331633,0.09440294597316413,400.0,400.0,0.0,0.0,9.606523572570747,33.43427679191033
scratch_cnn,Scratch CNN,ood,avoid_reach,Obstacle-aware reach,spatial_distribution,Spatial distribution,avoid_spatial_wide,wide_train,100,1,150,1,1,5,0.03333333333333333,3.3333333333333335,16,0.10666666666666667,10.666666666666668,35,0.23333333333333334,23.333333333333332,68,0.4533333333333333,45.33333333333333,0.06740958095372965,0.06740958095372965,0.0,0.0,0.3960619203125437,0.3960619203125437,0.0,0.0,400.0,400.0,0.0,0.0,6.740958095372965,39.60619203125437
scratch_cnn,Scratch CNN,ood,avoid_reach,Obstacle-aware reach,spatial_distribution,Spatial distribution,avoid_spatial_wide,wide_train,200,1,150,1,1,0,0.0,0.0,1,0.006666666666666667,0.6666666666666667,48,0.32,32.0,103,0.6866666666666666,68.66666666666667,0.055321706564476096,0.055321706564476096,0.0,0.0,0.23457827565570671,0.23457827565570671,0.0,0.0,400.0,400.0,0.0,0.0,5.53217065644761,23.45782756557067
scratch_cnn,Scratch CNN,ood,reach,Reach,camera_location_viewpoint,Camera viewpoint,camera_fixed,fixed_train,5,3,450,3,1,43,0.09555555555555556,9.555555555555555,150,0.3333333333333333,33.33333333333333,300,0.6666666666666666,66.66666666666666,450,1.0,100.0,0.01472162239977883,0.01472162239977883,0.010817964866588828,0.012241679658505589,0.28735029227203795,0.28735029227203795,0.02387631562507124,0.027018594616647042,400.0,400.0,0.0,0.0,1.472162239977883,28.735029227203796
scratch_cnn,Scratch CNN,ood,reach,Reach,camera_location_viewpoint,Camera viewpoint,camera_fixed,fixed_train,20,3,450,3,1,13,0.028888888888888888,2.888888888888889,364,0.8088888888888889,80.88888888888889,450,1.0,100.0,450,1.0,100.0,0.007690376348586546,0.007690376348586546,0.0020109321911599,0.002275583994100974,0.06199102584272623,0.06199102584272623,0.06279082327821213,0.07105450549573543,400.0,400.0,0.0,0.0,0.7690376348586546,6.199102584272623
scratch_cnn,Scratch CNN,ood,reach,Reach,camera_location_viewpoint,Camera viewpoint,camera_fixed,fixed_train,50,3,450,3,1,298,0.6622222222222223,66.22222222222223,450,1.0,100.0,450,1.0,100.0,450,1.0,100.0,0.0037812841884765983,0.0037812841884765983,0.0029672447145300956,0.0033577534879834724,0.020944275796969627,0.020944275796969627,0.008266883408692194,0.00935485922828067,351.75333333333333,351.75333333333333,78.81658793257503,89.18936538858081,0.3781284188476598,2.094427579696963
scratch_cnn,Scratch CNN,ood,reach,Reach,camera_location_viewpoint,Camera viewpoint,camera_fixed,fixed_train,100,1,150,1,1,150,1.0,100.0,150,1.0,100.0,150,1.0,100.0,150,1.0,100.0,0.0008581152711606895,0.0008581152711606895,0.0,0.0,0.013650034975532133,0.013650034975532133,0.0,0.0,169.07333333333332,169.07333333333332,0.0,0.0,0.08581152711606894,1.3650034975532133
scratch_cnn,Scratch CNN,ood,reach,Reach,camera_location_viewpoint,Camera viewpoint,camera_fixed,fixed_train,200,1,150,1,1,150,1.0,100.0,150,1.0,100.0,150,1.0,100.0,150,1.0,100.0,0.003260935771589478,0.003260935771589478,0.0,0.0,0.013958169172207515,0.013958169172207515,0.0,0.0,400.0,400.0,0.0,0.0,0.3260935771589478,1.3958169172207515
scratch_cnn,Scratch CNN,ood,reach,Reach,camera_location_viewpoint,Camera viewpoint,camera_multi_pose,diverse_train,5,3,450,3,1,0,0.0,0.0,300,0.6666666666666666,66.66666666666666,300,0.6666666666666666,66.66666666666666,450,1.0,100.0,0.015374028511966268,0.015374028511966268,0.012022203839463928,0.01360440434101542,0.2820914704932107,0.2820914704932107,0.04836646150957258,0.05473180356171075,400.0,400.0,0.0,0.0,1.5374028511966267,28.20914704932107
scratch_cnn,Scratch CNN,ood,reach,Reach,camera_location_viewpoint,Camera viewpoint,camera_multi_pose,diverse_train,20,3,450,3,1,0,0.0,0.0,338,0.7511111111111111,75.1111111111111,450,1.0,100.0,450,1.0,100.0,0.009035595709251033,0.009035595709251033,0.0018606894317327529,0.0021055683068068255,0.13744247033364243,0.13744247033364243,0.09976188242522227,0.11289119735920912,400.0,400.0,0.0,0.0,0.9035595709251033,13.744247033364243
scratch_cnn,Scratch CNN,ood,reach,Reach,camera_location_viewpoint,Camera viewpoint,camera_multi_pose,diverse_train,50,3,450,3,1,215,0.4777777777777778,47.77777777777778,450,1.0,100.0,450,1.0,100.0,450,1.0,100.0,0.005208286184093191,0.005208286184093191,0.001107086321309894,0.001252786107823863,0.021763067291014723,0.021763067291014723,0.0012693919810130682,0.0014364522518122928,400.0,400.0,0.0,0.0,0.520828618409319,2.1763067291014724
scratch_cnn,Scratch CNN,ood,reach,Reach,camera_location_viewpoint,Camera viewpoint,camera_multi_pose,diverse_train,100,1,150,1,1,150,1.0,100.0,150,1.0,100.0,150,1.0,100.0,150,1.0,100.0,0.0015689544488365452,0.0015689544488365452,0.0,0.0,0.02252706273148457,0.02252706273148457,0.0,0.0,400.0,400.0,0.0,0.0,0.15689544488365453,2.252706273148457
scratch_cnn,Scratch CNN,ood,reach,Reach,camera_location_viewpoint,Camera viewpoint,camera_multi_pose,diverse_train,200,1,150,1,1,150,1.0,100.0,150,1.0,100.0,150,1.0,100.0,150,1.0,100.0,0.004937083624924223,0.004937083624924223,0.0,0.0,0.015741794655720395,0.015741794655720395,0.0,0.0,400.0,400.0,0.0,0.0,0.4937083624924223,1.5741794655720394
scratch_cnn,Scratch CNN,ood,reach,Reach,color,Color,color_multi,diverse_train,5,3,450,3,1,150,0.3333333333333333,33.33333333333333,300,0.6666666666666666,66.66666666666666,450,1.0,100.0,450,1.0,100.0,0.010481012475987275,0.010481012475987275,0.008125376615256358,0.009194729217127284,0.2779278556174702,0.27792785561747024,0.05365617955560954,0.060717683031831414,400.0,400.0,0.0,0.0,1.0481012475987275,27.792785561747017
scratch_cnn,Scratch CNN,ood,reach,Reach,color,Color,color_multi,diverse_train,20,3,450,3,1,150,0.3333333333333333,33.33333333333333,300,0.6666666666666666,66.66666666666666,450,1.0,100.0,450,1.0,100.0,0.010957166483211848,0.010957166483211848,0.007802723183432228,0.008829612487518793,0.21864369889100393,0.2186436988910039,0.050776246330374704,0.057458731795069946,400.0,400.0,0.0,0.0,1.0957166483211849,21.864369889100395
scratch_cnn,Scratch CNN,ood,reach,Reach,color,Color,color_multi,diverse_train,50,3,450,3,1,418,0.9288888888888889,92.88888888888889,450,1.0,100.0,450,1.0,100.0,450,1.0,100.0,0.0036264683694268267,0.0036264683694268267,0.000862252242381505,0.000975730265926708,0.05525395998524295,0.055253959985242955,0.0374624798688539,0.04239278676011572,400.0,400.0,0.0,0.0,0.3626468369426827,5.525395998524295
scratch_cnn,Scratch CNN,ood,reach,Reach,color,Color,color_multi,diverse_train,100,1,150,1,1,111,0.74,74.0,150,1.0,100.0,150,1.0,100.0,150,1.0,100.0,0.004977792138233781,0.004977792138233781,0.0,0.0,0.09677851339181265,0.09677851339181265,0.0,0.0,400.0,400.0,0.0,0.0,0.49777921382337814,9.677851339181265
scratch_cnn,Scratch CNN,ood,reach,Reach,color,Color,color_multi,diverse_train,200,1,150,1,1,150,1.0,100.0,150,1.0,100.0,150,1.0,100.0,150,1.0,100.0,0.0012259894737508149,0.0012259894737508149,0.0,0.0,0.008007141783600673,0.008007141783600673,0.0,0.0,257.8066666666667,257.8066666666667,0.0,0.0,0.12259894737508148,0.8007141783600673
scratch_cnn,Scratch CNN,ood,reach,Reach,color,Color,color_red_only,fixed_train,5,3,450,3,1,150,0.3333333333333333,33.33333333333333,150,0.3333333333333333,33.33333333333333,450,1.0,100.0,450,1.0,100.0,0.00908596526986609,0.00908596526986609,0.005161118021442745,0.005840354842838819,0.2938605358865526,0.29386053588655264,0.030961288840995485,0.03503599655574074,400.0,400.0,0.0,0.0,0.908596526986609,29.38605358865526
scratch_cnn,Scratch CNN,ood,reach,Reach,color,Color,color_red_only,fixed_train,20,3,450,3,1,0,0.0,0.0,150,0.3333333333333333,33.33333333333333,450,1.0,100.0,450,1.0,100.0,0.012302076306401028,0.012302076306401026,0.004774663008086403,0.005403039827096529,0.12204194270074369,0.12204194270074369,0.049597708430219864,0.05612509061421698,400.0,400.0,0.0,0.0,1.2302076306401029,12.20419427007437
scratch_cnn,Scratch CNN,ood,reach,Reach,color,Color,color_red_only,fixed_train,50,3,450,3,1,70,0.15555555555555556,15.555555555555555,290,0.6444444444444445,64.44444444444444,450,1.0,100.0,450,1.0,100.0,0.010313437238025169,0.010313437238025169,0.003962218134969637,0.004483671905352964,0.04601854558051047,0.04601854558051047,0.025930901090497265,0.02934357694085919,376.6933333333333,376.6933333333333,40.36833082173864,45.68106666666667,1.031343723802517,4.601854558051047
scratch_cnn,Scratch CNN,ood,reach,Reach,color,Color,color_red_only,fixed_train,100,1,150,1,1,150,1.0,100.0,150,1.0,100.0,150,1.0,100.0,150,1.0,100.0,0.0008763250072176258,0.0008763250072176258,0.0,0.0,0.027649381505325435,0.027649381505325435,0.0,0.0,199.89333333333335,199.89333333333335,0.0,0.0,0.08763250072176258,2.7649381505325437
scratch_cnn,Scratch CNN,ood,reach,Reach,color,Color,color_red_only,fixed_train,200,1,150,1,1,38,0.25333333333333335,25.333333333333336,150,1.0,100.0,150,1.0,100.0,150,1.0,100.0,0.00653435565220813,0.00653435565220813,0.0,0.0,0.022022151425480842,0.022022151425480842,0.0,0.0,400.0,400.0,0.0,0.0,0.653435565220813,2.2022151425480843
scratch_cnn,Scratch CNN,ood,reach,Reach,lighting_direction_intensity,Lighting,lighting_diverse,diverse_train,5,3,450,3,1,0,0.0,0.0,176,0.39111111111111113,39.111111111111114,388,0.8622222222222222,86.22222222222223,450,1.0,100.0,0.011492649585836463,0.011492649585836463,0.002575382143402871,0.0029143192445692137,0.23991073512368732,0.23991073512368732,0.035404169760770335,0.040063589605959286,400.0,400.0,0.0,0.0,1.1492649585836463,23.991073512368732
scratch_cnn,Scratch CNN,ood,reach,Reach,lighting_direction_intensity,Lighting,lighting_diverse,diverse_train,20,3,450,3,1,88,0.19555555555555557,19.555555555555557,212,0.4711111111111111,47.11111111111111,362,0.8044444444444444,80.44444444444444,450,1.0,100.0,0.012532912743174368,0.012532912743174368,0.007846550625283555,0.008879207906806274,0.08464052817059887,0.08464052817059887,0.0703736377528095,0.07963526785285804,400.0,400.0,0.0,0.0,1.2532912743174367,8.464052817059887
scratch_cnn,Scratch CNN,ood,reach,Reach,lighting_direction_intensity,Lighting,lighting_diverse,diverse_train,50,3,450,3,1,62,0.13777777777777778,13.777777777777779,158,0.3511111111111111,35.11111111111111,274,0.6088888888888889,60.88888888888889,362,0.8044444444444444,80.44444444444444,0.039901325946880714,0.03990132594688071,0.03498053760151289,0.03958420468923733,0.09757381922668881,0.0975738192266888,0.09196992927819946,0.10407377231519382,400.0,400.0,0.0,0.0,3.9901325946880712,9.75738192266888
scratch_cnn,Scratch CNN,ood,reach,Reach,lighting_direction_intensity,Lighting,lighting_diverse,diverse_train,100,1,150,1,1,0,0.0,0.0,62,0.41333333333333333,41.333333333333336,150,1.0,100.0,150,1.0,100.0,0.010183663442730903,0.010183663442730903,0.0,0.0,0.1953370507558187,0.1953370507558187,0.0,0.0,400.0,400.0,0.0,0.0,1.0183663442730904,19.53370507558187
scratch_cnn,Scratch CNN,ood,reach,Reach,lighting_direction_intensity,Lighting,lighting_diverse,diverse_train,200,1,150,1,1,28,0.18666666666666668,18.666666666666668,150,1.0,100.0,150,1.0,100.0,150,1.0,100.0,0.005193316855778297,0.005193316855778297,0.0,0.0,0.10220931818087896,0.10220931818087896,0.0,0.0,400.0,400.0,0.0,0.0,0.5193316855778297,10.220931818087896
scratch_cnn,Scratch CNN,ood,reach,Reach,lighting_direction_intensity,Lighting,lighting_fixed,fixed_train,5,3,450,3,1,0,0.0,0.0,0,0.0,0.0,212,0.4711111111111111,47.11111111111111,450,1.0,100.0,0.027859466965827678,0.027859466965827678,0.007206546029897513,0.008154974528965965,0.1666767906480365,0.16667679064803653,0.07801487444177059,0.08828214116911216,400.0,400.0,0.0,0.0,2.785946696582768,16.66767906480365
scratch_cnn,Scratch CNN,ood,reach,Reach,lighting_direction_intensity,Lighting,lighting_fixed,fixed_train,20,3,450,3,1,88,0.19555555555555557,19.555555555555557,176,0.39111111111111113,39.111111111111114,264,0.5866666666666667,58.666666666666664,422,0.9377777777777778,93.77777777777779,0.02176122805931502,0.02176122805931502,0.011190287048963049,0.012663001870454878,0.1613243209156725,0.16132432091567253,0.08082896596247426,0.09146658550323708,400.0,400.0,0.0,0.0,2.176122805931502,16.13243209156725
scratch_cnn,Scratch CNN,ood,reach,Reach,lighting_direction_intensity,Lighting,lighting_fixed,fixed_train,50,3,450,3,1,62,0.13777777777777778,13.777777777777779,212,0.4711111111111111,47.11111111111111,274,0.6088888888888889,60.88888888888889,410,0.9111111111111111,91.11111111111111,0.020581511054188012,0.020581511054188015,0.00951991366741529,0.010772796448346661,0.10368866743312942,0.10368866743312942,0.0633170033393398,0.07164993428760662,400.0,400.0,0.0,0.0,2.0581511054188013,10.368866743312942
scratch_cnn,Scratch CNN,ood,reach,Reach,lighting_direction_intensity,Lighting,lighting_fixed,fixed_train,100,1,150,1,1,0,0.0,0.0,34,0.22666666666666666,22.666666666666664,62,0.41333333333333333,41.333333333333336,62,0.41333333333333333,41.333333333333336,0.06156978273764253,0.06156978273764253,0.0,0.0,0.2116329131523768,0.2116329131523768,0.0,0.0,400.0,400.0,0.0,0.0,6.156978273764253,21.163291315237682
scratch_cnn,Scratch CNN,ood,reach,Reach,lighting_direction_intensity,Lighting,lighting_fixed,fixed_train,200,1,150,1,1,150,1.0,100.0,150,1.0,100.0,150,1.0,100.0,150,1.0,100.0,0.002241270678738753,0.002241270678738753,0.0,0.0,0.017481700231631595,0.017481700231631595,0.0,0.0,400.0,400.0,0.0,0.0,0.22412706787387532,1.7481700231631596
scratch_cnn,Scratch CNN,ood,reach,Reach,spatial_distribution,Spatial distribution,spatial_narrow,narrow_train,5,3,450,3,1,0,0.0,0.0,4,0.008888888888888889,0.8888888888888888,17,0.03777777777777778,3.7777777777777777,50,0.1111111111111111,11.11111111111111,0.13652559077884588,0.13652559077884588,0.001351572525515441,0.0015294482924138588,0.2858193952590227,0.2858193952590227,0.04994459156697292,0.056517625836085154,400.0,400.0,0.0,0.0,13.652559077884588,28.58193952590227
scratch_cnn,Scratch CNN,ood,reach,Reach,spatial_distribution,Spatial distribution,spatial_narrow,narrow_train,20,3,450,3,1,0,0.0,0.0,6,0.013333333333333334,1.3333333333333335,33,0.07333333333333333,7.333333333333333,66,0.14666666666666667,14.666666666666666,0.13334453339378038,0.13334453339378038,0.004224358659210184,0.004780311833735112,0.2694148187732531,0.2694148187732531,0.02994406739186223,0.03388490212387495,400.0,400.0,0.0,0.0,13.334453339378038,26.94148187732531
scratch_cnn,Scratch CNN,ood,reach,Reach,spatial_distribution,Spatial distribution,spatial_narrow,narrow_train,50,3,450,3,1,6,0.013333333333333334,1.3333333333333335,20,0.044444444444444446,4.444444444444445,53,0.11777777777777777,11.777777777777777,92,0.20444444444444446,20.444444444444446,0.13552728175340842,0.13552728175340842,0.0032098131101061882,0.0036322454678096674,0.27570369764127667,0.27570369764127667,0.04564321583074828,0.0516501609752629,400.0,400.0,0.0,0.0,13.552728175340842,27.570369764127665
scratch_cnn,Scratch CNN,ood,reach,Reach,spatial_distribution,Spatial distribution,spatial_narrow,narrow_train,100,1,150,1,1,6,0.04,4.0,17,0.11333333333333333,11.333333333333332,44,0.29333333333333333,29.333333333333332,53,0.35333333333333333,35.333333333333336,0.1279566861083731,0.1279566861083731,0.0,0.0,0.17203257540240885,0.17203257540240885,0.0,0.0,398.2866666666667,398.2866666666667,0.0,0.0,12.79566861083731,17.203257540240884
scratch_cnn,Scratch CNN,ood,reach,Reach,spatial_distribution,Spatial distribution,spatial_narrow,narrow_train,200,1,150,1,1,8,0.05333333333333334,5.333333333333334,19,0.12666666666666668,12.666666666666668,43,0.2866666666666667,28.666666666666668,52,0.3466666666666667,34.66666666666667,0.13076040510243425,0.13076040510243425,0.0,0.0,0.15750700638629497,0.15750700638629497,0.0,0.0,400.0,400.0,0.0,0.0,13.076040510243425,15.750700638629498
scratch_cnn,Scratch CNN,ood,reach,Reach,spatial_distribution,Spatial distribution,spatial_wide,wide_train,5,3,450,3,1,0,0.0,0.0,1,0.0022222222222222222,0.2222222222222222,10,0.022222222222222223,2.2222222222222223,66,0.14666666666666667,14.666666666666666,0.1359696104242984,0.13596961042429836,0.003772423980709614,0.004268899601489786,0.3551154372882512,0.3551154372882512,0.14427156289091134,0.16325864231609233,400.0,400.0,0.0,0.0,13.59696104242984,35.51154372882512
scratch_cnn,Scratch CNN,ood,reach,Reach,spatial_distribution,Spatial distribution,spatial_wide,wide_train,20,3,450,3,1,4,0.008888888888888889,0.8888888888888888,17,0.03777777777777778,3.7777777777777777,59,0.13111111111111112,13.111111111111112,134,0.29777777777777775,29.777777777777775,0.10905668558035461,0.1090566855803546,0.025200912805826578,0.028517517432845793,0.27347760449810365,0.2734776044981037,0.0539427286662598,0.061041943875924556,398.85555555555555,398.85555555555555,1.0044862331523476,1.136683178331251,10.905668558035462,27.347760449810366
scratch_cnn,Scratch CNN,ood,reach,Reach,spatial_distribution,Spatial distribution,spatial_wide,wide_train,50,3,450,3,1,6,0.013333333333333334,1.3333333333333335,22,0.04888888888888889,4.888888888888889,117,0.26,26.0,243,0.54,54.0,0.07073603071712165,0.07073603071712165,0.03219877239511161,0.036436341023390634,0.16023115748539568,0.16023115748539565,0.07317302923357875,0.08280307752583702,400.0,400.0,0.0,0.0,7.0736030717121645,16.023115748539567
scratch_cnn,Scratch CNN,ood,reach,Reach,spatial_distribution,Spatial distribution,spatial_wide,wide_train,100,1,150,1,1,6,0.04,4.0,21,0.14,14.000000000000002,51,0.34,34.0,76,0.5066666666666667,50.66666666666667,0.07407561510646095,0.07407561510646095,0.0,0.0,0.12232842274010182,0.12232842274010182,0.0,0.0,400.0,400.0,0.0,0.0,7.407561510646095,12.232842274010181
scratch_cnn,Scratch CNN,ood,reach,Reach,spatial_distribution,Spatial distribution,spatial_wide,wide_train,200,1,150,1,1,2,0.013333333333333334,1.3333333333333335,10,0.06666666666666667,6.666666666666667,34,0.22666666666666666,22.666666666666664,83,0.5533333333333333,55.333333333333336,0.061728623060820005,0.061728623060820005,0.0,0.0,0.21174370621641478,0.21174370621641478,0.0,0.0,400.0,400.0,0.0,0.0,6.172862306082001,21.17437062164148
